train/policy_loss,train/value_loss,time/time_elapsed,train/n_updates,time/iterations,rollout/ep_rew_mean,time/total_timesteps,train/explained_variance,rollout/ep_len_mean,time/fps,train/entropy_loss,train/learning_rate
1.548333764076233,9.104893684387207,0,99,100,27.77777777777778,500,-0.623967170715332,27.77777777777778,984,-0.6807480454444885,0.0007
1.4031336307525635,4.981675624847412,1,199,200,33.233333333333334,1000,0.26167726516723633,33.233333333333334,961,-0.530981719493866,0.0007
-7.619460105895996,333.2289123535156,1,299,300,32.5,1500,0.09050071239471436,32.5,960,-0.3514713644981384,0.0007
1.6747026443481445,6.455862522125244,2,399,400,33.06666666666667,2000,-9.953975677490234e-05,33.06666666666667,959,-0.5156523585319519,0.0007
1.3694193363189697,5.248385429382324,2,499,500,35.48571428571429,2500,-0.02251720428466797,35.48571428571429,954,-0.5735288262367249,0.0007
1.014331579208374,4.888720512390137,3,599,600,36.629629629629626,3000,-0.010520577430725098,36.629629629629626,958,-0.5703229308128357,0.0007
0.4886930584907532,4.303712368011475,3,699,700,38.2,3500,-0.0011466741561889648,38.2,963,-0.5309524536132812,0.0007
1.074813723564148,3.777252197265625,4,799,800,41.385416666666664,4000,-0.0004968643188476562,41.385416666666664,960,-0.4848124086856842,0.0007
0.7424991726875305,3.236506938934326,4,899,900,43.02040816326531,4500,9.310245513916016e-05,43.02040816326531,958,-0.5846428871154785,0.0007
0.8600112795829773,2.75976824760437,5,999,1000,48.01,5000,0.0009837150573730469,48.01,961,-0.579003632068634,0.0007
0.48466649651527405,2.3104538917541504,5,1099,1100,52.92,5500,0.0008535981178283691,52.92,961,-0.5975509881973267,0.0007
0.5226156711578369,1.9071651697158813,6,1199,1200,57.09,6000,0.0002840757369995117,57.09,961,-0.533505916595459,0.0007
0.4655214250087738,1.5325103998184204,6,1299,1300,60.1,6500,0.0013063549995422363,60.1,957,-0.5090245604515076,0.0007
0.4808517098426819,1.2171529531478882,7,1399,1400,65.7,7000,0.0001264810562133789,65.7,955,-0.6325058341026306,0.0007
0.4181537628173828,0.9346777200698853,7,1499,1500,69.39,7500,-0.00045299530029296875,69.39,952,-0.5742346048355103,0.0007
0.5470978617668152,0.6889838576316833,8,1599,1600,72.5,8000,-0.0012125968933105469,72.5,953,-0.4691023826599121,0.0007
0.35383254289627075,0.47726982831954956,8,1699,1700,74.67,8500,0.0003440976142883301,74.67,955,-0.6070982217788696,0.0007
0.3055899441242218,0.3048068881034851,9,1799,1800,78.89,9000,0.0007929205894470215,78.89,957,-0.5241299271583557,0.0007
0.1722877472639084,0.16669046878814697,9,1899,1900,82.3,9500,-0.0002079010009765625,82.3,958,-0.6460394859313965,0.0007
-23.23925018310547,4845.71533203125,10,1999,2000,88.36,10000,2.384185791015625e-06,88.36,960,-0.5783313512802124,0.0007
0.0669398158788681,0.016733061522245407,10,2099,2100,91.68,10500,0.00023651123046875,91.68,961,-0.6013447046279907,0.0007
0.009802415035665035,0.00044449116103351116,11,2199,2200,95.14,11000,-0.000970005989074707,95.14,960,-0.575825572013855,0.0007
-77.89479064941406,7600.9482421875,11,2299,2300,100.14,11500,7.450580596923828e-06,100.14,959,-0.4766145646572113,0.0007
0.0010535494657233357,1.7749389371601865e-05,12,2399,2400,103.4,12000,-0.04917597770690918,103.4,958,-0.47475719451904297,0.0007
0.000588066061027348,6.275484452089586e-07,13,2499,2500,106.53,12500,0.13442039489746094,106.53,959,-0.42459315061569214,0.0007
0.00027616164879873395,8.569448368689336e-07,13,2599,2600,109.84,13000,0.10962998867034912,109.84,958,-0.5243166089057922,0.0007
0.0005729356780648232,6.84086717228638e-06,14,2699,2700,114.72,13500,-0.013669013977050781,114.72,957,-0.5156717896461487,0.0007
0.0021962185855954885,2.0176847101538442e-05,14,2799,2800,117.4,14000,0.0065531134605407715,117.4,957,-0.44665080308914185,0.0007
0.006877032574266195,0.0001432562421541661,15,2899,2900,119.5,14500,0.1378539800643921,119.5,957,-0.30912554264068604,0.0007
0.012094510719180107,0.0002679114695638418,15,2999,3000,120.21,15000,-0.13700628280639648,120.21,955,-0.34588223695755005,0.0007
-0.0856737270951271,0.021938513964414597,16,3099,3100,118.26,15500,-8.00528621673584,118.26,955,-0.40525174140930176,0.0007
0.16091887652873993,0.029135167598724365,16,3199,3200,112.42,16000,-1.5890083312988281,112.42,954,-0.3247935175895691,0.0007
-17.516796112060547,186.6525115966797,17,3299,3300,106.81,16500,-20.203575134277344,106.81,954,-0.20402519404888153,0.0007
-0.8597673177719116,39.829288482666016,17,3399,3400,101.78,17000,-1.099440336227417,101.78,952,-0.38412541151046753,0.0007
-0.3928987979888916,0.7629767060279846,18,3499,3500,99.27,17500,0.6292685568332672,99.27,952,-0.33954358100891113,0.0007
0.4625219404697418,9.989885330200195,18,3599,3600,98.03,18000,-2.11814284324646,98.03,952,-0.3813040852546692,0.0007
-0.14774878323078156,0.14015665650367737,19,3699,3700,98.64,18500,0.49485576152801514,98.64,953,-0.2725330591201782,0.0007
-10.842416763305664,2031.713623046875,19,3799,3800,97.09,19000,-0.24414706230163574,97.09,953,-0.3706538677215576,0.0007
-86.2217025756836,7902.72509765625,20,3899,3900,89.79,19500,-0.033841609954833984,89.79,953,-0.2372061312198639,0.0007
0.058364830911159515,0.05325419828295708,20,3999,4000,83.01,20000,-762.0438232421875,83.01,952,-0.34399446845054626,0.0007
-0.0006577416206710041,3.43421233992558e-05,21,4099,4100,77.0,20500,0.6720977127552032,77.0,953,-0.3356243968009949,0.0007
0.013190033845603466,0.002137142699211836,22,4199,4200,65.56,21000,-30.318939208984375,65.56,953,-0.44035783410072327,0.0007
0.007047262042760849,0.015486630611121655,22,4299,4300,55.86,21500,-1437.31689453125,55.86,952,-0.3560822606086731,0.0007
0.014286021701991558,0.0010959130013361573,23,4399,4400,38.44,22000,-16.40515899658203,38.44,952,-0.2950281500816345,0.0007
-3.504716157913208,1949.580078125,23,4499,4500,22.5,22500,-0.0009839534759521484,22.5,951,-0.240269735455513,0.0007
0.00550274271517992,0.0002358200727030635,24,4599,4600,19.68,23000,-1.4455718994140625,19.68,952,-0.4710690975189209,0.0007
0.005360810086131096,0.0012624083319678903,24,4699,4700,21.3,23500,-7.052267074584961,21.3,952,-0.366291880607605,0.0007
0.002473140135407448,3.252261012676172e-05,25,4799,4800,24.23,24000,0.501559853553772,24.23,953,-0.4474630355834961,0.0007
0.0008987236069515347,1.5857163816690445e-05,25,4899,4900,27.65,24500,-1.0371599197387695,27.65,952,-0.48028382658958435,0.0007
0.0014673472614958882,2.2323521989164874e-05,26,4999,5000,31.9,25000,-2.2706737518310547,31.9,952,-0.4904240071773529,0.0007
-3.424070358276367,3877.91015625,26,5099,5100,36.29,25500,-0.00028204917907714844,36.29,952,-0.3017438054084778,0.0007
0.001234568888321519,2.2908183382241987e-05,27,5199,5200,40.01,26000,-0.014806032180786133,40.01,951,-0.48568758368492126,0.0007
0.004529550671577454,0.00020157215476501733,27,5299,5300,43.05,26500,-43.5034065246582,43.05,951,-0.5159158110618591,0.0007
0.00240081874653697,5.31925106770359e-05,28,5399,5400,46.84,27000,0.13872599601745605,46.84,952,-0.4642268121242523,0.0007
0.00017472878971602768,1.6373431208194233e-05,28,5499,5500,50.15,27500,-17.51823616027832,50.15,952,-0.5049914121627808,0.0007
0.00867611076682806,0.00023135026276577264,29,5599,5600,53.49,28000,0.3360004425048828,53.49,952,-0.37472206354141235,0.0007
4.419028846314177e-05,2.1444609956233762e-05,29,5699,5700,56.01,28500,0.7854955643415451,56.01,952,-0.4172702431678772,0.0007
-0.004683714359998703,0.0007258423138409853,30,5799,5800,57.63,29000,0.8990619704127312,57.63,952,-0.3058871626853943,0.0007
0.0005130889476276934,0.00011085772712249309,30,5899,5900,59.12,29500,0.9726809244602919,59.12,952,-0.3174367845058441,0.0007
-0.0021047950722277164,0.0010416734730824828,31,5999,6000,60.97,30000,0.9199219346046448,60.97,952,-0.2446683645248413,0.0007
0.001903065829537809,0.0009690619772300124,32,6099,6100,60.61,30500,0.940284963697195,60.61,951,-0.19872155785560608,0.0007
0.0041868239641189575,0.0018329424783587456,32,6199,6200,62.83,31000,0.08134829998016357,62.83,951,-0.33020463585853577,0.0007
-0.0002607267233543098,2.5569693207216915e-06,33,6299,6300,64.79,31500,0.9496158547699451,64.79,951,-0.28044116497039795,0.0007
0.04833297058939934,0.017787232995033264,33,6399,6400,68.14,32000,-6.449000835418701,68.14,951,-0.3044212758541107,0.0007
-0.01365547627210617,0.0018576271831989288,34,6499,6500,72.03,32500,-373.9116516113281,72.03,950,-0.4483489394187927,0.0007
0.03987162932753563,0.003184697823598981,34,6599,6600,75.85,33000,-114.6626205444336,75.85,950,-0.41670364141464233,0.0007
0.00042840541573241353,3.0064164093346335e-05,35,6699,6700,79.23,33500,-9.715834617614746,79.23,949,-0.538861095905304,0.0007
0.0030115009285509586,0.00022250348411034793,35,6799,6800,84.02,34000,-18.16826057434082,84.02,949,-0.45218953490257263,0.0007
0.0014376748586073518,2.769548518699594e-05,36,6899,6900,88.11,34500,-1.9487059116363525,88.11,949,-0.5510187745094299,0.0007
0.00115507235750556,2.3521657567471266e-05,36,6999,7000,92.93,35000,-0.2137010097503662,92.93,949,-0.35187387466430664,0.0007
0.00042907887836918235,7.817393452569377e-06,37,7099,7100,96.37,35500,-0.13867247104644775,96.37,948,-0.5924457311630249,0.0007
-0.0019910179544240236,2.3865175535320304e-05,37,7199,7200,100.51,36000,-135.02503967285156,100.51,947,-0.5747207403182983,0.0007
-0.0020245115738362074,2.3548618628410622e-05,38,7299,7300,104.52,36500,-15.513246536254883,104.52,946,-0.4933847486972809,0.0007
0.0003508047084324062,2.5043032110261265e-06,39,7399,7400,108.55,37000,-1.216343879699707,108.55,946,-0.6010127067565918,0.0007
-0.0003251998277846724,1.0053394134956761e-06,39,7499,7500,113.32,37500,-13.608328819274902,113.32,946,-0.5805448889732361,0.0007
-0.0012704709079116583,7.468112926289905e-06,40,7599,7600,117.43,38000,-1.0043463706970215,117.43,946,-0.5838375091552734,0.0007
-0.004921860061585903,0.00010138794459635392,40,7699,7700,121.43,38500,-246.3620147705078,121.43,946,-0.2857483923435211,0.0007
3.0731172273590346e-07,3.5938575138061424e-07,41,7799,7800,125.43,39000,-2.363678216934204,125.43,946,-0.5502638816833496,0.0007
-0.0001808543602237478,1.0209972742813989e-06,41,7899,7900,130.1,39500,-1.2164242267608643,130.1,946,-0.4891158640384674,0.0007
7.292180089280009e-05,2.9411165769488434e-07,42,7999,8000,134.29,40000,-299.8500061035156,134.29,946,-0.5531337261199951,0.0007
7.783008913975209e-05,5.729729082304402e-07,42,8099,8100,138.26,40500,-1.7121009826660156,138.26,946,-0.4230829179286957,0.0007
-0.0006099310703575611,3.2694078981876373e-06,43,8199,8200,143.04,41000,-73.6448974609375,143.04,946,-0.5204140543937683,0.0007
-1.5226353298203321e-06,3.7392602791896934e-08,43,8299,8300,147.81,41500,-1.826819896697998,147.81,946,-0.5243926644325256,0.0007
2.1954097064735834e-06,1.823646016418934e-07,44,8399,8400,151.73,42000,-47.41120147705078,151.73,946,-0.37747183442115784,0.0007
-0.0002262412162963301,3.311433829367161e-07,44,8499,8500,155.74,42500,-3.359896183013916,155.74,946,-0.4719790518283844,0.0007
-0.00020920566748827696,2.1163141639135574e-07,45,8599,8600,160.4,43000,-96.73690032958984,160.4,946,-0.3990781903266907,0.0007
-0.000778289046138525,6.877002078908845e-07,45,8699,8700,165.15,43500,-6.039223670959473,165.15,946,-0.346240758895874,0.0007
0.00016987051640171558,6.574438771167479e-07,46,8799,8800,169.92,44000,0.30254000425338745,169.92,946,-0.3227554261684418,0.0007
-0.0006477353745140135,1.0843505151569843e-06,47,8899,8900,174.05,44500,-3.850008010864258,174.05,946,-0.4546962380409241,0.0007
-9.731687896419317e-06,5.7811849529798565e-08,47,8999,9000,178.78,45000,-0.9232766628265381,178.78,946,-0.44640880823135376,0.0007
-0.0005078832036815584,1.60315536845701e-07,48,9099,9100,182.86,45500,-0.2738901376724243,182.86,946,-0.25445133447647095,0.0007
2.9981316401972435e-05,1.7869751900434494e-08,48,9199,9200,187.14,46000,-0.8013793230056763,187.14,946,-0.44465380907058716,0.0007
-0.0002803910174407065,2.5414630044906517e-07,49,9299,9300,191.23,46500,-2.4190683364868164,191.23,946,-0.21766789257526398,0.0007
2.8931830456713215e-05,1.849373774120977e-07,49,9399,9400,195.26,47000,-72.29838562011719,195.26,946,-0.2742002606391907,0.0007
-7.97978736954974e-06,1.236330682274911e-08,50,9499,9500,199.23,47500,-4.930000305175781,199.23,946,-0.2790391445159912,0.0007
3.848788037430495e-05,2.0907027931116318e-07,50,9599,9600,203.27,48000,-0.268548846244812,203.27,946,-0.27967533469200134,0.0007
-0.0003108220989815891,6.26023393124342e-07,51,9699,9700,207.6,48500,-0.1970973014831543,207.6,946,-0.41412749886512756,0.0007
7.541063678218052e-05,5.266280140858726e-07,51,9799,9800,211.79,49000,0.3351703882217407,211.79,946,-0.31300315260887146,0.0007
0.0001713675883365795,5.522859396478452e-07,52,9899,9900,215.88,49500,0.34170252084732056,215.88,946,-0.29189467430114746,0.0007
-0.00022890923719387501,9.56468255708387e-08,52,9999,10000,220.52,50000,0.6541288495063782,220.52,946,-0.2571392357349396,0.0007
3.16342557198368e-05,1.92900188267231e-07,53,10099,10100,224.73,50500,0.4054611325263977,224.73,946,-0.2699255049228668,0.0007
1.79163853317732e-05,1.8249265565373207e-07,53,10199,10200,229.11,51000,-0.15934503078460693,229.11,946,-0.27972742915153503,0.0007
-0.0003153071738779545,3.849971221825399e-07,54,10299,10300,233.79,51500,0.6781665682792664,233.79,946,-0.2802392840385437,0.0007
0.00029342068592086434,8.124508781293116e-07,54,10399,10400,238.54,52000,-2.193209648132324,238.54,946,-0.19263312220573425,0.0007
-3.733071935130283e-05,3.1205127015709877e-07,55,10499,10500,243.26,52500,0.47332680225372314,243.26,946,-0.24342016875743866,0.0007
0.00010545866098254919,7.919268796285905e-07,55,10599,10600,247.73,53000,0.34611988067626953,247.73,946,-0.3185526132583618,0.0007
0.0003237254568375647,6.561051009157381e-07,56,10699,10700,252.2,53500,0.41004544496536255,252.2,946,-0.19576378166675568,0.0007
8.442305261269212e-05,1.2346193898338242e-06,57,10799,10800,256.56,54000,0.09575176239013672,256.56,945,-0.2320176362991333,0.0007
-4.837234882870689e-05,6.572226993739605e-07,57,10899,10900,261.14,54500,0.16672414541244507,261.14,945,-0.20760643482208252,0.0007
-9.463894821237773e-05,1.9116559712983872e-07,58,10999,11000,265.71,55000,-0.44249534606933594,265.71,945,-0.28447240591049194,0.0007
-1.6126305126817897e-05,2.3714964925147797e-07,58,11099,11100,270.05,55500,0.5781638920307159,270.05,945,-0.15362140536308289,0.0007
-0.00022815335250925273,3.1481030760005524e-07,59,11199,11200,274.61,56000,-0.3695589303970337,274.61,945,-0.37441307306289673,0.0007
-0.0001343877229373902,2.782326191663742e-07,59,11299,11300,279.33,56500,0.282227098941803,279.33,944,-0.17267750203609467,0.0007
-3.955198189942166e-05,2.0361039076988163e-08,60,11399,11400,284.04,57000,0.7516966015100479,284.04,944,-0.3974429666996002,0.0007
-0.00012865080498158932,1.6092090504571388e-07,60,11499,11500,288.66,57500,-0.26089489459991455,288.66,944,-0.36064305901527405,0.0007
-3.569331602193415e-05,9.3050766736269e-07,61,11599,11600,293.38,58000,-2.1049249172210693,293.38,945,-0.13615158200263977,0.0007
0.0036799218505620956,9.572618000674993e-05,61,11699,11700,299.12,58500,-0.12982666492462158,299.12,945,-0.23867353796958923,0.0007
0.03099345788359642,0.006620989181101322,62,11799,11800,302.23,59000,0.46707797050476074,302.23,945,-0.130286306142807,0.0007
-0.13009756803512573,1780.893310546875,62,11899,11900,304.33,59500,0.04542785882949829,304.33,945,-0.1407810002565384,0.0007
0.005114641971886158,0.007806945592164993,63,11999,12000,306.12,60000,0.048821985721588135,306.12,945,-0.13586969673633575,0.0007
0.004182023461908102,0.0012684704270213842,63,12099,12100,308.98,60500,0.04253357648849487,308.98,945,-0.14514021575450897,0.0007
-4.045668902108446e-05,0.0014386966358870268,64,12199,12200,311.84,61000,-45.17485046386719,311.84,945,-0.016814205795526505,0.0007
-25.467409133911133,9382.224609375,65,12299,12300,314.59,61500,0.0011376142501831055,314.59,945,-0.22817125916481018,0.0007
-0.00010043106885859743,0.0001239979756064713,65,12399,12400,316.27,62000,-0.4880385398864746,316.27,945,-0.04892377927899361,0.0007
-0.0002580496366135776,1.7966656741918996e-05,66,12499,12500,316.84,62500,0.9116127341985703,316.84,945,-0.1743299663066864,0.0007
-0.010948268696665764,0.031797993928194046,66,12599,12600,316.45,63000,-1.2842738628387451,316.45,945,-0.1402154564857483,0.0007
0.0005642234464175999,0.00823887437582016,67,12699,12700,305.83,63500,0.9384754188358784,305.83,945,-0.05862756818532944,0.0007
0.020087961107492447,0.0005336614558473229,67,12799,12800,291.37,64000,0.9983469521394,291.37,945,-0.30025237798690796,0.0007
0.009454534389078617,0.0014577755937352777,68,12899,12900,285.51,64500,0.5532157719135284,285.51,946,-0.19797024130821228,0.0007
-9.466763731325045e-05,1.6804051483632065e-05,68,12999,13000,275.25,65000,0.989201963879168,275.25,945,-0.0876530334353447,0.0007
-4.479582275962457e-05,0.00026416959008201957,69,13099,13100,272.04,65500,0.6691833734512329,272.04,945,-0.03420409560203552,0.0007
4.167691804468632e-05,0.021372884511947632,69,13199,13200,272.04,66000,-21.737150192260742,272.04,946,-0.0031914864666759968,0.0007
0.007024836726486683,0.000611018156632781,70,13299,13300,272.04,66500,-4.8161492347717285,272.04,946,-0.2843157649040222,0.0007
-0.00030614217394031584,4.470412386581302e-05,70,13399,13400,270.16,67000,0.7367206513881683,270.16,946,-0.268321692943573,0.0007
-1.4735511285834946e-05,1.872179609563318e-06,71,13499,13500,264.39,67500,0.963626567274332,264.39,946,-0.05755862593650818,0.0007
-3.4467404930182965e-06,4.747125785797834e-06,71,13599,13600,262.58,68000,-3.9472169876098633,262.58,946,-0.01274322159588337,0.0007
0.0010838612215593457,2.0161037355137523e-06,72,13699,13700,262.58,68500,0.9386327154934406,262.58,946,-0.05829843878746033,0.0007
0.00010290683712810278,3.2302421459462494e-05,72,13799,13800,262.58,69000,-1.0382487773895264,262.58,945,-0.08091392368078232,0.0007
4.93115876452066e-05,1.97934677999001e-05,73,13899,13900,262.58,69500,-8.424386024475098,262.58,945,-0.10776879638433456,0.0007
2.3067588699632324e-05,3.547640403667174e-07,74,13999,14000,262.58,70000,0.7218357622623444,262.58,945,-0.13931865990161896,0.0007
-0.00012630634591914713,3.4395022794342367e-06,74,14099,14100,262.58,70500,0.5427734851837158,262.58,945,-0.19494399428367615,0.0007
0.0004190398321952671,1.6557402204853133e-06,75,14199,14200,262.58,71000,-17.868087768554688,262.58,945,-0.10847274214029312,0.0007
0.001063937321305275,1.0200450560660101e-05,75,14299,14300,262.58,71500,-1.0355823040008545,262.58,945,-0.3745027482509613,0.0007
-0.0009988343808799982,4.191382231510943e-06,76,14399,14400,262.58,72000,-2.954091787338257,262.58,945,-0.16299158334732056,0.0007
0.0004557236679829657,9.264162508770823e-05,76,14499,14500,262.58,72500,-1.2198538780212402,262.58,945,-0.17885340750217438,0.0007
-0.00017143835430033505,3.3259857445955276e-07,77,14599,14600,262.58,73000,-61.523929595947266,262.58,945,-0.26739922165870667,0.0007
-0.00019979178614448756,1.4767050515729352e-06,77,14699,14700,262.58,73500,-32.6442756652832,262.58,945,-0.27080169320106506,0.0007
-0.0007808112422935665,9.350684558739886e-05,78,14799,14800,262.58,74000,-1.3229925632476807,262.58,945,-0.22736263275146484,0.0007
-0.0012461112346500158,3.263709368184209e-05,78,14899,14900,262.58,74500,0.15141057968139648,262.58,945,-0.26445287466049194,0.0007
-3.504849155433476e-05,4.063988853886258e-06,79,14999,15000,262.58,75000,-68.47932434082031,262.58,944,-0.13969871401786804,0.0007
4.9164362280862406e-05,1.0952237516903551e-06,79,15099,15100,262.58,75500,-1.905102252960205,262.58,944,-0.1985447108745575,0.0007
-0.00018817333329934627,1.9773026451730402e-06,80,15199,15200,262.58,76000,-35.53220748901367,262.58,944,-0.2754974067211151,0.0007
0.0005670111859217286,3.4931231311929878e-06,80,15299,15300,262.58,76500,-17.46261978149414,262.58,944,-0.39321404695510864,0.0007
9.49678633332951e-06,1.993263083477359e-07,81,15399,15400,262.58,77000,-20.529998779296875,262.58,944,-0.27807945013046265,0.0007
-0.00016878382302820683,3.671506476621289e-07,82,15499,15500,262.58,77500,-0.12447071075439453,262.58,944,-0.2811545729637146,0.0007
5.8354005886940286e-05,3.0931782930565532e-06,82,15599,15600,262.58,78000,-11.74245834350586,262.58,944,-0.3900395631790161,0.0007
-0.00015235054888762534,2.039782657448086e-06,83,15699,15700,258.13,78500,-20.19132423400879,258.13,944,-0.29412731528282166,0.0007
-0.00010510351421544328,7.636216651007999e-06,83,15799,15800,258.13,79000,-31.043411254882812,258.13,945,-0.19733941555023193,0.0007
0.0006001359433867037,8.793664164841175e-06,84,15899,15900,258.13,79500,-33.1204833984375,258.13,945,-0.43995577096939087,0.0007
-0.0011854133335873485,6.9861184783803765e-06,84,15999,16000,258.13,80000,-8.120482444763184,258.13,945,-0.421637624502182,0.0007
-0.00025667823501862586,2.2785388864576817e-06,85,16099,16100,258.13,80500,-10.913891792297363,258.13,945,-0.36929741501808167,0.0007
0.00010622647823765874,1.5549128420389025e-06,85,16199,16200,258.13,81000,-0.8428858518600464,258.13,944,-0.2646818459033966,0.0007
0.001231675036251545,1.5767687727930024e-05,86,16299,16300,258.13,81500,-16057.7080078125,258.13,944,-0.3935490846633911,0.0007
0.0008857548236846924,7.6189985520613845e-06,86,16399,16400,258.13,82000,-18.23910903930664,258.13,943,-0.38931411504745483,0.0007
-0.00016083283117040992,2.201948154834099e-05,87,16499,16500,258.13,82500,0.1785435676574707,258.13,943,-0.1826552450656891,0.0007
0.0010486453538760543,1.7325568478554487e-05,88,16599,16600,258.13,83000,-111.95884704589844,258.13,942,-0.3945712447166443,0.0007
-0.0003983713104389608,1.371151302009821e-05,88,16699,16700,258.13,83500,-23.818105697631836,258.13,941,-0.2558487057685852,0.0007
-0.0009377772221341729,1.3487076103047002e-05,89,16799,16800,258.13,84000,-2294.87646484375,258.13,940,-0.3936220109462738,0.0007
0.013216689229011536,0.004444479942321777,89,16899,16900,259.05,84500,-11.778766632080078,259.05,939,-0.18703338503837585,0.0007
-0.0028906348161399364,3.701121386257e-05,90,16999,17000,256.96,85000,-3.2596449851989746,256.96,939,-0.35951605439186096,0.0007
-0.0013618387747555971,2.8462474801926874e-05,91,17099,17100,260.87,85500,-54.20854949951172,260.87,939,-0.48306065797805786,0.0007
-0.0005600079894065857,2.8421834940672852e-05,91,17199,17200,264.82,86000,-14.907439231872559,264.82,938,-0.271642804145813,0.0007
-0.002237857785075903,2.274987127748318e-05,92,17299,17300,268.96,86500,-41.9171142578125,268.96,938,-0.4153274595737457,0.0007
-0.002103247446939349,1.9906728994101286e-05,92,17399,17400,273.59,87000,-38.09498977661133,273.59,938,-0.25451231002807617,0.0007
0.0006807976169511676,3.7842684832867235e-05,93,17499,17500,278.09,87500,-42.11433792114258,278.09,937,-0.1974276453256607,0.0007
5.4937496315687895e-05,2.632872110552853e-06,93,17599,17600,282.61,88000,-13.314106941223145,282.61,937,-0.13357871770858765,0.0007
0.00012600223999470472,1.280979449802544e-05,94,17699,17700,287.27,88500,-7.09079647064209,287.27,937,-0.14889436960220337,0.0007
-0.00011526668822625652,7.2259690568898804e-06,94,17799,17800,291.63,89000,-6.276759624481201,291.63,937,-0.2141735553741455,0.0007
-0.007486081216484308,7.736728002782911e-05,95,17899,17900,296.15,89500,-1.6353745460510254,296.15,937,-0.17547953128814697,0.0007
1.4031170394446235e-05,5.003530390013111e-08,96,17999,18000,300.36,90000,-151.08001708984375,300.36,937,-0.22715584933757782,0.0007
0.00018012574582826346,1.5503610484302044e-06,96,18099,18100,304.81,90500,-238.84423828125,304.81,937,-0.375968873500824,0.0007
-0.00082327367272228,2.4444307200610638e-06,97,18199,18200,308.84,91000,-89.98522186279297,308.84,937,-0.29789668321609497,0.0007
0.0003187860711477697,1.911913204821758e-05,97,18299,18300,312.91,91500,-11.641840934753418,312.91,937,-0.20550386607646942,0.0007
0.0012162489583715796,1.0686181667551864e-05,98,18399,18400,316.99,92000,-3.946254253387451,316.99,937,-0.44387611746788025,0.0007
-0.006414034869521856,1.4649738659500144e-05,98,18499,18500,320.99,92500,-165.08840942382812,320.99,936,-0.1725408136844635,0.0007
-0.00032027767156250775,1.6865087673068047e-06,99,18599,18600,324.98,93000,-54.2115478515625,324.98,937,-0.40086978673934937,0.0007
-0.0014260344905778766,5.170016265765298e-06,99,18699,18700,328.93,93500,-1.6078708171844482,328.93,937,-0.2443503886461258,0.0007
-0.0006252223975025117,4.7528651521133725e-06,100,18799,18800,332.83,94000,-0.49695825576782227,332.83,937,-0.4033544957637787,0.0007
2.7911166398553178e-05,5.4226255485900765e-08,100,18899,18900,336.83,94500,-35.99837112426758,336.83,937,-0.28142815828323364,0.0007
-0.0005774025921709836,1.7942744534593658e-06,101,18999,19000,340.92,95000,-33.4271354675293,340.92,937,-0.393856406211853,0.0007
2.8423510229913518e-05,3.5319243352205376e-07,101,19099,19100,344.82,95500,-3.2341785430908203,344.82,937,-0.3919332027435303,0.0007
-1.7574619050719775e-05,2.7267844870948466e-06,102,19199,19200,348.61,96000,-140.0536346435547,348.61,938,-0.3280457854270935,0.0007
-0.0017532485071569681,6.2945882746134885e-06,102,19299,19300,351.82,96500,-221.45472717285156,351.82,937,-0.42097774147987366,0.0007
0.0004412996640894562,8.166709449142218e-05,103,19399,19400,355.64,97000,-27.402957916259766,355.64,937,-0.24439172446727753,0.0007
3.3652879210421816e-05,7.864588042139076e-06,103,19499,19500,359.25,97500,-319.7022705078125,359.25,937,-0.25563758611679077,0.0007
9.205976675730199e-05,3.5753717384068295e-05,104,19599,19600,363.03,98000,-4.528135776519775,363.03,938,-0.12915447354316711,0.0007
-0.002948589390143752,2.0571122149704024e-05,105,19699,19700,366.77,98500,-3.5349059104919434,366.77,938,-0.08633755147457123,0.0007
-3.248051507398486e-05,8.096115379885305e-06,105,19799,19800,370.66,99000,-79.87202453613281,370.66,937,-0.15230242908000946,0.0007
2.774424046947388e-06,3.8208673913686653e-07,106,19899,19900,374.54,99500,nan,374.54,937,-0.06332401931285858,0.0007
-1.072849590855185e-05,7.869675755500793e-08,106,19999,20000,378.35,100000,-1.6046950817108154,378.35,937,-0.1304328441619873,0.0007
7.106115663191304e-05,4.386180080473423e-06,107,20099,20100,382.01,100500,-92.8612289428711,382.01,937,-0.26742634177207947,0.0007
-8.835583867039531e-05,2.4409848720097216e-06,107,20199,20200,385.79,101000,-16.75344467163086,385.79,937,-0.15868523716926575,0.0007
0.0002639984304551035,4.75890692541725e-06,108,20299,20300,389.58,101500,-24.893430709838867,389.58,937,-0.20080602169036865,0.0007
-7.296704097825568e-06,3.0404189033106377e-07,108,20399,20400,393.33,102000,-8.538824081420898,393.33,937,-0.07795342057943344,0.0007
0.0002684500359464437,1.0955683137581218e-05,109,20499,20500,397.03,102500,-1.53129243850708,397.03,937,-0.24540777504444122,0.0007
1.7774911611923017e-05,2.2736494429409504e-06,109,20599,20600,400.72,103000,0.13844269514083862,400.72,938,-0.08776181191205978,0.0007
0.00018340088718105108,9.53194648900535e-06,110,20699,20700,404.51,103500,-5.048986434936523,404.51,938,-0.24515514075756073,0.0007
-1.8890019418904558e-05,1.9308295122755226e-06,110,20799,20800,408.39,104000,-13.374764442443848,408.39,938,-0.2259865552186966,0.0007
-0.004426712170243263,2.067388231807854e-05,111,20899,20900,412.07,104500,-0.3854018449783325,412.07,938,-0.32042747735977173,0.0007
-0.0003623592492658645,1.2323143891990185e-06,111,20999,21000,415.9,105000,-88.19892120361328,415.9,938,-0.330805242061615,0.0007
4.988384171156213e-05,1.2490548897403642e-06,112,21099,21100,419.6,105500,-21.284029006958008,419.6,938,-0.29476088285446167,0.0007
0.00011608599743340164,2.5919521249306854e-06,112,21199,21200,423.42,106000,-0.2385615110397339,423.42,939,-0.2865148186683655,0.0007
-2.7301433874526992e-05,1.648208183269162e-07,113,21299,21300,427.37,106500,-89.73043823242188,427.37,939,-0.24374470114707947,0.0007
0.0016855609137564898,4.1682436858536676e-05,113,21399,21400,431.13,107000,-6.062541961669922,431.13,939,-0.25706419348716736,0.0007
-4.6614477469120175e-06,3.306218331999844e-06,114,21499,21500,434.85,107500,-5.879772186279297,434.85,939,-0.18669231235980988,0.0007
3.153738362016156e-05,5.075708031654358e-08,114,21599,21600,438.61,108000,-3.290797710418701,438.61,939,-0.1810079663991928,0.0007
8.337598842445004e-07,4.7264618885378695e-09,115,21699,21700,442.32,108500,-3.1500000953674316,442.32,939,-0.10134148597717285,0.0007
0.0001596046204213053,1.4774268208839203e-07,116,21799,21800,445.69,109000,-2.7770397663116455,445.69,939,-0.20895545184612274,0.0007
3.144204674754292e-05,3.635417726854939e-07,116,21899,21900,449.1,109500,-4.965676784515381,449.1,939,-0.272877961397171,0.0007
0.0001760084560373798,1.2604053836184903e-06,117,21999,22000,452.8,110000,-3.951051712036133,452.8,939,-0.2515558898448944,0.0007
0.0003746922011487186,4.2157598727499135e-06,117,22099,22100,456.4,110500,-27.911632537841797,456.4,940,-0.4448692202568054,0.0007
8.807566700852476e-06,3.193272135604275e-08,118,22199,22200,459.71,111000,-0.347517728805542,459.71,940,-0.22721824049949646,0.0007
-0.0027000310365110636,5.539576704904903e-06,118,22299,22300,463.06,111500,-0.5588473081588745,463.06,940,-0.17282184958457947,0.0007
3.376141103217378e-05,1.9429601252340944e-06,119,22399,22400,466.27,112000,-3.1911258697509766,466.27,940,-0.18140603601932526,0.0007
1.4651898254669504e-06,6.527407236944782e-08,119,22499,22500,466.27,112500,-1170.39990234375,466.27,940,-0.25364717841148376,0.0007
-9.692423918750137e-05,8.666538633406162e-07,120,22599,22600,466.27,113000,-3782.74755859375,466.27,939,-0.22484943270683289,0.0007
0.00025209906743839383,1.8238904431200353e-06,120,22699,22700,466.27,113500,-2.491722822189331,466.27,938,-0.1409645676612854,0.0007
-1.3264320841699373e-05,1.8998980522155762e-07,121,22799,22800,468.15,114000,-3.0932517051696777,468.15,938,-0.13523152470588684,0.0007
0.0001419564214302227,3.810448106378317e-06,122,22899,22900,471.11,114500,-1.0964202880859375,471.11,938,-0.22636084258556366,0.0007
0.0011385215912014246,5.344627425074577e-06,122,22999,23000,473.92,115000,0.27243125438690186,473.92,937,-0.3604184091091156,0.0007
0.00020150320779066533,1.6151810768860742e-06,123,23099,23100,475.73,115500,-8457.0,475.73,937,-0.3055638074874878,0.0007
-2.69103857135633e-05,5.973503220957355e-07,123,23199,23200,475.73,116000,-453.17877197265625,475.73,937,-0.22779807448387146,0.0007
6.142532220110297e-05,9.658792805566918e-06,124,23299,23300,475.73,116500,-2.0288453102111816,475.73,937,-0.24816679954528809,0.0007
8.006536518223584e-05,3.4742988646030426e-06,124,23399,23400,475.73,117000,-1.601529836654663,475.73,937,-0.30375534296035767,0.0007
6.123624189058319e-05,3.9539298768431763e-07,125,23499,23500,475.73,117500,-6090.06640625,475.73,936,-0.3710341453552246,0.0007
-2.7020336347050034e-05,2.1617975107801612e-06,126,23599,23600,475.73,118000,-1192.392578125,475.73,935,-0.168934628367424,0.0007
-0.0001494333555456251,4.691071922025003e-07,126,23699,23700,475.73,118500,-20.40436363220215,475.73,935,-0.3483876585960388,0.0007
-0.0005399268120527267,9.190407581627369e-07,127,23799,23800,475.73,119000,-3215.93310546875,475.73,935,-0.39224687218666077,0.0007
1.6805240647954633e-06,4.517845866303105e-07,127,23899,23900,475.73,119500,-44.30024337768555,475.73,934,-0.07213886827230453,0.0007
0.0001128416188294068,4.128087383037382e-08,128,23999,24000,475.73,120000,-0.8632256984710693,475.73,934,-0.13345760107040405,0.0007
0.00017194451356772333,7.735681606391154e-07,128,24099,24100,475.73,120500,-7.9953107833862305,475.73,934,-0.2874905467033386,0.0007
1.0271154678775929e-05,2.1699815277997914e-08,129,24199,24200,475.73,121000,-163.2857208251953,475.73,934,-0.3919602036476135,0.0007
-8.8900575065054e-05,3.4552067518234253e-07,130,24299,24300,475.73,121500,-511.9200439453125,475.73,934,-0.4316313862800598,0.0007
2.048495298367925e-05,3.415625471347994e-08,130,24399,24400,475.73,122000,0.08479994535446167,475.73,934,-0.384399950504303,0.0007
-0.00022166009875945747,3.4929252024085145e-07,131,24499,24500,475.73,122500,-1.3204047679901123,475.73,933,-0.24713408946990967,0.0007
1.0303841918357648e-05,1.6417354800069006e-06,131,24599,24600,475.73,123000,-0.4437962770462036,475.73,933,-0.2185066044330597,0.0007
-0.00012205599341541529,1.8472783835932205e-07,132,24699,24700,475.73,123500,-12.66415023803711,475.73,933,-0.3301409184932709,0.0007
-0.00013221157132647932,3.3098041285484214e-07,132,24799,24800,475.73,124000,nan,475.73,933,-0.3201703429222107,0.0007
-8.524900476913899e-05,7.798662693403458e-08,133,24899,24900,475.73,124500,0.5994729995727539,475.73,933,-0.21325941383838654,0.0007
0.0002943424042314291,8.35652485875471e-07,133,24999,25000,475.73,125000,-23.453184127807617,475.73,933,-0.1459120512008667,0.0007
2.308112379978411e-05,9.383074761615262e-09,134,25099,25100,475.73,125500,0.4952777028083801,475.73,933,-0.3861173987388611,0.0007
0.0009790428448468447,2.723676061577862e-06,135,25199,25200,475.73,126000,-15.191276550292969,475.73,932,-0.30337199568748474,0.0007
1.5801413610461168e-05,3.184773902376037e-07,135,25299,25300,480.18,126500,-28.844799041748047,480.18,932,-0.16952325403690338,0.0007
-0.00040828477358445525,1.285993448618683e-06,136,25399,25400,480.18,127000,-0.9481843709945679,480.18,931,-0.4851607382297516,0.0007
0.00030392088228836656,0.0003113099664915353,136,25499,25500,475.52,127500,-875.3463134765625,475.52,931,-0.30314385890960693,0.0007
-0.00027823750860989094,7.494666988350218e-06,137,25599,25600,475.52,128000,-21528.708984375,475.52,931,-0.2997279167175293,0.0007
-0.0008677112637087703,3.8097380183899077e-06,138,25699,25700,475.52,128500,-37.948062896728516,475.52,930,-0.27691012620925903,0.0007
-0.0009700533119030297,5.384138603403699e-06,138,25799,25800,475.52,129000,-480.0638122558594,475.52,930,-0.2462817132472992,0.0007
5.7434757763985544e-05,4.756648650072748e-06,139,25899,25900,475.52,129500,-22.568395614624023,475.52,929,-0.23654624819755554,0.0007
8.339252235600725e-05,3.145122946079937e-06,139,25999,26000,475.52,130000,-5.08111047744751,475.52,929,-0.23486299812793732,0.0007
3.7917452573310584e-05,6.546452823386062e-06,140,26099,26100,475.52,130500,-2.0056750774383545,475.52,929,-0.12960045039653778,0.0007
4.060437640873715e-05,6.293272690527374e-06,140,26199,26200,475.52,131000,-1.0191802978515625,475.52,929,-0.11094440519809723,0.0007
3.5874931199941784e-05,2.1427288174891146e-06,141,26299,26300,475.52,131500,-0.5366154909133911,475.52,929,-0.1480165421962738,0.0007
2.0980191038688645e-05,9.617302794140414e-07,142,26399,26400,475.52,132000,-7.481111526489258,475.52,928,-0.24694189429283142,0.0007
5.5837932450231165e-05,4.078971869603265e-06,142,26499,26500,476.75,132500,-7.095412254333496,476.75,928,-0.21976545453071594,0.0007
0.00010468108666827902,4.649278650958877e-07,143,26599,26600,481.39,133000,-5.413455963134766,481.39,928,-0.11743317544460297,0.0007
4.797895235242322e-05,9.264680329579278e-07,143,26699,26700,486.27,133500,-15.622173309326172,486.27,928,-0.22976383566856384,0.0007
2.2805344997323118e-05,9.875860769170686e-07,144,26799,26800,491.0,134000,-2.2309701442718506,491.0,927,-0.11054076999425888,0.0007
4.143994829064468e-06,1.113524149332079e-06,144,26899,26900,491.0,134500,-0.9148980379104614,491.0,927,-0.03444893658161163,0.0007
9.761890396475792e-05,1.1186348274350166e-06,145,26999,27000,491.0,135000,-1.3390638828277588,491.0,927,-0.2330501526594162,0.0007
-6.643903134317952e-07,2.3248139413567515e-08,146,27099,27100,491.0,135500,-3.2990288734436035,491.0,927,-0.0311993807554245,0.0007
0.0001471996947657317,1.239927996721235e-06,146,27199,27200,491.0,136000,-0.7174475193023682,491.0,927,-0.21766304969787598,0.0007
2.978388874907978e-05,6.36640493212326e-07,147,27299,27300,491.0,136500,-0.04925191402435303,491.0,926,-0.18571534752845764,0.0007
1.448722650820855e-05,7.268972979090904e-08,147,27399,27400,491.0,137000,0.2208440899848938,491.0,926,-0.19784483313560486,0.0007
1.4055862266104668e-05,2.427748313493794e-06,148,27499,27500,491.0,137500,0.10618245601654053,491.0,926,-0.05195040628314018,0.0007
-1.542307472846005e-05,4.940433200317784e-07,149,27599,27600,491.0,138000,-0.6771007776260376,491.0,926,-0.1144501343369484,0.0007
0.00011950364569202065,3.7121353102520516e-07,149,27699,27700,491.0,138500,0.25161415338516235,491.0,925,-0.355342298746109,0.0007
0.0001330390659859404,1.7944257990620827e-07,150,27799,27800,491.0,139000,0.32252705097198486,491.0,925,-0.17227709293365479,0.0007
5.79357219976373e-05,8.051283373333717e-08,150,27899,27900,491.0,139500,-0.31119346618652344,491.0,924,-0.22014287114143372,0.0007
9.752935511642136e-06,8.74279049156712e-09,151,27999,28000,491.0,140000,-1.8879997730255127,491.0,924,-0.26044347882270813,0.0007
-2.909394879679894e-06,3.876630128019087e-09,152,28099,28100,491.0,140500,0.5393750071525574,491.0,923,-0.36746373772621155,0.0007
3.329752871650271e-05,4.946266926708631e-05,152,28199,28200,491.0,141000,-36.35722732543945,491.0,923,-0.052409954369068146,0.0007
-0.0001761342864483595,1.1376757356629241e-05,153,28299,28300,489.52,141500,-150.14031982421875,489.52,923,-0.20884522795677185,0.0007
-0.00012880483700428158,6.312504297056876e-07,153,28399,28400,489.52,142000,-13.190079689025879,489.52,922,-0.26822638511657715,0.0007
-0.00039781839586794376,1.962762326002121e-07,154,28499,28500,489.52,142500,-247.66665649414062,489.52,922,-0.2054002285003662,0.0007
1.3764644108960056e-06,1.1059455573558807e-09,155,28599,28600,489.52,143000,0.4700000286102295,489.52,922,-0.24244758486747742,0.0007
1.0716140423028264e-05,7.062917717348682e-08,155,28699,28700,489.52,143500,-38.05778121948242,489.52,922,-0.24342238903045654,0.0007
-2.048787109742989e-06,2.1024607832487163e-08,156,28799,28800,489.52,144000,-210.53334045410156,489.52,921,-0.2367759495973587,0.0007
-3.645242395577952e-05,1.3577519553109596e-07,156,28899,28900,489.52,144500,-0.19538331031799316,489.52,921,-0.25058671832084656,0.0007
-9.383286669617519e-05,1.6579172097408446e-06,157,28999,29000,489.52,145000,-0.026888608932495117,489.52,921,-0.25257301330566406,0.0007
8.245282515417784e-05,4.2552127865747025e-07,158,29099,29100,489.52,145500,0.10096114873886108,489.52,920,-0.27834954857826233,0.0007
9.710430458653718e-05,7.038004696369171e-06,158,29199,29200,493.86,146000,0.005821824073791504,493.86,920,-0.18008770048618317,0.0007
0.0002446371945552528,9.866314485407202e-07,159,29299,29300,493.86,146500,-0.028834223747253418,493.86,920,-0.22832223773002625,0.0007
0.00017096413648687303,1.2165354746684898e-05,159,29399,29400,455.9,147000,-7.788724899291992,455.9,920,-0.27212947607040405,0.0007
8.49657371873036e-05,2.735992836733203e-07,160,29499,29500,455.9,147500,0.5657990574836731,455.9,920,-0.3365400433540344,0.0007
2.5621324311941862e-05,4.308647589823522e-07,160,29599,29600,455.9,148000,-10.194488525390625,455.9,919,-0.24029593169689178,0.0007
-5.231688078310981e-07,4.357658269782405e-07,161,29699,29700,455.9,148500,-3.106644630432129,455.9,919,-0.2687279284000397,0.0007
7.1679560278425924e-06,2.2826716872259567e-07,162,29799,29800,455.9,149000,-0.6111043691635132,455.9,919,-0.12841545045375824,0.0007
4.348609309090534e-06,3.722263386407576e-07,162,29899,29900,455.9,149500,-2.0730795860290527,455.9,918,-0.06827026605606079,0.0007
-0.0002872626355383545,6.16116437868186e-07,163,29999,30000,455.9,150000,-34.150001525878906,455.9,918,-0.11058516800403595,0.0007
-2.067732384603005e-05,1.0749791101716255e-07,163,30099,30100,455.9,150500,-0.3918725252151489,455.9,917,-0.1567547619342804,0.0007
6.856186519144103e-05,7.204478720268526e-07,164,30199,30200,455.55,151000,-1.4767413139343262,455.55,917,-0.18378505110740662,0.0007
-4.517015622695908e-05,1.1508818431593681e-07,165,30299,30300,455.55,151500,-5.226198196411133,455.55,917,-0.30883318185806274,0.0007
7.883825787757814e-07,1.8766149523230524e-08,165,30399,30400,455.55,152000,0.5207812190055847,455.55,917,-0.07211419194936752,0.0007
-0.00019194086780771613,3.6616111742659996e-07,166,30499,30500,455.55,152500,-1790.9998779296875,455.55,916,-0.33454304933547974,0.0007
-8.971811439550947e-06,4.3372855884626915e-07,166,30599,30600,455.55,153000,-69.71707916259766,455.55,916,-0.0656619518995285,0.0007
-0.00014744536019861698,2.2544990940787102e-07,167,30699,30700,455.55,153500,-329.52001953125,455.55,916,-0.2664157748222351,0.0007
-3.7355734093580395e-05,1.546577550470829e-07,168,30799,30800,455.55,154000,-77.4000015258789,455.55,916,-0.22408337891101837,0.0007
-7.667230966035277e-05,2.3151514483288338e-07,168,30899,30900,455.55,154500,-3.5378336906433105,455.55,916,-0.3324770927429199,0.0007
-0.0002631792158354074,2.8978101340726425e-07,169,30999,31000,455.55,155000,-10.523287773132324,455.55,916,-0.16682517528533936,0.0007
-0.00010602953989291564,1.0421499752055752e-07,169,31099,31100,455.55,155500,-9.316583633422852,455.55,916,-0.20451219379901886,0.0007
-1.710327666160083e-07,1.0710209608078003e-08,170,31199,31200,455.55,156000,-24.53333282470703,455.55,916,-0.029233455657958984,0.0007
-1.8813501583281322e-06,1.51351557065027e-07,170,31299,31300,455.55,156500,-1.650061845779419,455.55,916,-0.034215644001960754,0.0007
9.649917274145992e-07,1.459848153473331e-08,171,31399,31400,455.55,157000,0.5041322410106659,455.55,916,-0.09380678832530975,0.0007
-0.0004756722191814333,1.171603798866272e-06,171,31499,31500,455.55,157500,-0.8333606719970703,455.55,915,-0.31252986192703247,0.0007
2.6344225716457004e-06,6.214249737013233e-08,172,31599,31600,455.55,158000,0.33290839195251465,455.55,915,-0.06392159312963486,0.0007
1.8467808331479318e-06,1.569627841035981e-07,173,31699,31700,455.55,158500,0.4588441848754883,455.55,915,-0.032363880425691605,0.0007
3.123163025975373e-07,1.0849907638998957e-08,173,31799,31800,455.55,159000,0.695857971906662,455.55,915,-0.229253888130188,0.0007
5.754626545240171e-05,3.10747424236979e-07,174,31899,31900,455.55,159500,-0.1937350034713745,455.55,915,-0.24537762999534607,0.0007
9.761394721863326e-06,7.745926495772437e-07,174,31999,32000,455.55,160000,-0.022627592086791992,455.55,914,-0.06600243598222733,0.0007
-4.5507880713557824e-05,8.854549093939568e-08,175,32099,32100,455.55,160500,-13.779797554016113,455.55,914,-0.25630372762680054,0.0007
7.878139876993373e-05,2.825167030096054e-06,176,32199,32200,455.55,161000,-0.656886100769043,455.55,914,-0.21102364361286163,0.0007
0.00034554506419226527,1.965358478628332e-06,176,32299,32300,455.55,161500,0.07188248634338379,455.55,914,-0.17249247431755066,0.0007
3.5810257941193413e-06,3.8964209636560554e-08,177,32399,32400,455.55,162000,-0.03822219371795654,455.55,914,-0.11473119258880615,0.0007
1.7304955690633506e-07,4.784669549451337e-09,177,32499,32500,455.55,162500,-4.199999809265137,455.55,913,-0.2360110580921173,0.0007
2.953984949272126e-05,5.810405241390981e-07,178,32599,32600,455.55,163000,-0.4384995698928833,455.55,913,-0.15201261639595032,0.0007
5.230397073319182e-05,1.2393574877478386e-07,179,32699,32700,455.55,163500,0.10827553272247314,455.55,913,-0.26238030195236206,0.0007
4.957359124091454e-05,1.5915138362743164e-07,179,32799,32800,455.55,164000,0.04107487201690674,455.55,913,-0.2509220838546753,0.0007
0.00019105464161839336,7.46361934034212e-07,180,32899,32900,455.55,164500,-0.017378687858581543,455.55,912,-0.18499508500099182,0.0007
7.432236543536419e-06,1.536100171506405e-07,180,32999,33000,455.55,165000,0.20969164371490479,455.55,912,-0.0934303030371666,0.0007
0.0001823259226512164,2.7502537705004215e-06,181,33099,33100,455.55,165500,-0.07473158836364746,455.55,912,-0.2066446840763092,0.0007
9.277249046135694e-05,2.2121238885119965e-07,181,33199,33200,455.55,166000,0.1621384620666504,455.55,912,-0.22998134791851044,0.0007
0.0003441720036789775,9.790528565645218e-07,182,33299,33300,455.55,166500,-0.034880876541137695,455.55,911,-0.2059638947248459,0.0007
0.00010846860095625743,2.509471869416302e-06,183,33399,33400,455.55,167000,-0.2550607919692993,455.55,911,-0.1790454089641571,0.0007
1.6931389836827293e-05,3.1548552215099335e-07,183,33499,33500,455.55,167500,-0.2963876724243164,455.55,911,-0.14730796217918396,0.0007
7.47056265026913e-06,1.3525132658287475e-07,184,33599,33600,455.55,168000,-0.4361017942428589,455.55,911,-0.09358538687229156,0.0007
0.00013251854397822171,1.3835845038556727e-06,184,33699,33700,455.55,168500,0.09027791023254395,455.55,911,-0.23231764137744904,0.0007
0.00018727316637523472,2.9706862392231415e-07,185,33799,33800,455.55,169000,-0.2782541513442993,455.55,911,-0.1198890209197998,0.0007
5.779990533483215e-05,5.219247896093293e-07,186,33899,33900,455.55,169500,0.194377601146698,455.55,911,-0.20894840359687805,0.0007
0.00015271257143467665,5.045673105996684e-07,186,33999,34000,455.55,170000,-0.1367030143737793,455.55,911,-0.1826275885105133,0.0007
-3.616185892951762e-07,3.7252903539730653e-10,187,34099,34100,455.55,170500,0.8675000071525574,455.55,911,-0.11513149738311768,0.0007
2.629831783451664e-07,1.1944211841807828e-08,187,34199,34200,455.55,171000,-3.2199997901916504,455.55,910,-0.022854261100292206,0.0007
6.08400659984909e-05,2.7014175429940224e-07,188,34299,34300,455.55,171500,0.40918266773223877,455.55,910,-0.19123704731464386,0.0007
5.668518042512005e-06,2.651987642821041e-06,188,34399,34400,455.55,172000,0.12889474630355835,455.55,910,-0.024759428575634956,0.0007
0.00022397162683773786,1.1315453321003588e-06,189,34499,34500,455.55,172500,0.20047122240066528,455.55,910,-0.11853466182947159,0.0007
2.9946089853183366e-05,7.604015763718053e-07,189,34599,34600,455.6,173000,0.0950934886932373,455.6,910,-0.1369604617357254,0.0007
0.00010405304783489555,8.764909580349922e-07,190,34699,34700,460.21,173500,-0.141770601272583,460.21,910,-0.2274796962738037,0.0007
-0.00015342290862463415,1.117063220590353e-06,191,34799,34800,460.21,174000,0.09099215269088745,460.21,910,-0.25021952390670776,0.0007
-2.2382972019840963e-05,1.3751792948824004e-06,191,34899,34900,460.21,174500,0.09327876567840576,460.21,910,-0.09064310789108276,0.0007
0.0001468093105359003,1.0974938504659804e-06,192,34999,35000,460.21,175000,0.016200542449951172,460.21,909,-0.24366304278373718,0.0007
1.9811013771686703e-06,6.860354773152721e-08,192,35099,35100,460.21,175500,-15.567567825317383,460.21,909,-0.07842327654361725,0.0007
-6.422669684980065e-05,3.523891933809864e-08,193,35199,35200,460.21,176000,0.792888879776001,460.21,909,-0.3612341284751892,0.0007
-8.427094144281e-05,5.6193677266946906e-08,194,35299,35300,460.21,176500,0.3130044937133789,460.21,909,-0.36554139852523804,0.0007
-8.735832670936361e-05,2.0156149105332588e-07,194,35399,35400,460.21,177000,0.1322123408317566,460.21,909,-0.2713767886161804,0.0007
1.6052596265581087e-06,1.3102428511047037e-06,195,35499,35500,460.21,177500,-0.23294436931610107,460.21,909,-0.01354873739182949,0.0007
0.00019013986457139254,1.1404742963350145e-06,195,35599,35600,457.02,178000,-0.5280541181564331,457.02,909,-0.34534400701522827,0.0007
2.544821882111137e-06,4.434608911196847e-07,196,35699,35700,451.99,178500,0.8383434414863586,451.99,908,-0.022138645872473717,0.0007
-0.006375380791723728,0.0005111581413075328,196,35799,35800,442.08,179000,0.8416182100772858,442.08,908,-0.1413945108652115,0.0007
-0.00650824373587966,0.004519830457866192,197,35899,35900,427.46,179500,-1.1939685344696045,427.46,908,-0.24499788880348206,0.0007
0.0018502747407183051,0.004029549658298492,198,35999,36000,412.94,180000,0.5609091520309448,412.94,908,-0.13176248967647552,0.0007
0.0001553229958517477,0.00011292674025753513,198,36099,36100,401.74,180500,0.9478071257472038,401.74,908,-0.05520111322402954,0.0007
-0.00022422704205382615,5.3995441703591496e-05,199,36199,36200,384.13,181000,0.9171337187290192,384.13,907,-0.07455596327781677,0.0007
-6.118364581197966e-06,7.530154834967107e-05,200,36299,36300,369.13,181500,0.8881037086248398,369.13,907,-0.009296990931034088,0.0007
5.129613214194251e-07,1.3164198207959998e-05,200,36399,36400,353.67,182000,0.9919693833217025,353.67,907,-0.003360418602824211,0.0007
-0.0004115164338145405,2.172065478589502e-06,201,36499,36500,357.78,182500,0.9971630547661334,357.78,906,-0.13175691664218903,0.0007
-3.2303760235663503e-05,3.2291166007780703e-06,201,36599,36600,356.99,183000,0.9851549854502082,356.99,906,-0.0629693865776062,0.0007
-5.535777063414571e-07,8.94698303000041e-07,202,36699,36700,341.8,183500,0.9961717906408012,341.8,906,-0.004520965740084648,0.0007
-4.16785894685745e-08,3.8615776247752365e-06,202,36799,36800,327.14,184000,0.9967396152205765,327.14,906,-0.000621034181676805,0.0007
-0.00011876666394528002,1.090184105123626e-05,203,36899,36900,312.14,184500,0.9791787974536419,312.14,906,-0.1218537911772728,0.0007
6.826749654464948e-07,1.4637596450484125e-06,204,36999,37000,296.8,185000,0.9999197281940724,296.8,906,-0.0057255965657532215,0.0007
0.00021543819457292557,6.73545291647315e-05,204,37099,37100,281.61,185500,0.9925919049419463,281.61,906,-0.08966309577226639,0.0007
9.933543879014906e-06,5.832745046063792e-06,205,37199,37200,266.66,186000,0.9991567243123427,266.66,906,-0.018769297748804092,0.0007
-1.6091817087726668e-05,2.2261019694269635e-05,205,37299,37300,252.38,186500,0.6488769054412842,252.38,905,-0.021535983309149742,0.0007
-7.845502841519192e-05,0.00030755094485357404,206,37399,37400,242.59,187000,0.3303561210632324,242.59,905,-0.03101850114762783,0.0007
-4.3437612475827336e-05,8.824281394481659e-08,207,37499,37500,236.51,187500,0.9989152329508215,236.51,905,-0.2904817759990692,0.0007
0.00019409184460528195,2.4202909116866067e-05,207,37599,37600,230.81,188000,0.995413426309824,230.81,905,-0.0967501848936081,0.0007
3.7668584695893514e-07,5.845539362780983e-06,208,37699,37700,221.08,188500,0.9993925892631523,221.08,905,-0.0015650599962100387,0.0007
-1.232666090800194e-05,6.217358077265089e-06,208,37799,37800,211.76,189000,0.9961952022276819,211.76,905,-0.019248925149440765,0.0007
6.376946112141013e-05,0.00020202077575959265,209,37899,37900,205.71,189500,0.9815667849034071,205.71,905,-0.029807250946760178,0.0007
-4.4196123781148344e-05,2.320042040082626e-05,209,37999,38000,196.72,190000,0.9831643328070641,196.72,905,-0.043503303080797195,0.0007
0.00011000917584169656,9.346481965621933e-05,210,38099,38100,187.44,190500,-1.7517986297607422,187.44,904,-0.07498516142368317,0.0007
0.0003432355588302016,1.3843702618032694e-05,211,38199,38200,182.43,191000,0.0827588438987732,182.43,904,-0.2770513594150543,0.0007
3.478529890799109e-07,8.705875188752543e-06,211,38299,38300,180.43,191500,0.3092566132545471,180.43,904,-0.006363636814057827,0.0007
-0.0009649492567405105,2.0051351384609006e-05,212,38399,38400,179.44,192000,0.5743626058101654,179.44,904,-0.326221227645874,0.0007
-0.012727986089885235,56.72090530395508,212,38499,38500,179.37,192500,-2.4331014156341553,179.37,904,-0.022816132754087448,0.0007
-0.0002434371563140303,7.777323844493367e-06,213,38599,38600,175.61,193000,0.987115940079093,175.61,904,-0.20983760058879852,0.0007
9.891346417134628e-05,8.624832844361663e-05,213,38699,38700,170.43,193500,0.9784310534596443,170.43,904,-0.05150458961725235,0.0007
7.634433131897822e-06,0.0002935557276941836,214,38799,38800,163.18,194000,-0.9604263305664062,163.18,904,-0.004999943543225527,0.0007
-8.010974124772474e-05,6.13147858530283e-06,215,38899,38900,162.56,194500,0.9098439812660217,162.56,904,-0.11841211467981339,0.0007
1.4940179653422092e-06,8.279916073661298e-05,215,38999,39000,163.66,195000,-91.69989776611328,163.66,904,-0.0022652989719063044,0.0007
-5.263627755880407e-08,9.399606142324046e-07,216,39099,39100,165.52,195500,0.9995005087694153,165.52,904,-0.0007132434984669089,0.0007
-0.0008603330934420228,9.370851330459118e-06,216,39199,39200,168.54,196000,0.18857383728027344,168.54,904,-0.34547582268714905,0.0007
8.607370546087623e-06,1.690525095909834e-06,217,39299,39300,170.55,196500,0.9977246075868607,170.55,904,-0.030845239758491516,0.0007
-2.30674731938052e-06,1.0216608359314705e-07,217,39399,39400,172.83,197000,0.9556444622576237,172.83,904,-0.12235128879547119,0.0007
-7.613274647155777e-05,1.5897419871180318e-05,218,39499,39500,176.48,197500,0.9746508970856667,176.48,904,-0.06323503702878952,0.0007
5.076520210423041e-06,9.983719792217016e-06,219,39599,39600,179.2,198000,0.8731083273887634,179.2,904,-0.02587558701634407,0.0007
-0.002262167166918516,2.829472032317426e-05,219,39699,39700,182.84,198500,-5.222877025604248,182.84,904,-0.20177629590034485,0.0007
-0.0003923889307770878,6.502831638499629e-06,220,39799,39800,186.43,199000,-33.830665588378906,186.43,903,-0.20172353088855743,0.0007
-0.003406703006476164,6.946444045752287e-06,220,39899,39900,190.12,199500,-23.080278396606445,190.12,903,-0.02760986052453518,0.0007
5.853823313373141e-05,5.589518877968658e-06,221,39999,40000,193.89,200000,-101.68944549560547,193.89,903,-0.3657018542289734,0.0007
