time/total_timesteps,train/learning_rate,time/time_elapsed,time/episodes,train/n_updates,rollout/ep_rew_mean,train/ent_coef_loss,train/ent_coef,rollout/ep_len_mean,train/actor_loss,time/fps,train/critic_loss
6400,0.0003,109,4,6299,-79.723041,-12.54574966430664,0.1515207141637802,1600.0,-27.796133041381836,58,0.018573682755231857
12800,0.0003,221,8,12699,-68.592956625,-20.126869201660156,0.02323521114885807,1600.0,-22.868885040283203,57,0.015440290793776512
13090,0.0003,226,12,12989,-83.00662116666668,-22.99173927307129,0.021427400410175323,1090.8333333333333,-22.73857879638672,57,0.04358573257923126
13361,0.0003,231,16,13260,-91.91626881250001,-14.749273300170898,0.020009486004710197,835.0625,-22.457271575927734,57,51.10609436035156
13613,0.0003,236,20,13512,-97.14345460000001,-15.653765678405762,0.018767938017845154,680.65,-22.265274047851562,57,0.5231660604476929
13883,0.0003,240,24,13782,-100.89972241666668,-11.28652572631836,0.01775112748146057,578.4583333333334,-21.971141815185547,57,1.2897582054138184
14197,0.0003,246,28,14096,-103.39558110714287,-12.634856224060059,0.01673324592411518,507.0357142857143,-22.118505477905273,57,0.35817039012908936
14691,0.0003,254,32,14590,-104.46838481249999,-8.242380142211914,0.015288672409951687,459.09375,-22.47087860107422,57,0.31944704055786133
15047,0.0003,261,36,14946,-105.92779863888887,-5.259044647216797,0.014363741502165794,417.97222222222223,-21.54246711730957,57,1.765899419784546
15813,0.0003,274,40,15712,-107.09547554999999,-6.678179740905762,0.012796898372471333,395.325,-20.633920669555664,57,0.8542234897613525
16308,0.0003,283,44,16207,-108.27986318181816,-0.4776293635368347,0.011936202645301819,370.6363636363636,-20.30779266357422,57,0.677027702331543
16785,0.0003,291,48,16684,-109.08110391666666,-1.590389370918274,0.011279736645519733,349.6875,-17.968639373779297,57,1.1397018432617188
17173,0.0003,298,52,17072,-110.13065674999999,1.0611157417297363,0.01101367175579071,330.25,-17.372236251831055,57,1.1209588050842285
20690,0.0003,359,56,20589,-111.16535241071428,-1.122177004814148,0.011321913450956345,369.4642857142857,-15.283888816833496,57,2.8994932174682617
22418,0.0003,389,60,22317,-112.55976544999999,-1.2888541221618652,0.011391527019441128,373.6333333333333,-12.727712631225586,57,0.48616939783096313
23206,0.0003,402,64,23105,-111.93713804687499,-0.6823179721832275,0.011470972560346127,362.59375,-14.56778335571289,57,0.97994464635849
23828,0.0003,413,68,23727,-111.41762448529413,2.1847877502441406,0.012462670914828777,350.4117647058824,-11.232362747192383,57,4.893679618835449
24262,0.0003,421,72,24161,-111.1093515138889,-0.8900430798530579,0.012548289261758327,336.97222222222223,-12.271612167358398,57,0.5034691095352173
24877,0.0003,431,76,24776,-110.7857442236842,-1.5556507110595703,0.011746974661946297,327.32894736842104,-12.470611572265625,57,0.572879433631897
25460,0.0003,442,80,25359,-110.37015482500001,2.9733352661132812,0.012640791945159435,318.25,-10.459460258483887,57,0.5024352669715881
26194,0.0003,454,84,26093,-109.77018732142857,0.3063817322254181,0.01305472757667303,311.8333333333333,-9.04830551147461,57,0.6672296524047852
32594,0.0003,566,88,32493,-106.78354293181816,-2.320791721343994,0.006942077074199915,370.3863636363636,-6.334167957305908,57,0.5759903192520142
36064,0.0003,626,92,35963,-106.46200969565216,0.1494722068309784,0.0060173883102834225,392.0,-7.139581203460693,57,0.1865563690662384
39483,0.0003,686,96,39382,-105.64727266666667,-2.1826603412628174,0.00516740744933486,411.28125,-5.855011940002441,57,0.25758588314056396
43003,0.0003,747,100,42902,-104.24544076999999,-1.7143399715423584,0.005584468133747578,430.03,-1.7428871393203735,57,0.3908545970916748
44580,0.0003,775,104,44479,-106.08912502000001,-2.248026132583618,0.0051003810949623585,381.8,-3.853419780731201,57,0.2787929177284241
46899,0.0003,816,108,46798,-107.15775044999998,1.5504064559936523,0.00421385420486331,340.99,-1.4564529657363892,57,0.3014080822467804
50541,0.0003,879,112,50440,-105.88727094,1.9637550115585327,0.004253156017512083,374.51,-0.7080667018890381,57,0.27136871218681335
50950,0.0003,886,116,50849,-105.32766662000002,1.9744614362716675,0.004249462392181158,375.89,0.08689212799072266,57,0.3123769164085388
54352,0.0003,945,120,54251,-103.07248846,0.8884328603744507,0.004354058299213648,407.39,-0.14939484000205994,57,0.49209439754486084
57828,0.0003,1005,124,57727,-100.32452672000001,0.00931781530380249,0.004037676379084587,439.45,1.3315141201019287,57,0.33374667167663574
62714,0.0003,1091,128,62613,-96.39397779999999,-1.1133546829223633,0.003630200633779168,485.17,0.6904357671737671,57,0.32643720507621765
66131,0.0003,1151,132,66030,-94.03388391000004,2.84401273727417,0.003627731464803219,514.4,0.45121824741363525,57,0.24447785317897797
72531,0.0003,1263,136,72430,-88.66571461000001,1.8279496431350708,0.003310808911919594,574.84,1.334965705871582,57,0.20110253989696503
78931,0.0003,1377,140,78830,-83.24879655000002,-0.007787346839904785,0.003357257228344679,631.18,2.937875270843506,57,0.20720109343528748
85331,0.0003,1491,144,85230,-78.6133831,1.1081609725952148,0.003289738902822137,690.23,2.485903263092041,57,0.21464002132415771
90587,0.0003,1585,148,90486,-72.57807675000001,3.027588367462158,0.0035507739521563053,738.02,3.7042455673217773,57,0.18400415778160095
95513,0.0003,1673,152,95412,-66.0876652,-0.960450291633606,0.003201431129127741,783.4,1.196128249168396,57,0.1318953037261963
100453,0.0003,1762,156,100352,-59.32828287,-1.0781240463256836,0.0034393297974020243,797.63,1.5786845684051514,57,0.2093493938446045
106853,0.0003,1877,160,106752,-50.230844289999986,1.1707544326782227,0.0033167866058647633,844.35,2.412518262863159,56,0.17834967374801636
113253,0.0003,1991,164,113152,-40.125697089999996,0.6352846622467041,0.0034272968769073486,900.47,0.971258819103241,56,0.15143924951553345
119653,0.0003,2106,168,119552,-29.36368813,0.18670909106731415,0.003820686601102352,958.25,0.40716448426246643,56,0.13745442032814026
124856,0.0003,2200,172,124755,-20.699854089999995,-1.9327248334884644,0.0041773393750190735,1005.94,0.0572684109210968,56,0.12699779868125916
127361,0.0003,2245,176,127260,-15.89827264,2.170506715774536,0.004494250752031803,1024.84,-0.5995987057685852,56,0.16839975118637085
129578,0.0003,2284,180,129477,-11.64297655,1.6745673418045044,0.004548688884824514,1041.18,-0.16691339015960693,56,0.1549270749092102
133506,0.0003,2355,184,133405,-4.799751959999998,2.3933768272399902,0.004763117991387844,1073.12,0.4742123484611511,56,0.2804495394229889
138550,0.0003,2445,188,138449,4.215091070000002,2.0175886154174805,0.005166897550225258,1059.56,-0.7970409393310547,56,0.30604708194732666
144717,0.0003,2556,192,144616,16.45944493,-0.2973260283470154,0.005602204240858555,1086.53,-1.9223783016204834,56,0.3396196961402893
151117,0.0003,2672,196,151016,29.031083669999997,-1.0250741243362427,0.0060753244906663895,1116.34,-4.557518005371094,56,0.19368647038936615
156359,0.0003,2770,200,156258,38.00908967,-2.772902011871338,0.006404780317097902,1133.56,-4.400792121887207,56,0.26336669921875
162633,0.0003,2902,204,162532,53.41688657999999,1.3432104587554932,0.006122582592070103,1180.53,-3.7120418548583984,56,0.8010275363922119
166944,0.0003,3011,208,166843,64.0297648,2.7315616607666016,0.0063879042863845825,1200.45,-4.226241588592529,55,0.23466293513774872
172071,0.0003,3140,212,171970,78.35415284,0.13995417952537537,0.006119182333350182,1215.3,-5.797991752624512,54,0.12668219208717346
176952,0.0003,3282,216,176851,93.8715878,0.6194980144500732,0.006172697525471449,1260.02,-7.299312591552734,53,0.4099079370498657
181850,0.0003,3406,220,181749,107.76242986999999,-0.2752031981945038,0.006091563031077385,1274.98,-8.178153038024902,53,0.09681880474090576
185383,0.0003,3475,224,185282,117.56248916999999,0.9639675617218018,0.006379417609423399,1275.55,-8.599801063537598,53,0.23403212428092957
189017,0.0003,3549,228,188916,126.97802565999999,-0.4155964255332947,0.006379655096679926,1263.03,-7.165307998657227,53,0.22402772307395935
192921,0.0003,3645,232,192820,138.46960508,0.07924111187458038,0.006725267972797155,1267.9,-8.157415390014648,52,1.2365875244140625
194965,0.0003,3688,236,194864,140.48987906,1.7927231788635254,0.006671207025647163,1224.34,-7.026698112487793,52,0.44474148750305176
197962,0.0003,3748,240,197861,146.09090298,-1.1953983306884766,0.006921633146703243,1190.31,-8.641894340515137,52,0.3184796869754791
201090,0.0003,3810,244,200989,151.33158919,-2.239497661590576,0.007268368732184172,1157.59,-10.862192153930664,52,0.22171156108379364
203841,0.0003,3864,248,203740,156.01833345,0.7607553005218506,0.007322029676288366,1132.54,-9.260785102844238,52,0.4213355481624603
207018,0.0003,3927,252,206917,162.6930826,-0.9521850943565369,0.007848337292671204,1115.05,-10.961409568786621,52,0.2202204167842865
209101,0.0003,3968,256,209000,163.55721107000002,0.4059918522834778,0.007964642718434334,1086.48,-10.715425491333008,52,0.2488386482000351
213126,0.0003,4043,260,213025,171.74014576000002,0.5246199369430542,0.007775843609124422,1062.73,-12.490399360656738,52,0.1800898015499115
216160,0.0003,4099,264,216059,173.74086609999998,1.9298149347305298,0.007964221760630608,1029.07,-11.075567245483398,52,0.4897472560405731
219114,0.0003,4154,268,219013,175.12455961000003,0.5356571674346924,0.007911729626357555,994.61,-11.923150062561035,52,0.2439415156841278
222088,0.0003,4227,272,221987,178.74173641,0.3619660437107086,0.007538935169577599,972.32,-12.633225440979004,52,0.1807575523853302
225918,0.0003,4331,276,225817,190.30866311000003,1.811389684677124,0.007789351977407932,985.57,-11.77316951751709,52,10.85871696472168
229819,0.0003,4443,280,229718,202.28468836,0.5994222164154053,0.007595574948936701,1002.41,-12.647472381591797,51,0.18628069758415222
233632,0.0003,4549,284,233531,211.49568162000003,-2.058067798614502,0.007760601118206978,1001.26,-14.322428703308105,51,0.14636185765266418
236440,0.0003,4623,288,236339,212.38738374999997,0.021939396858215332,0.007706800941377878,978.9,-14.12864875793457,51,0.2191324532032013
240193,0.0003,4721,292,240092,216.27777676999997,-3.109562873840332,0.007750933989882469,954.76,-15.484756469726562,50,0.06909187138080597
243832,0.0003,4821,296,243731,219.42017510999992,-0.0044255852699279785,0.007511413190513849,927.15,-15.621445655822754,50,0.35426586866378784
245448,0.0003,4864,300,245347,215.28828678000002,0.11893802881240845,0.007658510468900204,890.89,-14.126008033752441,50,0.23296865820884705
248208,0.0003,4930,304,248107,213.09914219,-0.5337928533554077,0.007819924503564835,855.75,-15.286826133728027,50,0.8031747937202454
252062,0.0003,5025,308,251961,218.07696149999995,2.8659679889678955,0.0077112819999456406,851.18,-13.865803718566895,50,0.28172609210014343
255840,0.0003,5118,312,255739,219.22896721,-0.13676521182060242,0.007571578491479158,837.69,-17.706703186035156,49,0.2781866192817688
259499,0.0003,5205,316,259398,220.19230121,-1.8022325038909912,0.007851379923522472,825.47,-16.443180084228516,49,0.2822032570838928
263119,0.0003,5294,320,263018,221.02935755000007,-1.2282655239105225,0.00815953966230154,812.69,-16.649658203125,49,0.25236326456069946
266716,0.0003,5376,324,266615,225.57485455000003,0.5303629636764526,0.007639580871909857,813.33,-15.858798027038574,49,0.5366349220275879
270358,0.0003,5450,328,270257,229.31421611,0.3561241626739502,0.007672012317925692,813.41,-16.35034942626953,49,0.14143148064613342
273911,0.0003,5520,332,273810,232.22836058000001,-1.856390357017517,0.007871138863265514,809.9,-17.995473861694336,49,0.1509283483028412
277461,0.0003,5588,336,277360,241.83346636000002,-0.5187282562255859,0.008073882199823856,824.96,-18.257097244262695,49,3.323690891265869
280957,0.0003,5652,340,280856,247.86134354,1.7080832719802856,0.007467800285667181,829.95,-16.872934341430664,49,0.10575510561466217
284378,0.0003,5714,344,284277,255.23219085,2.335874080657959,0.007577075622975826,832.88,-16.95018196105957,49,0.6023108959197998
287759,0.0003,5775,348,287658,261.6319996,-0.7314355373382568,0.007840250618755817,839.18,-18.047191619873047,49,0.398867666721344
291141,0.0003,5836,352,291040,265.77652208,-0.945460319519043,0.007857282646000385,841.23,-19.03644371032715,49,2.3960392475128174
294095,0.0003,5889,356,293994,272.67544462,0.0629391223192215,0.007797326426953077,849.94,-19.805727005004883,49,25.360214233398438
297534,0.0003,5951,360,297433,273.08040763,-1.7893412113189697,0.007850908674299717,844.08,-19.591995239257812,49,0.1125694215297699
300963,0.0003,6013,364,300862,277.45164346999996,1.0240681171417236,0.007694081868976355,848.03,-18.899520874023438,50,0.13490042090415955
304395,0.0003,6075,368,304294,281.852223,-0.1593610644340515,0.007932948879897594,852.81,-17.940717697143555,50,0.8268316388130188
307820,0.0003,6137,372,307719,286.20818047,0.4648081362247467,0.007655801251530647,857.32,-19.01015853881836,50,0.23626810312271118
311259,0.0003,6200,376,311158,286.39772538,1.0818090438842773,0.00778592424467206,853.41,-19.659528732299805,50,0.23884645104408264
314692,0.0003,6262,380,314591,286.66046505,-0.5684484243392944,0.007418605033308268,848.73,-18.66185188293457,50,0.13599127531051636
318097,0.0003,6324,384,317996,286.91479692999997,0.654703676700592,0.007854926399886608,844.65,-20.912349700927734,50,0.14225253462791443
321015,0.0003,6376,388,320914,288.03236901,-0.5204111337661743,0.00790430512279272,845.75,-20.328943252563477,50,0.2148367166519165
324500,0.0003,6439,392,324399,288.24853055000005,-0.4122368097305298,0.00775168789550662,843.07,-19.896526336669922,50,0.45241135358810425
327977,0.0003,6502,396,327876,288.45866081,-2.3010008335113525,0.007456972263753414,841.45,-22.70716094970703,50,0.12971904873847961
331429,0.0003,6565,400,331328,298.85539291,0.19314126670360565,0.007959631271660328,859.81,-19.78322410583496,50,0.21879714727401733
334858,0.0003,6627,404,334757,303.12401505,1.5771589279174805,0.0075287469662725925,866.5,-21.189470291137695,50,3.271610736846924
338297,0.0003,6689,408,338196,303.30843733,-0.14131572842597961,0.007507610134780407,862.35,-21.307161331176758,50,0.21337372064590454
341734,0.0003,6751,412,341633,303.48358066000003,-0.4499945044517517,0.007451729383319616,858.94,-21.202138900756836,50,0.27225732803344727
345150,0.0003,6813,416,345049,303.62711959,-2.172518730163574,0.007430627942085266,856.51,-22.787139892578125,50,0.0789819210767746
348604,0.0003,6876,420,348503,303.841312,1.6987872123718262,0.007426926400512457,854.85,-23.33599090576172,50,0.220163494348526
352044,0.0003,6939,424,351943,303.98237819999997,-0.14875724911689758,0.007505315821617842,853.28,-22.632308959960938,50,0.18151170015335083
355487,0.0003,7001,428,355386,304.03576860999993,-1.6471573114395142,0.007300665136426687,851.29,-22.851512908935547,50,0.05217663571238518
358927,0.0003,7063,432,358826,304.15216881,2.0783941745758057,0.007494476158171892,850.16,-22.592491149902344,50,0.11705789715051651
362384,0.0003,7126,436,362283,304.20860674999994,-1.0770407915115356,0.007200689520686865,849.23,-23.686704635620117,50,3.3215174674987793
365815,0.0003,7188,440,365714,304.26327917000003,0.6684125661849976,0.007372995838522911,848.58,-22.813718795776367,50,0.11204107105731964
369216,0.0003,7250,444,369115,304.28717778000004,0.7312020063400269,0.007099062670022249,848.38,-22.173444747924805,50,0.25311851501464844
372565,0.0003,7310,448,372464,304.3336711,0.6368323564529419,0.007273510098457336,848.06,-23.536821365356445,50,0.16586288809776306
375933,0.0003,7371,452,375832,304.37527475999997,-0.7502081394195557,0.007011910900473595,847.92,-24.541589736938477,51,0.11069861054420471
379242,0.0003,7431,456,379141,307.2558481,-0.3583833575248718,0.00707802502438426,851.47,-24.13884162902832,51,0.13544417917728424
382582,0.0003,7491,460,382481,307.24264257,0.31323492527008057,0.006934943608939648,850.48,-23.936962127685547,51,0.11543071269989014
385913,0.0003,7551,464,385812,307.32476302000003,2.722804307937622,0.00666887266561389,849.5,-23.60666847229004,51,0.24265077710151672
389289,0.0003,7612,468,389188,307.37921177,0.5812218189239502,0.006947607267647982,848.94,-24.620567321777344,51,0.20790033042430878
392651,0.0003,7672,472,392550,307.4480106099999,-1.1010046005249023,0.006968825589865446,848.31,-25.321516036987305,51,0.07163536548614502
396035,0.0003,7734,476,395934,307.57181604,1.2765083312988281,0.006884194910526276,847.76,-24.541637420654297,51,0.1757131814956665
399440,0.0003,7795,480,399339,307.6957031399999,-0.11019957065582275,0.006841939873993397,847.48,-25.18231201171875,51,0.07054201513528824
402831,0.0003,7856,484,402730,307.78488587,-0.17059338092803955,0.006775836925953627,847.34,-24.855422973632812,51,3.477970600128174
405593,0.0003,7906,488,405492,307.49408381999996,1.650177240371704,0.007028256542980671,845.78,-25.06064796447754,51,3.937821865081787
408962,0.0003,7967,492,408861,307.56815653,0.6895219087600708,0.007181850261986256,844.62,-24.82085418701172,51,0.314067006111145
412295,0.0003,8028,496,412194,307.63319851,2.5215044021606445,0.00684848427772522,843.18,-24.554000854492188,51,0.16449929773807526
415650,0.0003,8088,500,415549,307.69994118,-1.029915452003479,0.006885909009724855,842.21,-25.653587341308594,51,4.031282424926758
419028,0.0003,8149,504,418927,307.7390496,-0.34330666065216064,0.007034020032733679,841.7,-26.010269165039062,51,0.09562338888645172
422425,0.0003,8210,508,422324,307.81130831999997,-0.5184372067451477,0.007256905548274517,841.28,-25.063289642333984,51,0.13645383715629578
425426,0.0003,8264,512,425325,305.20094905,0.02802819013595581,0.0074150292202830315,836.92,-25.44158935546875,51,0.12670999765396118
428824,0.0003,8326,516,428723,305.22810486,0.12613266706466675,0.007224589120596647,836.74,-25.38534927368164,51,0.7703173160552979
432102,0.0003,8385,520,432001,305.2403806,1.2473900318145752,0.006819111295044422,834.98,-25.656757354736328,51,0.09984572231769562
435369,0.0003,8444,524,435268,305.21555662000003,1.3330628871917725,0.006731315515935421,833.25,-23.85601043701172,51,0.24558709561824799
438706,0.0003,8504,528,438605,305.31029211000003,-1.267701268196106,0.006694520357996225,832.19,-25.529359817504883,51,0.0921701192855835
442039,0.0003,8564,532,441938,305.47609658,1.7468130588531494,0.006377653684467077,831.12,-25.269014358520508,51,0.14318975806236267
445319,0.0003,8624,536,445218,305.62517527,3.6035118103027344,0.006637923885136843,829.35,-26.07401466369629,51,8.067085266113281
448671,0.0003,8685,540,448570,305.77019122999997,0.8150375485420227,0.006868839729577303,828.56,-26.076202392578125,51,4.418695449829102
451681,0.0003,8739,544,451580,303.46390739,0.17651402950286865,0.0070047527551651,824.65,-26.21661949157715,51,0.22785735130310059
455027,0.0003,8799,548,454926,303.57265821,-0.601443886756897,0.0072053056210279465,824.62,-26.681961059570312,51,0.10127571225166321
458362,0.0003,8860,552,458261,303.66832478,-0.8520489931106567,0.007045382633805275,824.29,-27.187023162841797,51,3.4713973999023438
461697,0.0003,8920,556,461596,303.82096633,0.4461578130722046,0.007051540073007345,824.55,-26.487411499023438,51,3.852297306060791
465016,0.0003,8984,560,464915,303.98271866000005,0.02101866900920868,0.007044347934424877,824.34,-27.621007919311523,51,0.12396976351737976
468329,0.0003,9049,564,468228,304.13362159,-1.1103765964508057,0.007029878906905651,824.16,-27.256591796875,51,0.0959409549832344
471671,0.0003,9119,568,471570,304.21105981000005,-0.3379453122615814,0.007178967352956533,823.82,-26.381790161132812,51,0.11448984593153
475004,0.0003,9183,572,474903,304.29067025999996,-0.5905143022537231,0.007346156518906355,823.53,-26.34233856201172,51,0.13468773663043976
478295,0.0003,9255,576,478194,304.38767134,-1.48086416721344,0.006506177596747875,822.6,-27.02430534362793,51,0.28098905086517334
481577,0.0003,9329,580,481476,304.46333658000003,1.1810011863708496,0.006833416875451803,821.37,-28.038440704345703,51,0.08425973355770111
484870,0.0003,9392,584,484769,304.52938437999995,-0.42055660486221313,0.006739904172718525,820.39,-27.141590118408203,51,0.13153068721294403
488137,0.0003,9464,588,488036,308.11119296,0.23116248846054077,0.0070516811683773994,825.44,-26.893651962280273,51,0.18281444907188416
491418,0.0003,9537,592,491317,308.26461775999996,0.3459874987602234,0.007214952725917101,824.56,-26.332048416137695,51,4.228641986846924
494696,0.0003,9613,596,494595,308.36919446,1.0973587036132812,0.006830410100519657,824.01,-26.673425674438477,51,4.099863052368164
497982,0.0003,9690,600,497881,308.46423595,0.6179057359695435,0.0067489249631762505,823.32,-27.063928604125977,51,0.18816179037094116
500576,0.0003,9751,604,500475,302.90382539999996,1.8231388330459595,0.007192532531917095,815.48,-27.26229476928711,51,0.12004081904888153
501940,0.0003,9782,608,501839,291.62200451999996,-1.5827760696411133,0.006787254940718412,795.15,-27.915616989135742,51,0.20990528166294098
505255,0.0003,9861,612,505154,294.44218712,-0.029689719900488853,0.0067261820659041405,798.29,-27.86572265625,51,0.059002965688705444
508598,0.0003,9937,616,508497,294.58802218,0.5843442678451538,0.0074836453422904015,797.74,-27.777795791625977,51,0.23722516000270844
511894,0.0003,10011,620,511793,294.72672566999995,1.4073851108551025,0.006929499562829733,797.92,-27.33568000793457,51,8.669623374938965
515115,0.0003,10082,624,515014,294.84403199,-0.4135854244232178,0.006962318904697895,797.46,-28.013084411621094,51,0.1014765202999115
518364,0.0003,10153,628,518263,294.9638452,-0.6644551753997803,0.007300000637769699,796.58,-28.630020141601562,51,0.17155241966247559
521491,0.0003,10221,632,521390,293.46107073,-0.5025447607040405,0.0070061092264950275,794.52,-27.616249084472656,51,0.13204994797706604
524774,0.0003,10293,636,524673,293.51476574000003,1.6420016288757324,0.0069777765311300755,794.55,-27.33216094970703,50,0.10686559975147247
528048,0.0003,10365,640,527947,293.577385,-1.7752046585083008,0.00682816980406642,793.77,-28.991470336914062,50,0.13603660464286804
531356,0.0003,10438,644,531255,296.04458552,0.7492066621780396,0.006599401589483023,796.75,-26.96836280822754,50,4.439214706420898
534688,0.0003,10510,648,534587,296.07670562,1.1044198274612427,0.006630151532590389,796.61,-28.020368576049805,50,0.20200178027153015
538029,0.0003,10583,652,537928,296.16551233,-2.002189874649048,0.006877655629068613,796.67,-27.458900451660156,50,0.0930095985531807
541353,0.0003,10655,656,541252,296.22858554000004,0.09157723188400269,0.006886906921863556,796.56,-28.170087814331055,50,0.2298986315727234
544636,0.0003,10727,660,544535,296.26560093000006,-0.11653172969818115,0.006641068030148745,796.2,-27.24266242980957,50,4.234874725341797
547885,0.0003,10799,664,547784,296.1724291,2.1258575916290283,0.006802424788475037,795.56,-27.707326889038086,50,4.1720356941223145
551192,0.0003,10871,668,551091,296.20763676,-1.3447766304016113,0.006663271691650152,795.21,-28.746601104736328,50,0.08052633702754974
554494,0.0003,10944,672,554393,296.21479855,-0.5677576065063477,0.0066441879607737064,794.9,-28.901657104492188,50,0.15954677760601044
557717,0.0003,11004,676,557616,296.27208781,0.39860814809799194,0.0064628333784639835,794.22,-27.97281265258789,50,0.17248041927814484
560931,0.0003,11063,680,560830,296.24444203999997,-2.3357632160186768,0.006876793224364519,793.54,-28.98324966430664,50,0.08238377422094345
564174,0.0003,11122,684,564073,296.3093262,2.4279565811157227,0.006748561281710863,793.04,-27.98187255859375,50,0.08009083569049835
567427,0.0003,11182,688,567326,296.32441568999997,-1.1258620023727417,0.006730943452566862,792.9,-28.470699310302734,50,0.06186898052692413
570705,0.0003,11242,692,570604,296.35785941,1.7305103540420532,0.006556233856827021,792.87,-29.394346237182617,50,0.18030953407287598
574005,0.0003,11303,696,573904,296.32955794000003,-0.029396772384643555,0.0066736601293087006,793.09,-29.641029357910156,50,0.14048980176448822
577205,0.0003,11363,700,577104,296.37263059,1.1268222332000732,0.006591551937162876,792.23,-28.871137619018555,50,0.19757723808288574
580446,0.0003,11422,704,580345,302.05270871999994,0.2761459946632385,0.006708318833261728,798.7,-29.397661209106445,50,4.355221748352051
583708,0.0003,11483,708,583607,312.10627687999994,1.7253060340881348,0.006994693074375391,817.68,-28.75841522216797,50,0.6986095309257507
586986,0.0003,11543,712,586885,312.06823468000005,-0.30590593814849854,0.006636674050241709,817.31,-28.368759155273438,50,0.3665197789669037
589908,0.0003,11598,716,589807,309.66622599000004,-0.9328914284706116,0.006911897100508213,813.1,-29.491092681884766,50,0.086527019739151
593189,0.0003,11659,720,593088,309.68436144,-0.10229718685150146,0.0069050053134560585,812.95,-29.162065505981445,50,0.0940362885594368
596443,0.0003,11718,724,596342,309.80460555999997,-1.1577163934707642,0.006799950264394283,813.28,-29.65104866027832,50,0.05794322490692139
599726,0.0003,11777,728,599625,309.75745966,-0.14347371459007263,0.007099912501871586,813.62,-28.28215789794922,50,0.11653850972652435
603031,0.0003,11838,732,602930,311.33470402999995,-1.0761051177978516,0.006745559629052877,815.4,-27.731672286987305,50,4.128170013427734
606287,0.0003,11897,736,606186,311.43284891999997,-1.8364416360855103,0.0066558984108269215,815.13,-29.35455894470215,50,0.14070798456668854
609512,0.0003,11956,740,609411,311.43050993,-1.4844963550567627,0.006323962472379208,814.64,-27.62965202331543,50,0.08438864350318909
612779,0.0003,12015,744,612678,311.47883481,-0.45415446162223816,0.006449128035455942,814.23,-28.825464248657227,50,0.11359312385320663
616002,0.0003,12074,748,615901,311.49194862,-0.8987189531326294,0.006601038388907909,813.14,-29.272157669067383,51,0.07257082313299179
619280,0.0003,12134,752,619179,311.53265007000005,0.504604697227478,0.006778189446777105,812.51,-29.25764274597168,51,0.12489045411348343
622518,0.0003,12192,756,622417,311.53404481999996,-0.058729059994220734,0.006341110449284315,811.65,-29.5755672454834,51,4.459628105163574
625770,0.0003,12252,760,625669,311.61799844,0.5895191431045532,0.006754597648978233,811.34,-28.12670135498047,51,0.2067137360572815
629014,0.0003,12311,764,628913,311.82388459000003,-0.4205092191696167,0.00660146027803421,811.29,-27.927263259887695,51,0.14303778111934662
632291,0.0003,12371,768,632190,311.92168746000004,2.1231465339660645,0.006372902076691389,810.99,-28.839298248291016,51,4.4098920822143555
635528,0.0003,12430,772,635427,312.01854626,0.6576050519943237,0.006726352032274008,810.34,-29.077661514282227,51,0.045704253017902374
638779,0.0003,12489,776,638678,312.05540546000003,0.22603535652160645,0.006627961061894894,810.62,-29.126659393310547,51,0.08000980317592621
642020,0.0003,12548,780,641919,312.12198917999996,-0.3894038200378418,0.006481022108346224,810.89,-28.91928482055664,51,0.0701865702867508
645300,0.0003,12608,784,645199,312.15478316,-0.08096182346343994,0.006489433813840151,811.26,-28.75419807434082,51,0.2246546596288681
648542,0.0003,12667,788,648441,312.19847104,-0.8740557432174683,0.006440449506044388,811.15,-29.967876434326172,51,0.11244313418865204
651762,0.0003,12726,792,651661,312.22469513000004,-0.49658316373825073,0.006214241497218609,810.57,-29.31883430480957,51,0.13773563504219055
654983,0.0003,12785,796,654882,312.34481337,-1.4702554941177368,0.006671245209872723,809.78,-29.52607536315918,51,0.1782262921333313
658192,0.0003,12844,800,658091,312.37372412,-1.736517071723938,0.0066093155182898045,809.87,-31.107044219970703,51,0.11417696624994278
661408,0.0003,12902,804,661307,312.36905957000005,0.10541974008083344,0.00621775072067976,809.62,-30.018543243408203,51,8.360651016235352
664681,0.0003,12962,808,664580,313.76146593,0.1497829556465149,0.006756072863936424,809.73,-29.747190475463867,51,0.08597622811794281
667954,0.0003,13022,812,667853,313.81172083,-0.48377829790115356,0.006104726810008287,809.68,-29.864774703979492,51,0.043581172823905945
671191,0.0003,13081,816,671090,316.28605529,0.49025043845176697,0.0061500342562794685,812.83,-30.236358642578125,51,0.08305023610591888
674451,0.0003,13140,820,674350,316.31696866,-0.9873306155204773,0.0059740375727415085,812.62,-29.237472534179688,51,0.1176595687866211
677696,0.0003,13199,824,677595,316.29862493,0.07504262030124664,0.006631871685385704,812.53,-28.56151008605957,51,0.1131666973233223
680887,0.0003,13258,828,680786,316.38727607,-2.6913280487060547,0.006207610480487347,811.61,-29.8026065826416,51,0.05353637412190437
684107,0.0003,13316,832,684006,316.39398712999997,-1.0063917636871338,0.006726765539497137,810.76,-30.24660301208496,51,0.05752509832382202
687359,0.0003,13375,836,687258,316.38693973,0.05286625027656555,0.00645057950168848,810.72,-30.220287322998047,51,0.09378252923488617
690597,0.0003,13436,840,690496,316.48656938,0.07346796989440918,0.006174761336296797,810.85,-29.497045516967773,51,0.13545288145542145
693836,0.0003,13495,844,693735,316.47781022000004,1.4282324314117432,0.006605078000575304,810.57,-30.732677459716797,51,0.05401166155934334
697060,0.0003,13554,848,696959,316.56560556,0.5744202136993408,0.006246987264603376,810.58,-30.41388702392578,51,0.23298272490501404
700284,0.0003,13613,852,700183,316.53800591,2.473095178604126,0.006173945963382721,810.04,-30.122379302978516,51,0.07068678736686707
703487,0.0003,13671,856,703386,316.52778391,-0.2172672152519226,0.006141040939837694,809.69,-30.641584396362305,51,0.0698237270116806
706684,0.0003,13729,860,706583,316.53846261,0.5112800002098083,0.005956223234534264,809.14,-29.950714111328125,51,0.1667184829711914
709878,0.0003,13788,864,709777,316.46832695000006,0.14872899651527405,0.00591786066070199,808.64,-29.945674896240234,51,4.719086647033691
713096,0.0003,13846,868,712995,316.49088869999997,0.18060478568077087,0.005900196731090546,808.05,-30.316387176513672,51,0.10183344781398773
716346,0.0003,13906,872,716245,316.48644758,-0.1621067076921463,0.0060690902173519135,808.18,-31.030305862426758,51,4.401520729064941
719453,0.0003,13962,876,719352,316.47664413999996,0.3356589674949646,0.005923495627939701,806.74,-30.565366744995117,51,0.05838840454816818
722583,0.0003,14020,880,722482,316.51865197,1.8536189794540405,0.006350054871290922,805.63,-30.13897132873535,51,0.22237670421600342
725777,0.0003,14078,884,725676,316.54405252,2.318798065185547,0.0064504132606089115,804.77,-30.486791610717773,51,8.708061218261719
728979,0.0003,14137,888,728878,316.59493416000004,1.107725739479065,0.006282410118728876,804.37,-30.120792388916016,51,0.17620310187339783
732194,0.0003,14195,892,732093,316.59882312,-1.285688877105713,0.006106118205934763,804.32,-30.167179107666016,51,0.36435574293136597
735382,0.0003,14253,896,735281,316.59437065,-0.4405350387096405,0.0060293711721897125,803.99,-30.145343780517578,51,0.09904685616493225
738246,0.0003,14306,900,738145,314.33481164999995,1.6730923652648926,0.005852715112268925,800.54,-30.946809768676758,51,0.17456184327602386
741407,0.0003,14364,904,741306,314.39993296,-0.9296838641166687,0.0062675392255187035,799.99,-31.040437698364258,51,0.13539175689220428
744569,0.0003,14421,908,744468,314.46889956,0.40400487184524536,0.00609636353328824,798.88,-30.712547302246094,51,0.07551202178001404
747692,0.0003,14478,912,747591,314.45607352999997,0.052838146686553955,0.006364693399518728,797.38,-29.66632843017578,51,0.10759835690259933
750422,0.0003,14528,916,750321,311.4585199,-1.1340417861938477,0.0062835547141730785,792.31,-31.47870635986328,51,0.06052318960428238
753589,0.0003,14586,920,753488,311.453547,1.6451518535614014,0.006084517575800419,791.38,-29.147228240966797,51,0.18311069905757904
756715,0.0003,14643,924,756614,311.52072386,1.0694557428359985,0.006342156790196896,790.19,-28.64547348022461,51,0.11617552489042282
759842,0.0003,14701,928,759741,311.58105556000004,-0.6184861063957214,0.006107982248067856,789.55,-30.961633682250977,51,0.04067457839846611
762996,0.0003,14758,932,762895,311.65041725000003,0.2952158749103546,0.0063360449858009815,788.89,-31.506282806396484,51,0.07238098978996277
766139,0.0003,14816,936,766038,311.71514658,2.2796683311462402,0.00631736172363162,787.8,-31.066139221191406,51,0.041091252118349075
769299,0.0003,14873,940,769198,311.7005293,-0.15227589011192322,0.00622552027925849,787.02,-30.03703498840332,51,0.1856996864080429
772404,0.0003,14930,944,772303,311.79580073000005,-1.0396605730056763,0.006293053738772869,785.68,-30.86693000793457,51,0.02737627923488617
775514,0.0003,14987,948,775413,311.83023488,-0.14654678106307983,0.00635997299104929,784.54,-31.523632049560547,51,0.11609737575054169
778675,0.0003,15044,952,778574,311.86914259,1.3475028276443481,0.006266854703426361,783.91,-30.580280303955078,51,0.5158772468566895
781833,0.0003,15102,956,781732,311.93766763,-0.1911374032497406,0.006079885642975569,783.46,-30.44349479675293,51,0.11205174028873444
785012,0.0003,15159,960,784911,311.93492799,0.30800920724868774,0.006613385397940874,783.28,-30.53152847290039,51,0.051140762865543365
788142,0.0003,15218,964,788041,311.95656370000006,1.2998334169387817,0.006297907792031765,782.64,-29.673097610473633,51,4.092737197875977
791235,0.0003,15276,968,791134,312.01508738,0.9677237272262573,0.006444559898227453,781.39,-30.44911003112793,51,0.2249429076910019
794356,0.0003,15333,972,794255,312.07783223,-1.029917597770691,0.00608137296512723,780.1,-31.535011291503906,51,0.05724860727787018
797453,0.0003,15390,976,797352,312.10059141,0.7504935264587402,0.005930289626121521,780.0,-31.70157241821289,51,0.06552524864673615
800558,0.0003,15446,980,800457,312.10686836,1.013566255569458,0.006343251559883356,779.75,-30.793127059936523,51,4.672943115234375
803630,0.0003,15502,984,803529,312.05761026000005,-0.10311184078454971,0.0062304530292749405,778.53,-30.012252807617188,51,0.31005537509918213
806775,0.0003,15560,988,806674,312.08749108000006,-0.2895556688308716,0.006148107815533876,777.96,-30.998241424560547,51,0.13711825013160706
809873,0.0003,15616,992,809772,312.07943248000004,1.0948219299316406,0.006191980559378862,776.79,-31.706117630004883,51,0.08682414889335632
812974,0.0003,15673,996,812873,312.0658187,0.2913687229156494,0.006116133648902178,775.92,-30.940473556518555,51,0.21480461955070496
816059,0.0003,15729,1000,815958,314.37048627,-1.1512482166290283,0.006071267183870077,778.13,-30.80218505859375,51,0.06165806204080582
819169,0.0003,15786,1004,819068,314.39825931,0.03362679481506348,0.006048949901014566,777.62,-31.63260269165039,51,0.048900142312049866
822275,0.0003,15843,1008,822174,314.36295071999996,-0.8712729811668396,0.006231724750250578,777.06,-31.066883087158203,51,0.11098805069923401
825368,0.0003,15899,1012,825267,314.4172416999999,0.5523476600646973,0.006318117957562208,776.76,-31.668685913085938,51,0.1969483196735382
828501,0.0003,15956,1016,828400,317.42179626999996,-0.178732231259346,0.006181678734719753,780.79,-31.573822021484375,51,0.031103210523724556
831603,0.0003,16013,1020,831502,317.48545921,0.20949473977088928,0.0059767900966107845,780.14,-30.852581024169922,51,4.693207740783691
834775,0.0003,16071,1024,834674,317.49321385999997,0.11543543636798859,0.006543781142681837,780.6,-31.89260482788086,51,0.07650744915008545
837900,0.0003,16128,1028,837799,317.51576830999994,-0.219251811504364,0.0056814169511199,780.58,-31.65067481994629,51,0.05704420432448387
841038,0.0003,16185,1032,840937,317.49213069999996,-1.6476597785949707,0.005935010965913534,780.42,-32.48155212402344,51,0.05103527754545212
844119,0.0003,16241,1036,844018,317.51018726999996,-0.4062719941139221,0.0060274796560406685,779.8,-30.971473693847656,51,0.08002360910177231
847050,0.0003,16295,1040,846949,315.74068826,-0.1277868151664734,0.006339202634990215,777.51,-32.08496856689453,51,0.04406999796628952
850178,0.0003,16353,1044,850077,315.67807722000003,-0.5724135041236877,0.006057458929717541,777.74,-32.03385925292969,51,4.8243184089660645
853294,0.0003,16410,1048,853193,315.69345892,0.17375031113624573,0.006083696149289608,777.8,-31.29546356201172,51,0.05631770193576813
856349,0.0003,16466,1052,856248,315.76866922,-0.059500545263290405,0.0059408750385046005,776.74,-31.977466583251953,52,0.055070631206035614
859449,0.0003,16522,1056,859348,315.76871156,-0.8291897773742676,0.006090598646551371,776.16,-31.659561157226562,52,0.08002887666225433
862521,0.0003,16578,1060,862420,315.8277977,0.6448079347610474,0.005967395380139351,775.09,-30.53499412536621,52,0.1767747700214386
865608,0.0003,16635,1064,865507,315.88762341999995,-0.3828524947166443,0.006132209673523903,774.66,-32.157501220703125,52,0.18067248165607452
868751,0.0003,16692,1068,868650,315.81879335,0.4486851394176483,0.0062281363643705845,775.16,-31.440265655517578,52,4.831460475921631
871883,0.0003,16749,1072,871782,315.86424323999995,-0.3607962429523468,0.005945004057139158,775.27,-30.437503814697266,52,0.1036907285451889
875001,0.0003,16806,1076,874900,315.94909150999996,-2.5190253257751465,0.006183727644383907,775.48,-32.349464416503906,52,0.03384251147508621
878062,0.0003,16862,1080,877961,315.97683272,1.3936822414398193,0.006234551314264536,775.04,-31.304203033447266,52,0.08476581424474716
881208,0.0003,16919,1084,881107,316.1044034,0.8666667938232422,0.005803661420941353,775.78,-31.83478546142578,52,0.23714575171470642
884279,0.0003,16975,1088,884178,316.07931758,1.2873848676681519,0.006220031064003706,775.04,-31.075016021728516,52,4.372982978820801
887363,0.0003,17033,1092,887262,316.17523189999997,0.35851091146469116,0.00605107331648469,774.9,-31.04576301574707,52,9.202619552612305
890434,0.0003,17089,1096,890333,316.22107125,-0.8628480434417725,0.006352980621159077,774.6,-31.85372543334961,52,0.06345071643590927
892966,0.0003,17135,1100,892865,312.8246608,-0.5443048477172852,0.006100897211581469,769.07,-30.326425552368164,52,0.07858847081661224
896021,0.0003,17191,1104,895920,312.91104181000003,1.239288330078125,0.0062804692424833775,768.52,-30.93318748474121,52,0.11040684580802917
899151,0.0003,17248,1108,899050,312.96144366,-0.9024254083633423,0.006459980271756649,768.76,-31.931074142456055,52,0.14475224912166595
902273,0.0003,17305,1112,902172,312.99955470000003,-0.37373676896095276,0.006238747388124466,769.05,-31.857913970947266,52,0.06283459067344666
905320,0.0003,17360,1116,905219,313.06221261999997,1.1113779544830322,0.006565396673977375,768.19,-32.36627960205078,52,4.085083961486816
908480,0.0003,17418,1120,908379,313.07179142,1.4976708889007568,0.006168219726532698,768.77,-31.57805061340332,52,5.057340621948242
911530,0.0003,17474,1124,911429,313.09652728000003,0.6861405372619629,0.00619953777641058,767.55,-32.315364837646484,52,4.7883195877075195
914602,0.0003,17530,1128,914501,313.09960772,1.3861974477767944,0.00586021039634943,767.02,-31.277673721313477,52,4.890327453613281
917625,0.0003,17585,1132,917524,313.13219181999995,1.3252220153808594,0.006034220103174448,765.87,-31.599132537841797,52,0.21705478429794312
920668,0.0003,17641,1136,920567,313.17638663,-0.7522519826889038,0.006093617063015699,765.49,-31.324176788330078,52,0.13173817098140717
923716,0.0003,17697,1140,923615,314.99382976,-0.006886780261993408,0.006076856981962919,766.66,-32.884918212890625,52,0.05064161866903305
926813,0.0003,17753,1144,926712,315.01842495,1.4382878541946411,0.0059075444005429745,766.35,-32.05836486816406,52,0.1390780806541443
929909,0.0003,17809,1148,929808,314.98956793,0.5485134124755859,0.006092640571296215,766.15,-32.70913314819336,52,0.05181103199720383
932967,0.0003,17865,1152,932866,314.99848996,-0.21057364344596863,0.005806155502796173,766.18,-32.18913269042969,52,4.781031608581543
936036,0.0003,17921,1156,935935,315.08933106999996,2.421895980834961,0.006068818271160126,765.87,-30.842538833618164,52,0.0772084966301918
939043,0.0003,17976,1160,938942,314.04511388000003,1.202765941619873,0.006028212606906891,765.22,-31.10110855102539,52,3.671231985092163
942098,0.0003,18032,1164,941997,314.0921958199999,-0.8670127391815186,0.006003785878419876,764.9,-32.55548858642578,52,4.807018756866455
945155,0.0003,18088,1168,945054,314.15937205,-1.2571628093719482,0.006658780854195356,764.04,-32.925926208496094,52,0.041629258543252945
948184,0.0003,18143,1172,948083,314.17943538000003,-0.33809542655944824,0.006194818299263716,763.01,-32.95585632324219,52,4.0987043380737305
951219,0.0003,18199,1176,951118,314.20705225999995,0.2646147906780243,0.006362924352288246,762.18,-31.622058868408203,52,4.585107803344727
954287,0.0003,18255,1180,954186,314.28082422000006,0.29936760663986206,0.005871376022696495,762.25,-32.26716232299805,52,0.11878933012485504
957347,0.0003,18311,1184,957246,314.29948284,1.4158810377120972,0.006165193859487772,761.39,-32.42335891723633,52,0.20827582478523254
960369,0.0003,18366,1188,960268,314.44715457999996,-1.2786493301391602,0.0059588938020169735,760.9,-31.98285675048828,52,0.5918158888816833
963441,0.0003,18422,1192,963340,314.40965835,-0.14220798015594482,0.006233805324882269,760.78,-32.35505676269531,52,0.11292734742164612
966472,0.0003,18478,1196,966371,314.43420270999997,0.03778025507926941,0.005867441184818745,760.38,-32.61600112915039,52,0.1782757043838501
969522,0.0003,18533,1200,969421,317.90866038,-1.1423250436782837,0.006058273836970329,765.56,-31.691495895385742,52,4.37935733795166
972590,0.0003,18590,1204,972489,317.86799641,0.7974801063537598,0.006031665485352278,765.69,-31.999298095703125,52,4.834420680999756
975629,0.0003,18645,1208,975528,317.90524461,-0.07853109389543533,0.0066648321226239204,764.78,-31.727420806884766,52,0.06842004507780075
978679,0.0003,18701,1212,978578,317.93980142,0.11150218546390533,0.005566583480685949,764.06,-32.759422302246094,52,0.03966635465621948
981745,0.0003,18756,1216,981644,317.89056512999997,-0.5999043583869934,0.00576336495578289,764.25,-32.627723693847656,52,0.14128842949867249
984782,0.0003,18813,1220,984681,317.93133483,0.13118404150009155,0.00598041620105505,763.02,-32.34477996826172,52,0.07421845197677612
987764,0.0003,18867,1224,987663,317.99527438999996,-0.0851428359746933,0.006028804462403059,762.34,-32.539794921875,52,0.09729684889316559
990795,0.0003,18922,1228,990694,318.02343734,0.37352442741394043,0.006031841039657593,761.93,-31.97842025756836,52,0.03828980401158333
993871,0.0003,18979,1232,993770,318.06000908,-0.7575770020484924,0.005920079071074724,762.46,-32.85727310180664,52,0.05631840229034424
996943,0.0003,19035,1236,996842,318.10788858999996,0.8780880570411682,0.00633723521605134,762.75,-32.87990188598633,52,0.1912602186203003
999840,0.0003,19088,1240,999739,316.66566866999995,-0.6903712153434753,0.0058313459157943726,761.24,-33.48090362548828,52,0.032280437648296356
