rollout/ep_len_mean,time/fps,time/total_timesteps,rollout/exploration_rate,time/time_elapsed,rollout/ep_rew_mean,time/episodes,train/loss,train/n_updates,train/learning_rate
27.0,11998,108,0.9948700000000001,0,27.0,4,,,
27.0,9135,216,0.9897400000000003,0,27.0,8,,,
24.416666666666668,9879,293,0.9860824999999995,0,24.416666666666668,12,,,
23.5,8334,376,0.98214,0,23.5,16,,,
24.4,9544,488,0.97682,0,24.4,20,,,
22.75,8627,546,0.974065,0,22.75,24,,,
23.035714285714285,8133,645,0.9693624999999997,0,23.035714285714285,28,,,
22.375,8392,716,0.9659899999999998,0,22.375,32,,,
23.555555555555557,8931,848,0.9597199999999998,0,23.555555555555557,36,,,
23.2,8127,928,0.9559200000000002,0,23.2,40,,,
23.40909090909091,8562,1030,0.9510750000000001,0,23.40909090909091,44,,,
22.979166666666668,8040,1103,0.9476074999999996,0,22.979166666666668,48,,,
22.5,8170,1170,0.9444249999999998,0,22.5,52,,,
22.107142857142858,7926,1238,0.9411949999999998,0,22.107142857142858,56,,,
21.8,7870,1308,0.9378700000000001,0,21.8,60,,,
21.546875,7915,1379,0.9344975000000002,0,21.546875,64,,,
21.323529411764707,7968,1450,0.9311250000000002,0,21.323529411764707,68,,,
21.930555555555557,7855,1579,0.9249975000000001,0,21.930555555555557,72,,,
23.06578947368421,8004,1753,0.9167324999999997,0,23.06578947368421,76,,,
22.8,7964,1824,0.9133599999999998,0,22.8,80,,,
22.821428571428573,7953,1917,0.9089425000000004,0,22.821428571428573,84,,,
23.147727272727273,7987,2037,0.9032425000000001,0,23.147727272727273,88,,,
23.358695652173914,8232,2149,0.8979225,0,23.358695652173914,92,,,
23.5625,8029,2262,0.8925549999999995,0,23.5625,96,,,
23.89,8302,2389,0.8865225000000002,0,23.89,100,,,
23.47,8031,2455,0.8833874999999997,0,23.47,104,,,
23.15,8119,2531,0.8797775000000003,0,23.15,108,,,
23.37,8023,2630,0.875075,0,23.37,112,,,
23.26,8094,2702,0.8716549999999998,0,23.26,116,,,
22.94,8104,2782,0.8678550000000003,0,22.94,120,,,
23.22,7969,2868,0.8637699999999998,0,23.22,124,,,
23.15,8089,2960,0.8593999999999997,0,23.15,128,,,
23.18,7946,3034,0.8558849999999999,0,23.18,132,,,
22.66,7927,3114,0.8520850000000003,0,22.66,136,,,
22.65,8026,3193,0.8483324999999999,0,22.65,140,,,
22.7,8084,3300,0.8432500000000004,0,22.7,144,,,
22.73,7931,3376,0.8396399999999999,0,22.73,148,,,
22.82,7997,3452,0.8360299999999995,0,22.82,152,,,
22.73,7873,3511,0.8332275000000001,0,22.73,156,,,
23.01,7881,3609,0.8285725000000003,0,23.01,160,,,
23.02,7934,3681,0.8251525,0,23.02,164,,,
23.45,7966,3795,0.8197375000000003,0,23.45,168,,,
23.06,7881,3885,0.8154624999999998,0,23.06,172,,,
22.21,7869,3974,0.8112349999999995,0,22.21,176,,,
22.07,7849,4031,0.8085274999999996,0,22.07,180,,,
21.86,7822,4103,0.8051075000000005,0,21.86,184,,,
22.3,8042,4267,0.7973175000000001,0,22.3,188,,,
22.08,7952,4357,0.7930425000000005,0,22.08,192,,,
21.74,7869,4436,0.7892900000000003,0,21.74,196,,,
22.05,7986,4594,0.7817849999999996,0,22.05,200,,,
22.06,7881,4661,0.7786024999999999,0,22.06,204,,,
22.06,7876,4737,0.7749925000000004,0,22.06,208,,,
22.25,7993,4855,0.7693874999999996,0,22.25,212,,,
22.06,7869,4908,0.7668699999999999,0,22.06,216,,,
21.91,7859,4973,0.7637824999999998,0,21.91,220,,,
21.74,7893,5042,0.7605050000000004,0,21.74,224,,,
22.29,7887,5189,0.7535225000000001,0,22.29,228,,,
22.39,7876,5273,0.7495325000000004,0,22.39,232,,,
22.52,7873,5366,0.7451149999999999,0,22.52,236,,,
22.4,7851,5433,0.7419325000000001,0,22.4,240,,,
22.71,7980,5571,0.7353775000000004,0,22.71,244,,,
22.7,7867,5646,0.7318150000000002,0,22.7,248,,,
23.44,7932,5796,0.7246900000000001,0,23.44,252,,,
23.49,7916,5860,0.7216500000000001,0,23.49,256,,,
23.23,7873,5932,0.7182299999999998,0,23.23,260,,,
23.5,7869,6031,0.7135274999999996,0,23.5,264,,,
23.38,7873,6133,0.7086824999999994,0,23.38,268,,,
23.16,7899,6201,0.7054525000000005,0,23.16,272,,,
22.91,7844,6265,0.7024124999999997,0,22.91,276,,,
23.38,7857,6369,0.6974724999999999,0,23.38,280,,,
24.11,7976,6514,0.6905850000000002,0,24.11,284,,,
23.34,7881,6601,0.6864525000000006,0,23.34,288,,,
23.53,7954,6710,0.6812750000000003,0,23.53,292,,,
24.07,7914,6843,0.6749575000000001,0,24.07,296,,,
23.68,7922,6962,0.6693049999999999,0,23.68,300,,,
24.3,8014,7091,0.6631775,0,24.3,304,,,
25.33,7964,7270,0.6546750000000001,0,25.33,308,,,
25.16,7888,7371,0.6498775000000003,0,25.16,312,,,
25.41,7920,7449,0.6461725000000003,0,25.41,316,,,
25.39,7893,7512,0.6431799999999996,0,25.39,320,,,
25.31,7851,7573,0.6402824999999996,0,25.31,324,,,
24.27,7831,7616,0.63824,0,24.27,328,,,
24.32,7882,7705,0.6340124999999998,0,24.32,332,,,
24.02,7858,7768,0.6310200000000001,0,24.02,336,,,
24.12,7824,7845,0.6273625000000005,1,24.12,340,,,
23.55,7857,7926,0.6235149999999996,1,23.55,344,,,
23.48,7803,7994,0.6202850000000005,1,23.48,348,,,
22.97,7854,8093,0.6155825000000003,1,22.97,352,,,
22.97,7799,8157,0.6125425000000004,1,22.97,356,,,
22.93,7797,8225,0.6093125000000004,1,22.93,360,,,
23.28,7879,8359,0.6029474999999997,1,23.28,364,,,
23.67,7845,8500,0.5962500000000002,1,23.67,368,,,
23.78,7838,8579,0.5924974999999999,1,23.78,372,,,
24.06,7879,8671,0.5881274999999997,1,24.06,376,,,
23.89,7836,8758,0.583995,1,23.89,380,,,
24.1,7892,8924,0.5761100000000001,1,24.1,384,,,
23.85,7853,8986,0.5731649999999998,1,23.85,388,,,
23.53,7852,9063,0.5695075,1,23.53,392,,,
22.98,7845,9141,0.5658025000000001,1,22.98,396,,,
22.29,7847,9191,0.5634275000000004,1,22.29,400,,,
21.91,7829,9282,0.5591050000000004,1,21.91,404,,,
21.4,7897,9410,0.5530249999999997,1,21.4,408,,,
21.28,7844,9499,0.5487975000000005,1,21.28,412,,,
21.61,7845,9610,0.5435249999999996,1,21.61,416,,,
21.89,7848,9701,0.5392024999999998,1,21.89,420,,,
22.39,7849,9812,0.5339300000000001,1,22.39,424,,,
22.87,7847,9903,0.5296075000000002,1,22.87,428,,,
23.13,7851,10018,0.5241450000000003,1,23.13,432,,,
23.34,7843,10102,0.5201549999999995,1,23.34,436,,,
23.29,7862,10174,0.5167350000000004,1,23.29,440,,,
23.35,7834,10261,0.5126024999999996,1,23.35,444,,,
23.78,7883,10372,0.5073299999999998,1,23.78,448,,,
23.56,7836,10449,0.5036725000000002,1,23.56,452,,,
23.61,7829,10518,0.5003949999999998,1,23.61,456,,,
23.82,7825,10607,0.49616750000000065,1,23.82,460,,,
23.4,7824,10699,0.49179750000000044,1,23.4,464,,,
22.76,7818,10776,0.4881399999999997,1,22.76,468,,,
22.68,7830,10847,0.4847674999999998,1,22.68,472,,,
22.45,7828,10916,0.4814900000000004,1,22.45,476,,,
22.35,7800,10993,0.47783249999999966,1,22.35,480,,,
21.46,7800,11070,0.474175,1,21.46,484,,,
21.81,7835,11167,0.46956750000000036,1,21.81,488,,,
22.03,7801,11266,0.4648650000000001,1,22.03,492,,,
22.58,7861,11399,0.4585474999999999,1,22.58,496,,,
22.93,7815,11484,0.45450999999999986,1,22.93,500,,,
22.93,7814,11575,0.45018749999999996,1,22.93,504,,,
22.79,7859,11689,0.44477250000000035,1,22.79,508,,,
23.28,7838,11827,0.4382174999999996,1,23.28,512,,,
22.77,7826,11887,0.4353674999999999,1,22.77,516,,,
22.7,7824,11971,0.4313775000000002,1,22.7,520,,,
22.39,7846,12051,0.4275775000000006,1,22.39,524,,,
22.5,7826,12153,0.4227325000000004,1,22.5,528,,,
22.32,7858,12250,0.41812499999999975,1,22.32,532,,,
22.48,7824,12350,0.41337500000000027,1,22.48,536,,,
22.76,7857,12450,0.4086249999999998,1,22.76,540,,,
22.78,7824,12539,0.4043975000000005,1,22.78,544,,,
22.49,7846,12621,0.4005025000000003,1,22.49,548,,,
22.49,7841,12698,0.39684499999999956,1,22.49,552,,,
22.4,7807,12758,0.393995,1,22.4,556,,,
23.1,7871,12917,0.3864425,1,23.1,560,,,
22.76,7814,12975,0.38368749999999996,1,22.76,564,,,
22.73,7811,13049,0.3801725,1,22.73,568,,,
22.8,7820,13127,0.37646750000000007,1,22.8,572,,,
22.88,7804,13204,0.3728100000000003,1,22.88,576,,,
22.76,7800,13269,0.3697225000000003,1,22.76,580,,,
22.89,7826,13359,0.3654475000000007,1,22.89,584,,,
22.74,7823,13441,0.3615525000000004,1,22.74,588,,,
22.47,7816,13513,0.3581325000000002,1,22.47,592,,,
22.06,7799,13605,0.3537625000000001,1,22.06,596,,,
22.64,7854,13748,0.3469699999999999,1,22.64,600,,,
23.03,7824,13878,0.3407950000000005,1,23.03,604,,,
22.7,7817,13959,0.3369474999999995,1,22.7,608,,,
22.42,7821,14069,0.33172250000000014,1,22.42,612,,,
22.75,7822,14162,0.3273049999999996,1,22.75,616,,,
22.81,7819,14252,0.32303000000000015,1,22.81,620,,,
22.71,7831,14322,0.31970500000000057,1,22.71,624,,,
22.35,7803,14388,0.31657,1,22.35,628,,,
21.98,7797,14448,0.31372000000000033,1,21.98,632,,,
22.11,7833,14561,0.3083524999999999,1,22.11,636,,,
22.58,7815,14708,0.3013700000000007,1,22.58,640,,,
22.68,7814,14807,0.2966675000000004,1,22.68,644,,,
22.59,7819,14880,0.2931999999999998,1,22.59,648,,,
22.96,7814,14994,0.2877850000000003,1,22.96,652,,,
22.99,7822,15057,0.28479249999999967,1,22.99,656,,,
22.41,7834,15158,0.27999499999999977,1,22.41,660,,,
22.61,7828,15236,0.2762899999999998,1,22.61,664,,,
22.73,7810,15322,0.2722050000000005,1,22.73,668,,,
22.82,7811,15409,0.2680724999999997,1,22.82,672,,,
23.09,7840,15513,0.2631325000000001,1,23.09,676,,,
23.28,7811,15597,0.2591425000000004,1,23.28,680,,,
24.01,7868,15760,0.2514000000000002,2,24.01,684,,,
24.19,7826,15860,0.2466499999999998,2,24.19,688,,,
24.42,7850,15955,0.24213749999999967,2,24.42,692,,,
24.55,7856,16060,0.23714999999999975,2,24.55,696,,,
24.03,7829,16151,0.23282749999999985,2,24.03,700,,,
23.68,7852,16246,0.22831499999999993,2,23.68,704,,,
23.89,7855,16348,0.22346999999999972,2,23.89,708,,,
24.04,7837,16473,0.2175324999999999,2,24.04,712,,,
23.83,7849,16545,0.2141124999999996,2,23.83,716,,,
23.84,7832,16636,0.2097899999999998,2,23.84,720,,,
23.87,7844,16709,0.2063225000000003,2,23.87,724,,,
24.14,7829,16802,0.2019049999999999,2,24.14,728,,,
24.2,7837,16868,0.19877000000000034,2,24.2,732,,,
23.65,7821,16926,0.19601500000000016,2,23.65,736,,,
22.73,7814,16981,0.19340250000000003,2,22.73,740,,,
22.8,7837,17087,0.1883674999999997,2,22.8,744,,,
23.29,7827,17209,0.1825724999999997,2,23.29,748,,,
23.3,7830,17324,0.17710999999999977,2,23.3,752,,,
23.42,7828,17399,0.17354749999999963,2,23.42,756,,,
23.04,7821,17462,0.17055500000000012,2,23.04,760,,,
22.9,7815,17526,0.1675150000000002,2,22.9,764,,,
23.03,7821,17625,0.16281249999999992,2,23.03,768,,,
22.83,7812,17692,0.15963000000000016,2,22.83,772,,,
23.35,7824,17848,0.15222000000000024,2,23.35,776,,,
23.21,7835,17918,0.14889499999999956,2,23.21,780,,,
22.39,7835,17999,0.14504749999999966,2,22.39,784,,,
22.64,7822,18124,0.13910999999999973,2,22.64,788,,,
22.39,7818,18194,0.13578500000000004,2,22.39,792,,,
22.36,7821,18296,0.13094000000000006,2,22.36,796,,,
22.52,7824,18403,0.1258575000000005,2,22.52,800,,,
22.11,7817,18457,0.12329250000000058,2,22.11,804,,,
22.57,7826,18605,0.11626249999999994,2,22.57,808,,,
22.52,7831,18725,0.11056250000000045,2,22.52,812,,,
22.5,7840,18795,0.10723749999999976,2,22.5,816,,,
22.73,7856,18909,0.10182250000000015,2,22.73,820,,,
23.1,7833,19019,0.09659749999999967,2,23.1,824,,,
23.31,7861,19133,0.09118250000000006,2,23.31,828,,,
23.47,7840,19215,0.08728749999999996,2,23.47,832,,,
23.91,7840,19317,0.08244249999999975,2,23.91,836,,,
24.12,7836,19393,0.0788325000000003,2,24.12,840,,,
24.72,7884,19559,0.07094750000000039,2,24.72,844,,,
24.53,7851,19662,0.06605499999999997,2,24.53,848,,,
24.49,7851,19773,0.060782500000000295,2,24.49,852,,,
24.74,7872,19873,0.05603249999999971,2,24.74,856,,,
25.01,7852,19963,0.051757500000000234,2,25.01,860,,,
25.22,7867,20048,0.05,2,25.22,864,,,
24.86,7852,20111,0.05,2,24.86,868,,,
25.44,7849,20236,0.05,2,25.44,872,,,
24.88,7848,20336,0.05,2,24.88,876,,,
24.97,7845,20415,0.05,2,24.97,880,,,
25.07,7856,20506,0.05,2,25.07,884,,,
25.05,7866,20629,0.05,2,25.05,888,,,
25.06,7862,20700,0.05,2,25.06,892,,,
24.93,7852,20789,0.05,2,24.93,896,,,
25.0,7856,20903,0.05,2,25.0,900,,,
25.4,7856,20997,0.05,2,25.4,904,,,
24.73,7857,21078,0.05,2,24.73,908,,,
24.15,7848,21140,0.05,2,24.15,912,,,
24.98,7858,21293,0.05,2,24.98,916,,,
25.02,7861,21411,0.05,2,25.02,920,,,
24.76,7863,21495,0.05,2,24.76,924,,,
24.64,7859,21597,0.05,2,24.64,928,,,
24.87,7880,21702,0.05,2,24.87,932,,,
24.52,7868,21769,0.05,2,24.52,936,,,
24.52,7868,21845,0.05,2,24.52,940,,,
23.93,7856,21952,0.05,2,23.93,944,,,
23.87,7857,22049,0.05,2,23.87,948,,,
24.14,7883,22187,0.05,2,24.14,952,,,
23.98,7866,22271,0.05,2,23.98,956,,,
23.95,7866,22358,0.05,2,23.95,960,,,
23.78,7862,22426,0.05,2,23.78,964,,,
24.35,7871,22546,0.05,2,24.35,968,,,
23.77,7862,22613,0.05,2,23.77,972,,,
23.42,7860,22678,0.05,2,23.42,976,,,
23.58,7866,22773,0.05,2,23.58,980,,,
23.92,7882,22898,0.05,2,23.92,984,,,
23.85,7895,23014,0.05,2,23.85,988,,,
24.25,7876,23125,0.05,2,24.25,992,,,
24.31,7884,23220,0.05,2,24.31,996,,,
24.06,7874,23309,0.05,2,24.06,1000,,,
23.77,7877,23374,0.05,2,23.77,1004,,,
24.32,7878,23510,0.05,2,24.32,1008,,,
24.62,7873,23602,0.05,2,24.62,1012,,,
24.21,7884,23714,0.05,3,24.21,1016,,,
23.85,7876,23796,0.05,3,23.85,1020,,,
24.08,7896,23903,0.05,3,24.08,1024,,,
23.72,7874,23969,0.05,3,23.72,1028,,,
23.44,7876,24046,0.05,3,23.44,1032,,,
23.69,7875,24138,0.05,3,23.69,1036,,,
23.58,7871,24203,0.05,3,23.58,1040,,,
23.87,7877,24339,0.05,3,23.87,1044,,,
23.88,7880,24437,0.05,3,23.88,1048,,,
23.0,7876,24487,0.05,3,23.0,1052,,,
22.93,7871,24564,0.05,3,22.93,1056,,,
22.66,7868,24624,0.05,3,22.66,1060,,,
22.63,7866,24689,0.05,3,22.63,1064,,,
22.16,7861,24762,0.05,3,22.16,1068,,,
22.1,7858,24823,0.05,3,22.1,1072,,,
22.5,7867,24928,0.05,3,22.5,1076,,,
22.7,7864,25043,0.05,3,22.7,1080,,,
22.47,7881,25145,0.05,3,22.47,1084,,,
21.85,7858,25199,0.05,3,21.85,1088,,,
21.38,7856,25263,0.05,3,21.38,1092,,,
21.34,7855,25354,0.05,3,21.34,1096,,,
21.53,7857,25462,0.05,3,21.53,1100,,,
22.1,7863,25584,0.05,3,22.1,1104,,,
21.44,7861,25654,0.05,3,21.44,1108,,,
21.11,7857,25713,0.05,3,21.11,1112,,,
20.83,7856,25797,0.05,3,20.83,1116,,,
21.37,7864,25933,0.05,3,21.37,1120,,,
20.95,7861,25998,0.05,3,20.95,1124,,,
20.94,7859,26063,0.05,3,20.94,1128,,,
21.13,7873,26159,0.05,3,21.13,1132,,,
21.2,7877,26258,0.05,3,21.2,1136,,,
21.57,7863,26360,0.05,3,21.57,1140,,,
21.19,7878,26458,0.05,3,21.19,1144,,,
21.25,7866,26562,0.05,3,21.25,1148,,,
21.51,7874,26638,0.05,3,21.51,1152,,,
21.65,7862,26729,0.05,3,21.65,1156,,,
21.81,7871,26805,0.05,3,21.81,1160,,,
21.95,7859,26884,0.05,3,21.95,1164,,,
22.27,7860,26989,0.05,3,22.27,1168,,,
22.44,7857,27067,0.05,3,22.44,1172,,,
22.07,7861,27135,0.05,3,22.07,1176,,,
21.92,7857,27235,0.05,3,21.92,1180,,,
21.62,7855,27307,0.05,3,21.62,1184,,,
22.32,7859,27431,0.05,3,22.32,1188,,,
22.41,7858,27504,0.05,3,22.41,1192,,,
22.78,7866,27632,0.05,3,22.78,1196,,,
22.61,7861,27723,0.05,3,22.61,1200,,,
22.17,7859,27801,0.05,3,22.17,1204,,,
22.69,7880,27923,0.05,3,22.69,1208,,,
22.87,7872,28000,0.05,3,22.87,1212,,,
22.57,7859,28054,0.05,3,22.57,1216,,,
22.14,7858,28147,0.05,3,22.14,1220,,,
22.18,7864,28216,0.05,3,22.18,1224,,,
22.17,7852,28280,0.05,3,22.17,1228,,,
21.87,7851,28346,0.05,3,21.87,1232,,,
22.18,7874,28476,0.05,3,22.18,1236,,,
22.27,7859,28587,0.05,3,22.27,1240,,,
22.29,7872,28687,0.05,3,22.29,1244,,,
22.33,7877,28795,0.05,3,22.33,1248,,,
22.45,7861,28883,0.05,3,22.45,1252,,,
22.7,7880,28999,0.05,3,22.7,1256,,,
22.74,7863,29079,0.05,3,22.74,1260,,,
22.61,7860,29145,0.05,3,22.61,1264,,,
22.74,7879,29263,0.05,3,22.74,1268,,,
22.73,7874,29340,0.05,3,22.73,1272,,,
22.94,7864,29429,0.05,3,22.94,1276,,,
22.92,7878,29527,0.05,3,22.92,1280,,,
23.01,7865,29608,0.05,3,23.01,1284,,,
22.62,7863,29693,0.05,3,22.62,1288,,,
22.9,7864,29794,0.05,3,22.9,1292,,,
22.24,7868,29856,0.05,3,22.24,1296,,,
21.99,7859,29922,0.05,3,21.99,1300,,,
22.23,7871,30024,0.05,3,22.23,1304,,,
21.77,7858,30100,0.05,3,21.77,1308,,,
21.69,7864,30169,0.05,3,21.69,1312,,,
21.67,7852,30221,0.05,3,21.67,1316,,,
21.44,7850,30291,0.05,3,21.44,1320,,,
21.64,7861,30380,0.05,3,21.64,1324,,,
21.92,7862,30472,0.05,3,21.92,1328,,,
22.38,7854,30584,0.05,3,22.38,1332,,,
22.02,7851,30678,0.05,3,22.02,1336,,,
21.99,7867,30786,0.05,3,21.99,1340,,,
21.44,7854,30831,0.05,3,21.44,1344,,,
21.15,7848,30910,0.05,3,21.15,1348,,,
20.92,7853,30975,0.05,3,20.92,1352,,,
20.5,7846,31049,0.05,3,20.5,1356,,,
20.63,7858,31142,0.05,3,20.63,1360,,,
20.73,7847,31218,0.05,3,20.73,1364,,,
20.54,7846,31317,0.05,3,20.54,1368,,,
20.49,7845,31389,0.05,4,20.49,1372,,,
20.49,7855,31478,0.05,4,20.49,1376,,,
20.14,7849,31541,0.05,4,20.14,1380,,,
20.26,7852,31634,0.05,4,20.26,1384,,,
20.18,7841,31711,0.05,4,20.18,1388,,,
19.99,7849,31793,0.05,4,19.99,1392,,,
20.32,7849,31888,0.05,4,20.32,1396,,,
20.39,7839,31961,0.05,4,20.39,1400,,,
20.1,7836,32034,0.05,4,20.1,1404,,,
20.62,7842,32162,0.05,4,20.62,1408,,,
20.75,7838,32244,0.05,4,20.75,1412,,,
21.07,7847,32328,0.05,4,21.07,1416,,,
21.17,7847,32408,0.05,4,21.17,1420,,,
21.24,7837,32504,0.05,4,21.24,1424,,,
21.41,7854,32613,0.05,4,21.41,1428,,,
20.99,7839,32683,0.05,4,20.99,1432,,,
20.88,7840,32766,0.05,4,20.88,1436,,,
20.71,7851,32857,0.05,4,20.71,1440,,,
21.21,7840,32952,0.05,4,21.21,1444,,,
21.08,7839,33018,0.05,4,21.08,1448,,,
21.24,7838,33099,0.05,4,21.24,1452,,,
21.13,7836,33162,0.05,4,21.13,1456,,,
20.79,7833,33221,0.05,4,20.79,1460,,,
20.93,7834,33311,0.05,4,20.93,1464,,,
20.94,7835,33411,0.05,4,20.94,1468,,,
20.9,7839,33479,0.05,4,20.9,1472,,,
20.84,7842,33562,0.05,4,20.84,1476,,,
20.97,7833,33638,0.05,4,20.97,1480,,,
21.05,7844,33739,0.05,4,21.05,1484,,,
21.07,7831,33818,0.05,4,21.07,1488,,,
20.79,7832,33872,0.05,4,20.79,1492,,,
20.71,7838,33959,0.05,4,20.71,1496,,,
20.93,7829,34054,0.05,4,20.93,1500,,,
20.84,7833,34118,0.05,4,20.84,1504,,,
20.39,7826,34201,0.05,4,20.39,1508,,,
20.28,7831,34272,0.05,4,20.28,1512,,,
20.46,7838,34374,0.05,4,20.46,1516,,,
20.58,7827,34466,0.05,4,20.58,1520,,,
20.21,7830,34525,0.05,4,20.21,1524,,,
20.41,7829,34654,0.05,4,20.41,1528,,,
20.44,7835,34727,0.05,4,20.44,1532,,,
20.91,7831,34857,0.05,4,20.91,1536,,,
21.04,7844,34961,0.05,4,21.04,1540,,,
21.22,7837,35074,0.05,4,21.22,1544,,,
21.19,7840,35137,0.05,4,21.19,1548,,,
21.31,7833,35230,0.05,4,21.31,1552,,,
21.29,7836,35291,0.05,4,21.29,1556,,,
21.55,7830,35376,0.05,4,21.55,1560,,,
21.77,7832,35488,0.05,4,21.77,1564,,,
21.37,7827,35548,0.05,4,21.37,1568,,,
21.9,7831,35669,0.05,4,21.9,1572,,,
21.98,7830,35760,0.05,4,21.98,1576,,,
22.48,7832,35886,0.05,4,22.48,1580,,,
22.13,7830,35952,0.05,4,22.13,1584,,,
22.1,7829,36028,0.05,4,22.1,1588,,,
22.35,7836,36107,0.05,4,22.35,1592,,,
22.45,7829,36204,0.05,4,22.45,1596,,,
22.05,7830,36259,0.05,4,22.05,1600,,,
22.72,7829,36390,0.05,4,22.72,1604,,,
22.77,7829,36478,0.05,4,22.77,1608,,,
22.96,7838,36568,0.05,4,22.96,1612,,,
23.2,7835,36694,0.05,4,23.2,1616,,,
23.08,7833,36774,0.05,4,23.08,1620,,,
23.33,7831,36858,0.05,4,23.33,1624,,,
22.74,7836,36928,0.05,4,22.74,1628,,,
22.92,7839,37019,0.05,4,22.92,1632,,,
22.25,7827,37082,0.05,4,22.25,1636,,,
22.13,7828,37174,0.05,4,22.13,1640,,,
21.65,7825,37239,0.05,4,21.65,1644,,,
21.7,7825,37307,0.05,4,21.7,1648,,,
21.47,7830,37377,0.05,4,21.47,1652,,,
21.98,7824,37489,0.05,4,21.98,1656,,,
22.56,7827,37632,0.05,4,22.56,1660,,,
22.59,7829,37747,0.05,4,22.59,1664,,,
23.47,7849,37895,0.05,4,23.47,1668,,,
23.02,7831,37971,0.05,4,23.02,1672,,,
23.12,7844,38072,0.05,4,23.12,1676,,,
22.66,7833,38152,0.05,4,22.66,1680,,,
22.81,7834,38233,0.05,4,22.81,1684,,,
22.74,7838,38302,0.05,4,22.74,1688,,,
22.97,7835,38404,0.05,4,22.97,1692,,,
22.87,7832,38491,0.05,4,22.87,1696,,,
23.67,7850,38626,0.05,4,23.67,1700,,,
23.09,7834,38699,0.05,4,23.09,1704,,,
22.98,7834,38776,0.05,4,22.98,1708,,,
23.11,7845,38879,0.05,4,23.11,1712,,,
22.63,7834,38957,0.05,4,22.63,1716,,,
22.81,7843,39055,0.05,4,22.81,1720,,,
22.67,7833,39125,0.05,4,22.67,1724,,,
23.24,7847,39252,0.05,5,23.24,1728,,,
23.04,7832,39323,0.05,5,23.04,1732,,,
23.64,7835,39446,0.05,5,23.64,1736,,,
23.74,7836,39548,0.05,5,23.74,1740,,,
24.39,7852,39678,0.05,5,24.39,1744,,,
24.99,7844,39806,0.05,5,24.99,1748,,,
25.34,7844,39911,0.05,5,25.34,1752,,,
25.06,7851,39995,0.05,5,25.06,1756,,,
24.51,7842,40083,0.05,5,24.51,1760,,,
24.04,7846,40151,0.05,5,24.04,1764,,,
23.05,7838,40200,0.05,5,23.05,1768,,,
22.92,7836,40263,0.05,5,22.92,1772,,,
22.75,7843,40347,0.05,5,22.75,1776,,,
22.69,7841,40421,0.05,5,22.69,1780,,,
22.78,7834,40511,0.05,5,22.78,1784,,,
23.18,7846,40620,0.05,5,23.18,1788,,,
22.95,7842,40699,0.05,5,22.95,1792,,,
22.56,7831,40747,0.05,5,22.56,1796,,,
22.13,7831,40839,0.05,5,22.13,1800,,,
22.28,7831,40927,0.05,5,22.28,1804,,,
22.56,7832,41032,0.05,5,22.56,1808,,,
22.73,7834,41152,0.05,5,22.73,1812,,,
22.8,7832,41237,0.05,5,22.8,1816,,,
22.48,7836,41303,0.05,5,22.48,1820,,,
22.58,7830,41383,0.05,5,22.58,1824,,,
22.63,7846,41515,0.05,5,22.63,1828,,,
22.79,7834,41602,0.05,5,22.79,1832,,,
22.47,7842,41693,0.05,5,22.47,1836,,,
22.18,7834,41766,0.05,5,22.18,1840,,,
21.47,7836,41825,0.05,5,21.47,1844,,,
21.39,7835,41945,0.05,5,21.39,1848,,,
20.97,7838,42008,0.05,5,20.97,1852,,,
20.79,7837,42074,0.05,5,20.79,1856,,,
21.25,7849,42208,0.05,5,21.25,1860,,,
21.3,7842,42281,0.05,5,21.3,1864,,,
21.3,7832,42330,0.05,5,21.3,1868,,,
21.62,7832,42425,0.05,5,21.62,1872,,,
22.01,7846,42548,0.05,5,22.01,1876,,,
22.0,7835,42621,0.05,5,22.0,1880,,,
22.33,7847,42744,0.05,5,22.33,1884,,,
22.01,7835,42821,0.05,5,22.01,1888,,,
21.92,7839,42891,0.05,5,21.92,1892,,,
22.69,7836,43016,0.05,5,22.69,1896,,,
22.77,7846,43116,0.05,5,22.77,1900,,,
22.53,7835,43180,0.05,5,22.53,1904,,,
22.33,7834,43265,0.05,5,22.33,1908,,,
21.84,7839,43336,0.05,5,21.84,1912,,,
22.19,7835,43456,0.05,5,22.19,1916,,,
22.71,7848,43574,0.05,5,22.71,1920,,,
22.79,7837,43662,0.05,5,22.79,1924,,,
22.34,7844,43749,0.05,5,22.34,1928,,,
22.31,7843,43833,0.05,5,22.31,1932,,,
22.11,7835,43904,0.05,5,22.11,1936,,,
22.4,7844,44006,0.05,5,22.4,1940,,,
22.45,7834,44070,0.05,5,22.45,1944,,,
22.54,7838,44199,0.05,5,22.54,1948,,,
23.12,7849,44320,0.05,5,23.12,1952,,,
23.1,7836,44384,0.05,5,23.1,1956,,,
22.57,7835,44465,0.05,5,22.57,1960,,,
22.79,7844,44560,0.05,5,22.79,1964,,,
23.39,7848,44669,0.05,5,23.39,1968,,,
23.39,7839,44764,0.05,5,23.39,1972,,,
22.72,7836,44820,0.05,5,22.72,1976,,,
23.16,7837,44937,0.05,5,23.16,1980,,,
23.27,7840,45071,0.05,5,23.27,1984,,,
23.31,7839,45152,0.05,5,23.31,1988,,,
23.65,7848,45256,0.05,5,23.65,1992,,,
23.3,7840,45346,0.05,5,23.3,1996,,,
23.24,7848,45440,0.05,5,23.24,2000,,,
23.21,7839,45501,0.05,5,23.21,2004,,,
23.19,7838,45584,0.05,5,23.19,2008,,,
23.09,7841,45645,0.05,5,23.09,2012,,,
22.66,7837,45722,0.05,5,22.66,2016,,,
22.46,7836,45820,0.05,5,22.46,2020,,,
22.57,7838,45919,0.05,5,22.57,2024,,,
22.42,7842,45991,0.05,5,22.42,2028,,,
22.55,7836,46088,0.05,5,22.55,2032,,,
22.86,7845,46190,0.05,5,22.86,2036,,,
22.67,7835,46273,0.05,5,22.67,2040,,,
22.8,7840,46350,0.05,5,22.8,2044,,,
22.26,7838,46425,0.05,5,22.26,2048,,,
22.51,7837,46571,0.05,5,22.51,2052,,,
22.63,7835,46647,0.05,5,22.63,2056,,,
23.1,7849,46775,0.05,5,23.1,2060,,,
22.86,7834,46846,0.05,5,22.86,2064,,,
22.59,7828,46928,0.05,5,22.59,2068,,,
22.14,7825,46978,0.05,6,22.14,2072,,,
22.23,7829,47043,0.05,6,22.23,2076,,,
22.32,7826,47169,0.05,6,22.32,2080,,,
21.95,7835,47266,0.05,6,21.95,2084,,,
21.85,7826,47337,0.05,6,21.85,2088,,,
21.49,7825,47405,0.05,6,21.49,2092,,,
21.65,7834,47511,0.05,6,21.65,2096,,,
21.82,7827,47622,0.05,6,21.82,2100,,,
22.02,7833,47703,0.05,6,22.02,2104,,,
21.78,7824,47762,0.05,6,21.78,2108,,,
21.77,7823,47822,0.05,6,21.77,2112,,,
22.32,7837,47954,0.05,6,22.32,2116,,,
22.23,7826,48043,0.05,6,22.23,2120,,,
22.26,7834,48145,0.05,6,22.26,2124,,,
22.1,7824,48201,0.05,6,22.1,2128,,,
21.91,7823,48279,0.05,6,21.91,2132,,,
21.66,7827,48356,0.05,6,21.66,2136,,,
21.61,7821,48434,0.05,6,21.61,2140,,,
22.52,7827,48602,0.05,6,22.52,2144,,,
22.86,7828,48711,0.05,6,22.86,2148,,,
21.87,7825,48758,0.05,6,21.87,2152,,,
22.16,7827,48863,0.05,6,22.16,2156,,,
22.08,7829,48983,0.05,6,22.08,2160,,,
22.15,7828,49061,0.05,6,22.15,2164,,,
22.06,7826,49134,0.05,6,22.06,2168,,,
22.58,7828,49236,0.05,6,22.58,2172,,,
22.61,7825,49304,0.05,6,22.61,2176,,,
22.13,7829,49382,0.05,6,22.13,2180,,,
22.34,7825,49500,0.05,6,22.34,2184,,,
22.6,7824,49597,0.05,6,22.6,2188,,,
22.81,7830,49686,0.05,6,22.81,2192,,,
22.53,7822,49764,0.05,6,22.53,2196,,,
22.42,7827,49864,0.05,6,22.42,2200,,,
23.22,7809,50025,0.05,6,23.22,2204,0.48029762506484985,6,0.0001
23.04,7764,50066,0.05,6,23.04,2208,0.4787687659263611,16,0.0001
22.83,7738,50105,0.05,6,22.83,2212,0.46597787737846375,26,0.0001
21.91,7689,50145,0.05,6,21.91,2216,0.4554074704647064,36,0.0001
21.42,7661,50185,0.05,6,21.42,2220,0.43242740631103516,46,0.0001
20.78,7612,50223,0.05,6,20.78,2224,0.4358220100402832,55,0.0001
20.61,7571,50262,0.05,6,20.61,2228,0.4184589684009552,65,0.0001
20.22,7543,50301,0.05,6,20.22,2232,0.3867855668067932,75,0.0001
19.82,7514,50338,0.05,6,19.82,2236,0.35691267251968384,84,0.0001
19.4,7476,50374,0.05,6,19.4,2240,0.36184805631637573,93,0.0001
18.11,7446,50413,0.05,6,18.11,2244,0.3266916871070862,103,0.0001
17.38,7408,50449,0.05,6,17.38,2248,0.29705876111984253,112,0.0001
17.34,7370,50492,0.05,6,17.34,2252,0.3109426498413086,122,0.0001
16.68,7332,50531,0.05,6,16.68,2256,0.2955005466938019,132,0.0001
15.87,7306,50570,0.05,6,15.87,2260,0.2618755102157593,142,0.0001
15.48,7269,50609,0.05,6,15.48,2264,0.22913867235183716,152,0.0001
15.15,7231,50649,0.05,7,15.15,2268,0.2463316172361374,162,0.0001
14.51,7189,50687,0.05,7,14.51,2272,0.19507518410682678,171,0.0001
14.21,7152,50725,0.05,7,14.21,2276,0.20373690128326416,181,0.0001
13.78,7127,50760,0.05,7,13.78,2280,0.1999329775571823,189,0.0001
12.97,7084,50797,0.05,7,12.97,2284,0.17827335000038147,199,0.0001
12.4,7058,50837,0.05,7,12.4,2288,0.12634004652500153,209,0.0001
11.92,7018,50878,0.05,7,11.92,2292,0.13505202531814575,219,0.0001
11.51,6991,50915,0.05,7,11.51,2296,0.13074606657028198,228,0.0001
10.92,6958,50956,0.05,7,10.92,2300,0.1124918982386589,238,0.0001
9.74,6923,50999,0.05,7,9.74,2304,0.09565786272287369,249,0.0001
9.7,6895,51036,0.05,7,9.7,2308,0.0898221805691719,258,0.0001
9.7,6870,51075,0.05,7,9.7,2312,0.07983601838350296,268,0.0001
9.67,6839,51112,0.05,7,9.67,2316,0.0789940133690834,277,0.0001
9.64,6807,51149,0.05,7,9.64,2320,0.057980727404356,287,0.0001
9.64,6776,51187,0.05,7,9.64,2324,0.07512938231229782,296,0.0001
9.66,6745,51228,0.05,7,9.66,2328,0.047349076718091965,306,0.0001
9.66,6716,51267,0.05,7,9.66,2332,0.051307160407304764,316,0.0001
9.69,6692,51307,0.05,7,9.69,2336,0.04350417107343674,326,0.0001
9.7,6668,51344,0.05,7,9.7,2340,0.04365302994847298,335,0.0001
9.72,6642,51385,0.05,7,9.72,2344,0.040182456374168396,346,0.0001
9.73,6612,51422,0.05,7,9.73,2348,0.035315338522195816,355,0.0001
9.66,6584,51458,0.05,7,9.66,2352,0.03567121922969818,364,0.0001
9.65,6556,51496,0.05,7,9.65,2356,0.03172023966908455,373,0.0001
9.67,6528,51537,0.05,7,9.67,2360,0.03751532733440399,384,0.0001
9.64,6506,51573,0.05,7,9.64,2364,0.04003577306866646,393,0.0001
9.63,6486,51612,0.05,7,9.63,2368,0.03088977374136448,402,0.0001
9.65,6451,51652,0.05,8,9.65,2372,0.02909492515027523,412,0.0001
9.66,6431,51691,0.05,8,9.66,2376,0.021973388269543648,422,0.0001
9.73,6404,51733,0.05,8,9.73,2380,0.01896381936967373,433,0.0001
9.75,6377,51772,0.05,8,9.75,2384,0.024845104664564133,442,0.0001
9.74,6352,51811,0.05,8,9.74,2388,0.014158355072140694,452,0.0001
9.71,6332,51849,0.05,8,9.71,2392,0.017959386110305786,462,0.0001
9.72,6305,51887,0.05,8,9.72,2396,0.01281366590410471,471,0.0001
9.72,6281,51928,0.05,8,9.72,2400,0.011028306558728218,481,0.0001
9.68,6262,51967,0.05,8,9.68,2404,0.029033761471509933,491,0.0001
9.68,6243,52004,0.05,8,9.68,2408,0.010391680523753166,500,0.0001
9.65,6225,52040,0.05,8,9.65,2412,0.008494597859680653,509,0.0001
9.65,6200,52077,0.05,8,9.65,2416,0.017323317006230354,519,0.0001
9.69,6175,52118,0.05,8,9.69,2420,0.020974699407815933,529,0.0001
9.68,6157,52155,0.05,8,9.68,2424,0.008488255552947521,538,0.0001
9.63,6132,52191,0.05,8,9.63,2428,0.015284111723303795,547,0.0001
9.62,6108,52229,0.05,8,9.62,2432,0.019443761557340622,557,0.0001
9.62,6090,52269,0.05,8,9.62,2436,0.017544971778988838,567,0.0001
9.64,6066,52308,0.05,8,9.64,2440,0.008535406552255154,576,0.0001
9.61,6042,52346,0.05,8,9.61,2444,0.007610976696014404,586,0.0001
9.61,6025,52383,0.05,8,9.61,2448,0.014904099516570568,595,0.0001
9.62,6003,52420,0.05,8,9.62,2452,0.00592876598238945,604,0.0001
9.66,5981,52462,0.05,8,9.66,2456,0.010507339611649513,615,0.0001
9.65,5958,52502,0.05,8,9.65,2460,0.007700170855969191,625,0.0001
9.66,5940,52539,0.05,8,9.66,2464,0.01595894619822502,634,0.0001
9.67,5918,52579,0.05,8,9.67,2468,0.003912714309990406,644,0.0001
9.66,5896,52618,0.05,8,9.66,2472,0.008103643544018269,654,0.0001
9.67,5880,52658,0.05,8,9.67,2476,0.0034766453318297863,664,0.0001
9.66,5858,52699,0.05,8,9.66,2480,0.003442207118496299,674,0.0001
9.67,5836,52739,0.05,9,9.67,2484,0.014494453556835651,684,0.0001
9.68,5821,52779,0.05,9,9.68,2488,0.011101535521447659,694,0.0001
9.68,5800,52817,0.05,9,9.68,2492,0.0027792120818048716,704,0.0001
9.71,5778,52858,0.05,9,9.71,2496,0.0051833936013281345,714,0.0001
9.69,5757,52897,0.05,9,9.69,2500,0.0033666198141872883,724,0.0001
9.75,5733,52942,0.05,9,9.75,2504,0.0031885611824691296,735,0.0001
9.76,5718,52980,0.05,9,9.76,2508,0.002120787277817726,744,0.0001
9.78,5702,53018,0.05,9,9.78,2512,0.0058355978690087795,754,0.0001
9.8,5681,53057,0.05,9,9.8,2516,0.004143039230257273,764,0.0001
9.77,5666,53095,0.05,9,9.77,2520,0.002185769146308303,773,0.0001
9.8,5646,53135,0.05,9,9.8,2524,0.0038140674587339163,783,0.0001
9.81,5627,53172,0.05,9,9.81,2528,0.0021319424267858267,792,0.0001
9.78,5612,53207,0.05,9,9.78,2532,0.0016856722068041563,801,0.0001
9.75,5598,53244,0.05,9,9.75,2536,0.005363641306757927,810,0.0001
9.73,5579,53281,0.05,9,9.73,2540,0.0014153050724416971,820,0.0001
9.77,5559,53323,0.05,9,9.77,2544,0.002792322775349021,830,0.0001
9.76,5540,53359,0.05,9,9.76,2548,0.00122799479868263,839,0.0001
9.79,5521,53399,0.05,9,9.79,2552,0.005043101496994495,849,0.0001
9.77,5503,53439,0.05,9,9.77,2556,0.0009390574414283037,859,0.0001
9.76,5489,53478,0.05,9,9.76,2560,0.010366146452724934,869,0.0001
9.77,5476,53516,0.05,9,9.77,2564,0.003759648185223341,878,0.0001
9.73,5457,53552,0.05,9,9.73,2568,0.00878740195184946,887,0.0001
9.73,5440,53591,0.05,9,9.73,2572,0.00416072690859437,897,0.0001
9.69,5426,53627,0.05,9,9.69,2576,0.003225773572921753,906,0.0001
9.65,5409,53664,0.05,9,9.65,2580,0.0008371425210498273,915,0.0001
9.61,5395,53700,0.05,9,9.61,2584,0.0019509457051753998,924,0.0001
9.59,5382,53738,0.05,9,9.59,2588,0.003697220468893647,934,0.0001
9.59,5365,53776,0.05,10,9.59,2592,0.0007187011069618165,943,0.0001
9.59,5352,53817,0.05,10,9.59,2596,0.0010663160355761647,954,0.0001
9.57,5335,53854,0.05,10,9.57,2600,0.007316014729440212,963,0.0001
9.54,5318,53896,0.05,10,9.54,2604,0.0018831649795174599,973,0.0001
9.53,5305,53933,0.05,10,9.53,2608,0.003613327629864216,983,0.0001
9.53,5288,53971,0.05,10,9.53,2612,0.00033928549964912236,992,0.0001
9.52,5273,54009,0.05,10,9.52,2616,0.0023483941331505775,1002,0.0001
9.54,5259,54049,0.05,10,9.54,2620,0.0005593917449004948,1012,0.0001
9.52,5248,54087,0.05,10,9.52,2624,0.0004472500295378268,1021,0.0001
9.55,5232,54127,0.05,10,9.55,2628,0.0004473495064303279,1031,0.0001
9.56,5216,54163,0.05,10,9.56,2632,0.002501574344933033,1040,0.0001
9.55,5203,54199,0.05,10,9.55,2636,0.0060456739738583565,1049,0.0001
9.57,5186,54238,0.05,10,9.57,2640,0.0027732804883271456,1059,0.0001
9.54,5175,54277,0.05,10,9.54,2644,0.002570853102952242,1069,0.0001
9.57,5164,54316,0.05,10,9.57,2648,0.004654042422771454,1078,0.0001
9.55,5143,54354,0.05,10,9.55,2652,0.0019635544158518314,1088,0.0001
9.56,5127,54395,0.05,10,9.56,2656,0.0007221894338726997,1098,0.0001
9.53,5107,54431,0.05,10,9.53,2660,0.0007187635637819767,1107,0.0001
9.54,5091,54470,0.05,10,9.54,2664,0.0021170659456402063,1117,0.0001
9.59,5075,54511,0.05,10,9.59,2668,0.0005696285516023636,1127,0.0001
9.57,5064,54548,0.05,10,9.57,2672,0.001886880025267601,1136,0.0001
9.6,5049,54587,0.05,10,9.6,2676,0.004564845934510231,1146,0.0001
9.61,5034,54625,0.05,10,9.61,2680,0.003158906241878867,1156,0.0001
9.63,5023,54663,0.05,10,9.63,2684,0.008034362457692623,1165,0.0001
9.64,5008,54702,0.05,10,9.64,2688,0.0005712857819162309,1175,0.0001
9.65,4993,54741,0.05,10,9.65,2692,0.0038426872342824936,1185,0.0001
9.65,4980,54782,0.05,11,9.65,2696,0.0007093782187439501,1195,0.0001
9.68,4969,54822,0.05,11,9.68,2700,0.00014202672173269093,1205,0.0001
9.62,4955,54858,0.05,11,9.62,2704,0.002205476863309741,1214,0.0001
9.65,4940,54898,0.05,11,9.65,2708,0.0029672165401279926,1224,0.0001
9.65,4929,54936,0.05,11,9.65,2712,0.002441982738673687,1233,0.0001
9.68,4915,54977,0.05,11,9.68,2716,0.0017248564399778843,1244,0.0001
9.66,4902,55015,0.05,11,9.66,2720,0.003214207710698247,1253,0.0001
9.66,4891,55053,0.05,11,9.66,2724,0.0021217954345047474,1263,0.0001
9.64,4877,55091,0.05,11,9.64,2728,0.005576273892074823,1272,0.0001
9.66,4868,55129,0.05,11,9.66,2732,0.003921130206435919,1282,0.0001
9.69,4853,55168,0.05,11,9.69,2736,0.005433531943708658,1291,0.0001
9.74,4840,55212,0.05,11,9.74,2740,0.002657364122569561,1302,0.0001
9.72,4827,55249,0.05,11,9.72,2744,0.0017603562446311116,1312,0.0001
9.73,4817,55289,0.05,11,9.73,2748,0.001059626112692058,1322,0.0001
9.74,4805,55328,0.05,11,9.74,2752,0.0013276598183438182,1331,0.0001
9.69,4794,55364,0.05,11,9.69,2756,0.00361662358045578,1340,0.0001
9.74,4781,55405,0.05,11,9.74,2760,0.0010866227094084024,1351,0.0001
9.76,4768,55446,0.05,11,9.76,2764,0.007188057526946068,1361,0.0001
9.74,4755,55485,0.05,11,9.74,2768,0.0037874772679060698,1371,0.0001
9.76,4746,55524,0.05,11,9.76,2772,0.0009015245595946908,1380,0.0001
9.76,4733,55563,0.05,11,9.76,2776,0.0009622148354537785,1390,0.0001
9.77,4720,55602,0.05,11,9.77,2780,0.0007864798535592854,1400,0.0001
9.78,4707,55641,0.05,11,9.78,2784,0.0011461233953014016,1410,0.0001
9.77,4695,55679,0.05,11,9.77,2788,0.003977371379733086,1419,0.0001
9.72,4685,55713,0.05,11,9.72,2792,0.001847466453909874,1428,0.0001
9.71,4672,55753,0.05,11,9.71,2796,0.006518218200653791,1438,0.0001
9.72,4660,55794,0.05,11,9.72,2800,0.002699661999940872,1448,0.0001
9.75,4651,55833,0.05,12,9.75,2804,0.002276094863191247,1458,0.0001
9.73,4639,55871,0.05,12,9.73,2808,0.0025211498141288757,1467,0.0001
9.72,4626,55908,0.05,12,9.72,2812,0.008488600142300129,1476,0.0001
9.69,4614,55946,0.05,12,9.69,2816,0.0006454176036641002,1486,0.0001
9.68,4606,55983,0.05,12,9.68,2820,0.004884315188974142,1495,0.0001
9.66,4597,56019,0.05,12,9.66,2824,0.00030192345730029047,1504,0.0001
9.64,4588,56055,0.05,12,9.64,2828,0.0033402196131646633,1513,0.0001
9.63,4579,56092,0.05,12,9.63,2832,0.002698222640901804,1522,0.0001
9.62,4568,56130,0.05,12,9.62,2836,0.0015313057228922844,1532,0.0001
9.55,4556,56167,0.05,12,9.55,2840,0.004122374579310417,1541,0.0001
9.57,4544,56206,0.05,12,9.57,2844,0.003529928158968687,1551,0.0001
9.54,4533,56243,0.05,12,9.54,2848,0.003857267089188099,1560,0.0001
9.55,4521,56283,0.05,12,9.55,2852,0.0005298920441418886,1570,0.0001
9.58,4509,56322,0.05,12,9.58,2856,0.00057446607388556,1580,0.0001
9.58,4498,56363,0.05,12,9.58,2860,0.003225215245038271,1590,0.0001
9.58,4488,56404,0.05,12,9.58,2864,0.008328251540660858,1600,0.0001
9.56,4479,56441,0.05,12,9.56,2868,0.0030464797746390104,1610,0.0001
9.51,4471,56475,0.05,12,9.51,2872,0.001938083441928029,1618,0.0001
9.54,4458,56517,0.05,12,9.54,2876,0.0007176598883233964,1629,0.0001
9.56,4448,56558,0.05,12,9.56,2880,0.0057014054618775845,1639,0.0001
9.55,4438,56596,0.05,12,9.55,2884,0.003139667911455035,1648,0.0001
9.57,4431,56636,0.05,12,9.57,2888,0.002126398729160428,1658,0.0001
9.6,4423,56673,0.05,12,9.6,2892,0.0005538894911296666,1668,0.0001
9.6,4412,56713,0.05,12,9.6,2896,0.0008024814887903631,1678,0.0001
9.59,4402,56753,0.05,12,9.59,2900,0.00079819664824754,1688,0.0001
9.57,4394,56790,0.05,12,9.57,2904,0.004001040011644363,1697,0.0001
9.61,4384,56832,0.05,12,9.61,2908,0.0037359073758125305,1707,0.0001
9.62,4376,56870,0.05,12,9.62,2912,0.0030365141574293375,1717,0.0001
9.61,4369,56907,0.05,13,9.61,2916,0.0007203639834187925,1726,0.0001
9.61,4361,56944,0.05,13,9.61,2920,0.0009727347642183304,1735,0.0001
9.64,4351,56983,0.05,13,9.64,2924,0.0020008671563118696,1745,0.0001
9.61,4346,57016,0.05,13,9.61,2928,0.0020483785774558783,1753,0.0001
9.62,4337,57054,0.05,13,9.62,2932,0.0037143139634281397,1763,0.0001
9.63,4329,57093,0.05,13,9.63,2936,0.005470147356390953,1773,0.0001
9.63,4321,57130,0.05,13,9.63,2940,0.0009434792445972562,1782,0.0001
9.62,4313,57168,0.05,13,9.62,2944,0.002926587127149105,1791,0.0001
9.63,4308,57206,0.05,13,9.63,2948,0.0003724746929947287,1801,0.0001
9.59,4298,57242,0.05,13,9.59,2952,0.00047830157564021647,1810,0.0001
9.58,4291,57280,0.05,13,9.58,2956,0.0024400725960731506,1819,0.0001
9.59,4281,57322,0.05,13,9.59,2960,0.0015616021119058132,1830,0.0001
9.54,4275,57358,0.05,13,9.54,2964,0.002748156199231744,1839,0.0001
9.58,4264,57399,0.05,13,9.58,2968,0.003398221917450428,1849,0.0001
9.62,4257,57437,0.05,13,9.62,2972,0.0006449088105000556,1859,0.0001
9.57,4248,57474,0.05,13,9.57,2976,0.003749169409275055,1868,0.0001
9.55,4241,57513,0.05,13,9.55,2980,0.0004625128931365907,1878,0.0001
9.57,4231,57553,0.05,13,9.57,2984,0.007051484659314156,1888,0.0001
9.56,4225,57592,0.05,13,9.56,2988,0.0016210508765652776,1897,0.0001
9.59,4215,57632,0.05,13,9.59,2992,0.0008161031873896718,1907,0.0001
9.6,4207,57673,0.05,13,9.6,2996,0.0005107373581267893,1918,0.0001
9.58,4200,57711,0.05,13,9.58,3000,0.0017903813859447837,1927,0.0001
9.58,4193,57748,0.05,13,9.58,3004,0.0033201801124960184,1936,0.0001
9.56,4187,57788,0.05,13,9.56,3008,0.0006011779187247157,1946,0.0001
9.56,4178,57826,0.05,13,9.56,3012,0.003198921214789152,1956,0.0001
9.58,4171,57865,0.05,13,9.58,3016,0.0012802520068362355,1966,0.0001
9.59,4165,57903,0.05,13,9.59,3020,0.001681491150520742,1975,0.0001
9.57,4155,57940,0.05,13,9.57,3024,0.001165036577731371,1984,0.0001
9.65,4146,57981,0.05,13,9.65,3028,0.0002490062324795872,1995,0.0001
9.66,4140,58020,0.05,14,9.66,3032,0.007241053972393274,2004,0.0001
9.68,4134,58061,0.05,14,9.68,3036,0.0013857502490282059,2015,0.0001
9.7,4125,58100,0.05,14,9.7,3040,0.0030409374739974737,2024,0.0001
9.71,4116,58139,0.05,14,9.71,3044,0.0018655863823369145,2034,0.0001
9.69,4110,58175,0.05,14,9.69,3048,0.0005718013853766024,2043,0.0001
9.68,4103,58210,0.05,14,9.68,3052,0.0008222518372349441,2052,0.0001
9.8,4094,58260,0.05,14,9.8,3056,0.004056358709931374,2064,0.0001
9.8,4087,58302,0.05,14,9.8,3060,0.00509350560605526,2075,0.0001
9.82,4081,58340,0.05,14,9.82,3064,0.004495167639106512,2084,0.0001
9.8,4072,58379,0.05,14,9.8,3068,0.0015756781212985516,2094,0.0001
9.81,4066,58418,0.05,14,9.81,3072,0.005775769706815481,2104,0.0001
9.81,4058,58455,0.05,14,9.81,3076,0.0021189285907894373,2113,0.0001
9.79,4051,58492,0.05,14,9.79,3080,0.004316237755119801,2122,0.0001
9.78,4045,58531,0.05,14,9.78,3084,0.0055239638313651085,2132,0.0001
9.76,4037,58568,0.05,14,9.76,3088,0.0028253791388124228,2141,0.0001
9.73,4031,58605,0.05,14,9.73,3092,0.0032671699300408363,2151,0.0001
9.69,4025,58642,0.05,14,9.69,3096,0.0006399497506208718,2160,0.0001
9.72,4017,58683,0.05,14,9.72,3100,0.0017420032527297735,2170,0.0001
9.71,4011,58719,0.05,14,9.71,3104,0.004012260586023331,2179,0.0001
9.68,4003,58756,0.05,14,9.68,3108,0.0038576226215809584,2188,0.0001
9.67,3996,58793,0.05,14,9.67,3112,0.0003617946058511734,2198,0.0001
9.63,3990,58828,0.05,14,9.63,3116,0.00023160681303124875,2206,0.0001
9.67,3982,58870,0.05,14,9.67,3120,0.0003099326859228313,2217,0.0001
9.68,3977,58908,0.05,14,9.68,3124,0.0008997854311019182,2226,0.0001
9.62,3968,58943,0.05,14,9.62,3128,0.0025490503758192062,2235,0.0001
9.6,3963,58980,0.05,14,9.6,3132,0.0025950924027711153,2244,0.0001
9.59,3956,59020,0.05,14,9.59,3136,0.0002404588449280709,2254,0.0001
9.59,3949,59059,0.05,14,9.59,3140,0.002082528779283166,2264,0.0001
9.61,3944,59100,0.05,14,9.61,3144,0.002182495780289173,2274,0.0001
9.61,3939,59136,0.05,15,9.61,3148,0.0003122712951153517,2283,0.0001
9.65,3931,59175,0.05,15,9.65,3152,0.0036907403264194727,2293,0.0001
9.53,3923,59213,0.05,15,9.53,3156,9.540884639136493e-05,2303,0.0001
9.52,3915,59254,0.05,15,9.52,3160,0.003512331750243902,2313,0.0001
9.48,3912,59288,0.05,15,9.48,3164,0.0004906594986096025,2321,0.0001
9.49,3904,59328,0.05,15,9.49,3168,0.0034615867771208286,2331,0.0001
9.5,3898,59368,0.05,15,9.5,3172,0.0013121309457346797,2341,0.0001
9.51,3890,59406,0.05,15,9.51,3176,0.0029114638455212116,2351,0.0001
9.54,3884,59446,0.05,15,9.54,3180,0.004683922044932842,2361,0.0001
9.53,3878,59484,0.05,15,9.53,3184,0.001335008768364787,2370,0.0001
9.55,3873,59523,0.05,15,9.55,3188,0.0007146535790525377,2380,0.0001
9.56,3866,59561,0.05,15,9.56,3192,0.0005822788225486875,2390,0.0001
9.58,3860,59600,0.05,15,9.58,3196,0.0013679272960871458,2399,0.0001
9.54,3855,59637,0.05,15,9.54,3200,0.0027620973996818066,2409,0.0001
9.58,3848,59677,0.05,15,9.58,3204,0.00536474259570241,2419,0.0001
9.6,3843,59716,0.05,15,9.6,3208,0.003286777064204216,2428,0.0001
9.58,3835,59751,0.05,15,9.58,3212,0.002860740292817354,2437,0.0001
9.63,3830,59791,0.05,15,9.63,3216,0.0017327633686363697,2447,0.0001
9.6,3825,59830,0.05,15,9.6,3220,0.003342520911246538,2457,0.0001
9.64,3818,59872,0.05,15,9.64,3224,0.00023095202050171793,2467,0.0001
9.71,3811,59914,0.05,15,9.71,3228,0.0013263042783364654,2478,0.0001
9.71,3804,59951,0.05,15,9.71,3232,0.004084314685314894,2487,0.0001
9.7,3799,59990,0.05,15,9.7,3236,0.0035545798018574715,2497,0.0001
9.73,3792,60032,0.05,15,9.73,3240,0.348627507686615,2507,0.0001
9.69,3787,60069,0.05,15,9.69,3244,0.20150336623191833,2517,0.0001
9.72,3780,60108,0.05,15,9.72,3248,0.11255183815956116,2526,0.0001
9.7,3775,60145,0.05,15,9.7,3252,0.06602800637483597,2536,0.0001
9.73,3768,60186,0.05,15,9.73,3256,0.06277599185705185,2546,0.0001
9.72,3761,60226,0.05,16,9.72,3260,0.09207054227590561,2556,0.0001
9.76,3756,60264,0.05,16,9.76,3264,0.1324445605278015,2565,0.0001
9.81,3752,60309,0.05,16,9.81,3268,0.095270536839962,2577,0.0001
9.85,3745,60353,0.05,16,9.85,3272,0.010850424878299236,2588,0.0001
9.95,3739,60401,0.05,16,9.95,3276,0.028355209156870842,2600,0.0001
10.0,3732,60446,0.05,16,10.0,3280,0.1128750890493393,2611,0.0001
10.05,3726,60489,0.05,16,10.05,3284,0.07209815829992294,2622,0.0001
10.08,3721,60531,0.05,16,10.08,3288,0.025965876877307892,2632,0.0001
10.13,3715,60574,0.05,16,10.13,3292,0.023415494710206985,2643,0.0001
10.22,3709,60622,0.05,16,10.22,3296,0.025487061589956284,2655,0.0001
10.33,3702,60670,0.05,16,10.33,3300,0.018658891320228577,2667,0.0001
10.38,3694,60715,0.05,16,10.38,3304,0.003687611548230052,2678,0.0001
10.45,3688,60761,0.05,16,10.45,3308,0.06413470208644867,2690,0.0001
10.53,3683,60804,0.05,16,10.53,3312,0.0027659900952130556,2700,0.0001
10.58,3677,60849,0.05,16,10.58,3316,0.018859291449189186,2712,0.0001
10.68,3669,60898,0.05,16,10.68,3320,0.0013552871532738209,2724,0.0001
10.73,3663,60945,0.05,16,10.73,3324,0.013323445804417133,2736,0.0001
10.77,3657,60991,0.05,16,10.77,3328,0.01513598021119833,2747,0.0001
10.85,3651,61036,0.05,16,10.85,3332,0.06859231740236282,2758,0.0001
10.92,3642,61082,0.05,16,10.92,3336,0.05963006615638733,2770,0.0001
10.97,3636,61129,0.05,16,10.97,3340,0.025626368820667267,2782,0.0001
11.04,3629,61173,0.05,16,11.04,3344,0.04017389565706253,2793,0.0001
11.09,3622,61217,0.05,16,11.09,3348,0.024982372298836708,2804,0.0001
11.21,3614,61266,0.05,16,11.21,3352,0.029778528958559036,2816,0.0001
11.28,3607,61314,0.05,16,11.28,3356,0.04468116536736488,2828,0.0001
11.28,3602,61354,0.05,17,11.28,3360,0.017698775976896286,2838,0.0001
11.33,3597,61397,0.05,17,11.33,3364,0.015266021713614464,2849,0.0001
11.3,3592,61439,0.05,17,11.3,3368,0.051541831344366074,2859,0.0001
11.3,3587,61483,0.05,17,11.3,3372,0.00551085639744997,2870,0.0001
11.19,3582,61520,0.05,17,11.19,3376,0.0015932009555399418,2879,0.0001
11.12,3566,61558,0.05,17,11.12,3380,0.02534952387213707,2889,0.0001
11.05,3559,61594,0.05,17,11.05,3384,0.00959935411810875,2898,0.0001
10.99,3555,61630,0.05,17,10.99,3388,0.02191588096320629,2907,0.0001
11.0,3548,61674,0.05,17,11.0,3392,0.01625620573759079,2918,0.0001
10.93,3544,61715,0.05,17,10.93,3396,0.01795950159430504,2928,0.0001
10.83,3540,61753,0.05,17,10.83,3400,0.028649669140577316,2938,0.0001
10.77,3536,61792,0.05,17,10.77,3404,0.06527954339981079,2947,0.0001
10.74,3528,61835,0.05,17,10.74,3408,0.016056060791015625,2958,0.0001
10.71,3524,61875,0.05,17,10.71,3412,0.043591976165771484,2968,0.0001
10.63,3519,61912,0.05,17,10.63,3416,0.059749048203229904,2977,0.0001
10.53,3513,61951,0.05,17,10.53,3420,0.014324231073260307,2987,0.0001
10.48,3507,61993,0.05,17,10.48,3424,0.013206955045461655,2998,0.0001
10.41,3503,62032,0.05,17,10.41,3428,0.038299594074487686,3007,0.0001
10.32,3499,62068,0.05,17,10.32,3432,0.01119020115584135,3016,0.0001
10.26,3493,62108,0.05,17,10.26,3436,0.008672947064042091,3026,0.0001
10.19,3488,62148,0.05,17,10.19,3440,0.0342196449637413,3036,0.0001
10.17,3484,62190,0.05,17,10.17,3444,0.043472908437252045,3047,0.0001
10.14,3479,62231,0.05,17,10.14,3448,0.015122482553124428,3057,0.0001
10.04,3473,62270,0.05,17,10.04,3452,0.0056166755966842175,3067,0.0001
9.92,3469,62306,0.05,17,9.92,3456,0.009460254572331905,3076,0.0001
9.88,3464,62342,0.05,17,9.88,3460,0.09209343791007996,3085,0.0001
9.84,3460,62381,0.05,18,9.84,3464,0.015145596116781235,3095,0.0001
9.78,3456,62417,0.05,18,9.78,3468,0.05190977081656456,3104,0.0001
9.69,3452,62452,0.05,18,9.69,3472,0.07994110882282257,3112,0.0001
9.67,3448,62487,0.05,18,9.67,3476,0.031550660729408264,3121,0.0001
9.68,3443,62526,0.05,18,9.68,3480,0.04964737594127655,3131,0.0001
9.75,3437,62569,0.05,18,9.75,3484,0.04564739018678665,3142,0.0001
9.75,3433,62605,0.05,18,9.75,3488,0.01680043339729309,3151,0.0001
9.69,3430,62643,0.05,18,9.69,3492,0.028023194521665573,3160,0.0001
9.67,3425,62682,0.05,18,9.67,3496,0.026579154655337334,3170,0.0001
9.68,3421,62721,0.05,18,9.68,3500,0.0729910284280777,3180,0.0001
9.65,3417,62757,0.05,18,9.65,3504,0.02471175789833069,3189,0.0001
9.62,3414,62797,0.05,18,9.62,3508,0.10910651087760925,3199,0.0001
9.62,3409,62837,0.05,18,9.62,3512,0.09858988225460052,3209,0.0001
9.66,3405,62878,0.05,18,9.66,3516,0.055577248334884644,3219,0.0001
9.7,3400,62921,0.05,18,9.7,3520,0.0206790529191494,3230,0.0001
9.65,3397,62958,0.05,18,9.65,3524,0.018972212448716164,3239,0.0001
9.63,3393,62995,0.05,18,9.63,3528,0.020124763250350952,3248,0.0001
9.66,3388,63034,0.05,18,9.66,3532,0.031925201416015625,3258,0.0001
9.67,3384,63075,0.05,18,9.67,3536,0.03501080721616745,3268,0.0001
9.64,3379,63112,0.05,18,9.64,3540,0.03440673276782036,3277,0.0001
9.62,3376,63152,0.05,18,9.62,3544,0.0536961629986763,3287,0.0001
9.57,3372,63188,0.05,18,9.57,3548,0.023812327533960342,3296,0.0001
9.54,3369,63224,0.05,18,9.54,3552,0.0327899195253849,3305,0.0001
9.61,3364,63267,0.05,18,9.61,3556,0.05831276252865791,3316,0.0001
9.61,3360,63303,0.05,18,9.61,3560,0.04881729930639267,3325,0.0001
9.61,3355,63342,0.05,18,9.61,3564,0.012252282351255417,3335,0.0001
9.63,3352,63380,0.05,18,9.63,3568,0.014588392339646816,3344,0.0001
9.67,3347,63419,0.05,18,9.67,3572,0.035462215542793274,3354,0.0001
9.69,3343,63456,0.05,18,9.69,3576,0.01367364265024662,3363,0.0001
9.66,3340,63492,0.05,19,9.66,3580,0.014812538400292397,3372,0.0001
9.62,3335,63531,0.05,19,9.62,3584,0.01742926798760891,3382,0.0001
9.65,3332,63570,0.05,19,9.65,3588,0.03338918462395668,3392,0.0001
9.67,3327,63610,0.05,19,9.67,3592,0.019103331491351128,3402,0.0001
9.67,3323,63649,0.05,19,9.67,3596,0.05174911767244339,3412,0.0001
9.67,3320,63688,0.05,19,9.67,3600,0.02087530866265297,3421,0.0001
9.74,3315,63731,0.05,19,9.74,3604,0.0045317355543375015,3432,0.0001
9.72,3311,63769,0.05,19,9.72,3608,0.03881483152508736,3442,0.0001
9.73,3307,63810,0.05,19,9.73,3612,0.037746258080005646,3452,0.0001
9.7,3303,63848,0.05,19,9.7,3616,0.04484349116683006,3461,0.0001
9.68,3298,63889,0.05,19,9.68,3620,0.011463371105492115,3472,0.0001
9.66,3294,63924,0.05,19,9.66,3624,0.014188657514750957,3480,0.0001
9.67,3291,63962,0.05,19,9.67,3628,0.023724563419818878,3490,0.0001
9.65,3287,63999,0.05,19,9.65,3632,0.03830438852310181,3499,0.0001
9.66,3283,64041,0.05,19,9.66,3636,0.027267955243587494,3510,0.0001
9.64,3280,64076,0.05,19,9.64,3640,0.01706506870687008,3518,0.0001
9.62,3275,64114,0.05,19,9.62,3644,0.025557097047567368,3528,0.0001
9.67,3271,64155,0.05,19,9.67,3648,0.045343805104494095,3538,0.0001
9.7,3266,64194,0.05,19,9.7,3652,0.024075081571936607,3548,0.0001
9.68,3263,64235,0.05,19,9.68,3656,0.042136918753385544,3558,0.0001
9.71,3258,64274,0.05,19,9.71,3660,0.02855302020907402,3568,0.0001
9.71,3255,64313,0.05,19,9.71,3664,0.026777561753988266,3578,0.0001
9.71,3252,64351,0.05,19,9.71,3668,0.03496251255273819,3587,0.0001
9.7,3248,64389,0.05,19,9.7,3672,0.013158743269741535,3597,0.0001
9.71,3244,64427,0.05,19,9.71,3676,0.018804192543029785,3606,0.0001
9.72,3241,64464,0.05,19,9.72,3680,0.0056295436806976795,3615,0.0001
9.73,3238,64504,0.05,19,9.73,3684,0.03355450928211212,3625,0.0001
9.72,3235,64542,0.05,19,9.72,3688,0.04137031361460686,3635,0.0001
9.69,3232,64579,0.05,19,9.69,3692,0.05679900199174881,3644,0.0001
9.71,3228,64620,0.05,20,9.71,3696,0.06499649584293365,3654,0.0001
9.74,3225,64662,0.05,20,9.74,3700,0.06606274843215942,3665,0.0001
9.73,3220,64704,0.05,20,9.73,3704,0.03475748747587204,3675,0.0001
9.77,3218,64746,0.05,20,9.77,3708,0.040079016238451004,3686,0.0001
9.75,3213,64785,0.05,20,9.75,3712,0.0049433521926403046,3696,0.0001
9.76,3209,64824,0.05,20,9.76,3716,0.04446328058838844,3705,0.0001
9.72,3205,64861,0.05,20,9.72,3720,0.031206373125314713,3715,0.0001
9.8,3202,64904,0.05,20,9.8,3724,0.013118830509483814,3725,0.0001
9.8,3199,64942,0.05,20,9.8,3728,0.02723373845219612,3735,0.0001
9.84,3195,64983,0.05,20,9.84,3732,0.00940721482038498,3745,0.0001
9.8,3191,65021,0.05,20,9.8,3736,0.04526599496603012,3755,0.0001
9.84,3188,65060,0.05,20,9.84,3740,0.009725979529321194,3764,0.0001
9.84,3184,65098,0.05,20,9.84,3744,0.02825862541794777,3774,0.0001
9.84,3180,65139,0.05,20,9.84,3748,0.008808935061097145,3784,0.0001
9.86,3177,65180,0.05,20,9.86,3752,0.011699623428285122,3794,0.0001
9.86,3173,65221,0.05,20,9.86,3756,0.01855604723095894,3805,0.0001
9.88,3170,65262,0.05,20,9.88,3760,0.04887710139155388,3815,0.0001
9.88,3166,65301,0.05,20,9.88,3764,0.009234336204826832,3825,0.0001
9.86,3163,65337,0.05,20,9.86,3768,0.00680666696280241,3834,0.0001
9.83,3160,65372,0.05,20,9.83,3772,0.023179741576313972,3842,0.0001
9.83,3157,65410,0.05,20,9.83,3776,0.05716812610626221,3852,0.0001
9.84,3155,65448,0.05,20,9.84,3780,0.055668219923973083,3861,0.0001
9.85,3149,65489,0.05,20,9.85,3784,0.01577027142047882,3872,0.0001
9.84,3145,65526,0.05,20,9.84,3788,0.017218157649040222,3881,0.0001
9.85,3142,65564,0.05,20,9.85,3792,0.0454576201736927,3890,0.0001
9.83,3138,65603,0.05,20,9.83,3796,0.027914952486753464,3900,0.0001
9.78,3135,65640,0.05,20,9.78,3800,0.07271438091993332,3909,0.0001
9.74,3132,65678,0.05,20,9.74,3804,0.05266688019037247,3919,0.0001
9.78,3129,65724,0.05,21,9.78,3808,0.017468413338065147,3930,0.0001
9.76,3125,65761,0.05,21,9.76,3812,0.009015742689371109,3940,0.0001
9.76,3122,65800,0.05,21,9.76,3816,0.008214609697461128,3949,0.0001
9.79,3119,65840,0.05,21,9.79,3820,0.010542371310293674,3959,0.0001
9.75,3115,65879,0.05,21,9.75,3824,0.04091080278158188,3969,0.0001
9.75,3112,65917,0.05,21,9.75,3828,0.03906151279807091,3979,0.0001
9.74,3108,65957,0.05,21,9.74,3832,0.00942958239465952,3989,0.0001
9.75,3104,65996,0.05,21,9.75,3836,0.02396385185420513,3998,0.0001
9.71,3101,66031,0.05,21,9.71,3840,0.02667188085615635,4007,0.0001
9.76,3098,66074,0.05,21,9.76,3844,0.04782618209719658,4018,0.0001
9.72,3095,66111,0.05,21,9.72,3848,0.04128141701221466,4027,0.0001
9.67,3091,66147,0.05,21,9.67,3852,0.015213601291179657,4036,0.0001
9.66,3087,66187,0.05,21,9.66,3856,0.020210253074765205,4046,0.0001
9.63,3084,66225,0.05,21,9.63,3860,0.040615204721689224,4056,0.0001
9.58,3082,66259,0.05,21,9.58,3864,0.026152487844228745,4064,0.0001
9.6,3078,66297,0.05,21,9.6,3868,0.02501068264245987,4074,0.0001
9.62,3075,66334,0.05,21,9.62,3872,0.002494053915143013,4083,0.0001
9.62,3072,66372,0.05,21,9.62,3876,0.05709732323884964,4092,0.0001
9.61,3070,66409,0.05,21,9.61,3880,0.009523376822471619,4102,0.0001
9.59,3067,66448,0.05,21,9.59,3884,0.027832061052322388,4111,0.0001
9.6,3064,66486,0.05,21,9.6,3888,0.022400805726647377,4121,0.0001
9.58,3061,66522,0.05,21,9.58,3892,0.0034220379311591387,4130,0.0001
9.6,3058,66563,0.05,21,9.6,3896,0.0031834295950829983,4140,0.0001
9.6,3055,66600,0.05,21,9.6,3900,0.023684857413172722,4149,0.0001
9.63,3052,66641,0.05,21,9.63,3904,0.0619678720831871,4160,0.0001
9.55,3049,66679,0.05,21,9.55,3908,0.03836923837661743,4169,0.0001
9.59,3046,66720,0.05,21,9.59,3912,0.04400646314024925,4179,0.0001
9.6,3043,66760,0.05,21,9.6,3916,0.02811737358570099,4189,0.0001
9.56,3041,66796,0.05,21,9.56,3920,0.014590908773243427,4198,0.0001
9.54,3038,66833,0.05,21,9.54,3924,0.006427909713238478,4208,0.0001
9.54,3034,66871,0.05,22,9.54,3928,0.004541907459497452,4217,0.0001
9.55,3032,66912,0.05,22,9.55,3932,0.0818808525800705,4227,0.0001
9.53,3029,66949,0.05,22,9.53,3936,0.049762237817049026,4237,0.0001
9.53,3027,66984,0.05,22,9.53,3940,0.021583767607808113,4245,0.0001
9.48,3023,67022,0.05,22,9.48,3944,0.023267582058906555,4255,0.0001
9.5,3019,67061,0.05,22,9.5,3948,0.03201624006032944,4265,0.0001
9.53,3017,67100,0.05,22,9.53,3952,0.02368968538939953,4274,0.0001
9.52,3014,67139,0.05,22,9.52,3956,0.005290933884680271,4284,0.0001
9.53,3012,67178,0.05,22,9.53,3960,0.021214984357357025,4294,0.0001
9.56,3009,67215,0.05,22,9.56,3964,0.024359209463000298,4303,0.0001
9.57,3006,67254,0.05,22,9.57,3968,0.05038214847445488,4313,0.0001
9.6,3004,67294,0.05,22,9.6,3972,0.019106106832623482,4323,0.0001
9.59,3002,67331,0.05,22,9.59,3976,0.01694316975772381,4332,0.0001
9.61,2998,67370,0.05,22,9.61,3980,0.010906924493610859,4342,0.0001
9.63,2994,67411,0.05,22,9.63,3984,0.051662229001522064,4352,0.0001
9.66,2991,67452,0.05,22,9.66,3988,0.026760049164295197,4362,0.0001
9.72,2986,67494,0.05,22,9.72,3992,0.020621707662940025,4373,0.0001
9.68,2983,67531,0.05,22,9.68,3996,0.04538765922188759,4382,0.0001
9.68,2981,67568,0.05,22,9.68,4000,0.023459868505597115,4391,0.0001
9.64,2978,67605,0.05,22,9.64,4004,0.008315264247357845,4401,0.0001
9.64,2975,67643,0.05,22,9.64,4008,0.032008033245801926,4410,0.0001
9.62,2973,67682,0.05,22,9.62,4012,0.032195910811424255,4420,0.0001
9.6,2970,67720,0.05,22,9.6,4016,0.012060464359819889,4429,0.0001
9.61,2966,67757,0.05,22,9.61,4020,0.01919935643672943,4439,0.0001
9.63,2963,67796,0.05,22,9.63,4024,0.04510270804166794,4448,0.0001
9.6,2960,67831,0.05,22,9.6,4028,0.05159828066825867,4457,0.0001
9.54,2958,67866,0.05,22,9.54,4032,0.03101804107427597,4466,0.0001
9.55,2954,67904,0.05,22,9.55,4036,0.020030617713928223,4475,0.0001
9.58,2952,67942,0.05,23,9.58,4040,0.0549749955534935,4485,0.0001
9.56,2950,67978,0.05,23,9.56,4044,0.03513801470398903,4494,0.0001
9.56,2947,68017,0.05,23,9.56,4048,0.022200215607881546,4504,0.0001
9.54,2945,68054,0.05,23,9.54,4052,0.006421142723411322,4513,0.0001
9.53,2941,68092,0.05,23,9.53,4056,0.041349273175001144,4522,0.0001
9.57,2938,68135,0.05,23,9.57,4060,0.05489342659711838,4533,0.0001
9.58,2935,68173,0.05,23,9.58,4064,0.03664559870958328,4543,0.0001
9.58,2933,68212,0.05,23,9.58,4068,0.02456384152173996,4552,0.0001
9.56,2931,68250,0.05,23,9.56,4072,0.03443338721990585,4562,0.0001
9.57,2927,68288,0.05,23,9.57,4076,0.008454926311969757,4571,0.0001
9.55,2925,68325,0.05,23,9.55,4080,0.04451611638069153,4581,0.0001
9.54,2923,68365,0.05,23,9.54,4084,0.021288421005010605,4591,0.0001
9.52,2920,68404,0.05,23,9.52,4088,0.036351870745420456,4600,0.0001
9.5,2917,68444,0.05,23,9.5,4092,0.06166433170437813,4610,0.0001
9.5,2915,68481,0.05,23,9.5,4096,0.013468490913510323,4620,0.0001
9.52,2913,68520,0.05,23,9.52,4100,0.023243121802806854,4629,0.0001
9.51,2910,68556,0.05,23,9.51,4104,0.01585044525563717,4638,0.0001
9.51,2908,68594,0.05,23,9.51,4108,0.033746954053640366,4648,0.0001
9.51,2903,68633,0.05,23,9.51,4112,0.006988165434449911,4658,0.0001
9.51,2901,68671,0.05,23,9.51,4116,0.011468285694718361,4667,0.0001
9.5,2899,68707,0.05,23,9.5,4120,0.02948148176074028,4676,0.0001
9.48,2897,68744,0.05,23,9.48,4124,0.026949066668748856,4685,0.0001
9.48,2894,68779,0.05,23,9.48,4128,0.03628043457865715,4694,0.0001
9.52,2891,68818,0.05,23,9.52,4132,0.013541300781071186,4704,0.0001
9.54,2889,68858,0.05,23,9.54,4136,0.00274705165065825,4714,0.0001
9.55,2886,68897,0.05,23,9.55,4140,0.047516465187072754,4724,0.0001
9.57,2884,68935,0.05,23,9.57,4144,0.03876878693699837,4733,0.0001
9.59,2881,68976,0.05,23,9.59,4148,0.0238972045481205,4743,0.0001
9.58,2879,69012,0.05,23,9.58,4152,0.012347175739705563,4752,0.0001
9.58,2875,69050,0.05,24,9.58,4156,0.005167635157704353,4762,0.0001
9.56,2873,69091,0.05,24,9.56,4160,0.029635481536388397,4772,0.0001
9.52,2871,69125,0.05,24,9.52,4164,0.018332960084080696,4781,0.0001
9.57,2868,69169,0.05,24,9.57,4168,0.05315830558538437,4792,0.0001
9.56,2866,69206,0.05,24,9.56,4172,0.057168129831552505,4801,0.0001
9.59,2863,69247,0.05,24,9.59,4176,0.027248958125710487,4811,0.0001
9.6,2860,69285,0.05,24,9.6,4180,0.02286173216998577,4821,0.0001
9.56,2858,69321,0.05,24,9.56,4184,0.020685363560914993,4830,0.0001
9.55,2856,69359,0.05,24,9.55,4188,0.03763960674405098,4839,0.0001
9.53,2854,69397,0.05,24,9.53,4192,0.07291774451732635,4849,0.0001
9.56,2852,69437,0.05,24,9.56,4196,0.03410410135984421,4859,0.0001
9.57,2849,69477,0.05,24,9.57,4200,0.03130820766091347,4869,0.0001
9.58,2847,69514,0.05,24,9.58,4204,0.015535393729805946,4878,0.0001
9.57,2845,69551,0.05,24,9.57,4208,0.014546657912433147,4887,0.0001
9.58,2842,69591,0.05,24,9.58,4212,0.022976776584982872,4897,0.0001
9.59,2840,69630,0.05,24,9.59,4216,0.033982448279857635,4907,0.0001
9.62,2837,69669,0.05,24,9.62,4220,0.02230636402964592,4917,0.0001
9.63,2833,69707,0.05,24,9.63,4224,0.00864845234900713,4926,0.0001
9.7,2831,69749,0.05,24,9.7,4228,0.03202388435602188,4937,0.0001
9.67,2828,69785,0.05,24,9.67,4232,0.006225718185305595,4946,0.0001
9.64,2826,69822,0.05,24,9.64,4236,0.043241530656814575,4955,0.0001
9.66,2824,69863,0.05,24,9.66,4240,0.005808692425489426,4965,0.0001
9.67,2822,69902,0.05,24,9.67,4244,0.02314251847565174,4975,0.0001
9.63,2819,69939,0.05,24,9.63,4248,0.020549729466438293,4984,0.0001
9.64,2817,69976,0.05,24,9.64,4252,0.04252529889345169,4993,0.0001
9.65,2815,70015,0.05,24,9.65,4256,0.4438248872756958,5003,0.0001
9.61,2813,70052,0.05,24,9.61,4260,0.25889748334884644,5012,0.0001
9.66,2810,70091,0.05,24,9.66,4264,0.13621625304222107,5022,0.0001
9.58,2808,70127,0.05,24,9.58,4268,0.1149313747882843,5031,0.0001
9.57,2806,70163,0.05,25,9.57,4272,0.17298579216003418,5040,0.0001
9.57,2804,70204,0.05,25,9.57,4276,0.0921817347407341,5050,0.0001
9.57,2801,70242,0.05,25,9.57,4280,0.03937482461333275,5060,0.0001
9.57,2799,70278,0.05,25,9.57,4284,0.12883755564689636,5069,0.0001
9.62,2797,70321,0.05,25,9.62,4288,0.12519226968288422,5080,0.0001
9.61,2795,70358,0.05,25,9.61,4292,0.049372341483831406,5089,0.0001
9.62,2792,70399,0.05,25,9.62,4296,0.024892691522836685,5099,0.0001
9.61,2789,70438,0.05,25,9.61,4300,0.06706196814775467,5109,0.0001
9.67,2787,70481,0.05,25,9.67,4304,0.007838227786123753,5120,0.0001
9.7,2786,70521,0.05,25,9.7,4308,0.061593011021614075,5130,0.0001
9.73,2783,70564,0.05,25,9.73,4312,0.04445488005876541,5140,0.0001
9.74,2781,70604,0.05,25,9.74,4316,0.004598279949277639,5150,0.0001
9.74,2778,70643,0.05,25,9.74,4320,0.03907034918665886,5160,0.0001
9.78,2776,70685,0.05,25,9.78,4324,0.05784064531326294,5171,0.0001
9.82,2774,70731,0.05,25,9.82,4328,0.029253780841827393,5182,0.0001
9.88,2771,70773,0.05,25,9.88,4332,0.06590969860553741,5193,0.0001
9.97,2769,70819,0.05,25,9.97,4336,0.07135919481515884,5204,0.0001
10.02,2766,70865,0.05,25,10.02,4340,0.05899282544851303,5216,0.0001
10.05,2763,70907,0.05,25,10.05,4344,0.10478305071592331,5226,0.0001
10.13,2761,70952,0.05,25,10.13,4348,0.028884222730994225,5237,0.0001
10.15,2759,70991,0.05,25,10.15,4352,0.048636890947818756,5247,0.0001
10.19,2756,71034,0.05,25,10.19,4356,0.021221576258540154,5258,0.0001
10.24,2754,71076,0.05,25,10.24,4360,0.11777716130018234,5268,0.0001
10.28,2751,71119,0.05,25,10.28,4364,0.011735036037862301,5279,0.0001
10.34,2750,71161,0.05,25,10.34,4368,0.00825007725507021,5290,0.0001
10.43,2747,71206,0.05,25,10.43,4372,0.10019859671592712,5301,0.0001
10.44,2745,71248,0.05,25,10.44,4376,0.05215299129486084,5311,0.0001
10.49,2743,71291,0.05,25,10.49,4380,0.0097103426232934,5322,0.0001
10.51,2741,71329,0.05,26,10.51,4384,0.1457490473985672,5332,0.0001
10.55,2739,71376,0.05,26,10.55,4388,0.06930462270975113,5343,0.0001
10.62,2736,71420,0.05,26,10.62,4392,0.015037325210869312,5354,0.0001
10.64,2734,71463,0.05,26,10.64,4396,0.04977303743362427,5365,0.0001
10.67,2732,71505,0.05,26,10.67,4400,0.03555531054735184,5376,0.0001
10.72,2729,71553,0.05,26,10.72,4404,0.1284848004579544,5388,0.0001
10.82,2726,71603,0.05,26,10.82,4408,0.06579694151878357,5400,0.0001
10.79,2724,71643,0.05,26,10.79,4412,0.03429709002375603,5410,0.0001
10.8,2722,71684,0.05,26,10.8,4416,0.09363298118114471,5420,0.0001
10.8,2719,71723,0.05,26,10.8,4420,0.0845181792974472,5430,0.0001
10.82,2717,71767,0.05,26,10.82,4424,0.06113678216934204,5441,0.0001
10.75,2715,71806,0.05,26,10.75,4428,0.01506064459681511,5451,0.0001
10.8,2712,71853,0.05,26,10.8,4432,0.04924050718545914,5463,0.0001
10.8,2710,71899,0.05,26,10.8,4436,0.015816763043403625,5474,0.0001
10.76,2708,71941,0.05,26,10.76,4440,0.07483610510826111,5485,0.0001
10.79,2706,71986,0.05,26,10.79,4444,0.026565467938780785,5496,0.0001
10.76,2704,72028,0.05,26,10.76,4448,0.013838524930179119,5506,0.0001
10.84,2702,72075,0.05,26,10.84,4452,0.08245183527469635,5518,0.0001
10.83,2699,72117,0.05,26,10.83,4456,0.051774196326732635,5529,0.0001
10.85,2696,72161,0.05,26,10.85,4460,0.06096065416932106,5540,0.0001
10.87,2693,72206,0.05,26,10.87,4464,0.06300326436758041,5551,0.0001
10.87,2692,72248,0.05,26,10.87,4468,0.018278369680047035,5561,0.0001
10.83,2689,72289,0.05,26,10.83,4472,0.08958755433559418,5572,0.0001
10.84,2688,72332,0.05,26,10.84,4476,0.012065385468304157,5582,0.0001
10.8,2686,72371,0.05,26,10.8,4480,0.0713837668299675,5592,0.0001
10.85,2683,72414,0.05,26,10.85,4484,0.01726178266108036,5603,0.0001
10.79,2682,72455,0.05,27,10.79,4488,0.006735445931553841,5613,0.0001
10.78,2679,72498,0.05,27,10.78,4492,0.07614540308713913,5624,0.0001
10.81,2677,72544,0.05,27,10.81,4496,0.06332240998744965,5635,0.0001
10.78,2675,72583,0.05,27,10.78,4500,0.032537780702114105,5645,0.0001
10.73,2673,72626,0.05,27,10.73,4504,0.042535603046417236,5656,0.0001
10.69,2672,72672,0.05,27,10.69,4508,0.009006788954138756,5667,0.0001
10.72,2669,72715,0.05,27,10.72,4512,0.0650719553232193,5678,0.0001
10.71,2667,72755,0.05,27,10.71,4516,0.10883557051420212,5688,0.0001
10.75,2666,72798,0.05,27,10.75,4520,0.013131259009242058,5699,0.0001
10.75,2663,72842,0.05,27,10.75,4524,0.058298032730817795,5710,0.0001
10.83,2661,72889,0.05,27,10.83,4528,0.05649788677692413,5722,0.0001
10.75,2660,72928,0.05,27,10.75,4532,0.053042810410261154,5731,0.0001
10.76,2657,72975,0.05,27,10.76,4536,0.023684658110141754,5743,0.0001
10.78,2654,73019,0.05,27,10.78,4540,0.030434666201472282,5754,0.0001
10.77,2653,73063,0.05,27,10.77,4544,0.02191982790827751,5765,0.0001
10.79,2651,73107,0.05,27,10.79,4548,0.10076498985290527,5776,0.0001
10.74,2649,73149,0.05,27,10.74,4552,0.049043260514736176,5787,0.0001
10.68,2648,73185,0.05,27,10.68,4556,0.05227316543459892,5796,0.0001
10.68,2645,73229,0.05,27,10.68,4560,0.07365917414426804,5807,0.0001
10.61,2644,73267,0.05,27,10.61,4564,0.017665473744273186,5816,0.0001
10.58,2642,73306,0.05,27,10.58,4568,0.0368598997592926,5826,0.0001
10.6,2640,73349,0.05,27,10.6,4572,0.012982415035367012,5837,0.0001
10.68,2638,73400,0.05,27,10.68,4576,0.13526159524917603,5849,0.0001
10.71,2637,73442,0.05,27,10.71,4580,0.02911999076604843,5860,0.0001
10.72,2634,73486,0.05,27,10.72,4584,0.01959359087049961,5871,0.0001
10.7,2633,73525,0.05,27,10.7,4588,0.048486776649951935,5881,0.0001
10.69,2631,73567,0.05,27,10.69,4592,0.006991508882492781,5891,0.0001
10.61,2629,73605,0.05,27,10.61,4596,0.082250215113163,5901,0.0001
10.6,2628,73643,0.05,28,10.6,4600,0.01671803556382656,5910,0.0001
10.55,2626,73681,0.05,28,10.55,4604,0.046542540192604065,5920,0.0001
10.59,2623,73731,0.05,28,10.59,4608,0.052493806928396225,5932,0.0001
10.61,2622,73776,0.05,28,10.61,4612,0.029891012236475945,5943,0.0001
10.66,2620,73821,0.05,28,10.66,4616,0.04579673334956169,5955,0.0001
10.67,2618,73865,0.05,28,10.67,4620,0.05891494080424309,5966,0.0001
10.68,2616,73910,0.05,28,10.68,4624,0.06366404891014099,5977,0.0001
10.64,2614,73953,0.05,28,10.64,4628,0.007679150905460119,5988,0.0001
10.71,2612,73999,0.05,28,10.71,4632,0.016986792907118797,5999,0.0001
10.69,2611,74044,0.05,28,10.69,4636,0.0374101884663105,6010,0.0001
10.71,2609,74090,0.05,28,10.71,4640,0.09915411472320557,6022,0.0001
10.8,2606,74143,0.05,28,10.8,4644,0.04830426722764969,6035,0.0001
10.74,2605,74181,0.05,28,10.74,4648,0.0424593985080719,6045,0.0001
10.76,2603,74225,0.05,28,10.76,4652,0.0040757195092737675,6056,0.0001
10.78,2601,74263,0.05,28,10.78,4656,0.09465158730745316,6065,0.0001
10.72,2599,74301,0.05,28,10.72,4660,0.00610273377969861,6075,0.0001
10.76,2597,74343,0.05,28,10.76,4664,0.0177405197173357,6085,0.0001
10.79,2595,74385,0.05,28,10.79,4668,0.11222229152917862,6096,0.0001
10.75,2593,74424,0.05,28,10.75,4672,0.017432814463973045,6105,0.0001
10.65,2591,74465,0.05,28,10.65,4676,0.05782929062843323,6116,0.0001
10.67,2589,74509,0.05,28,10.67,4680,0.1697443723678589,6127,0.0001
10.67,2587,74553,0.05,28,10.67,4684,0.08158945292234421,6138,0.0001
10.67,2585,74592,0.05,28,10.67,4688,0.011210606433451176,6147,0.0001
10.65,2583,74632,0.05,28,10.65,4692,0.04097731411457062,6157,0.0001
10.7,2581,74675,0.05,28,10.7,4696,0.16675442457199097,6168,0.0001
10.75,2579,74718,0.05,28,10.75,4700,0.009040663950145245,6179,0.0001
10.8,2578,74761,0.05,28,10.8,4704,0.07014291733503342,6190,0.0001
10.76,2576,74807,0.05,29,10.76,4708,0.010517967864871025,6201,0.0001
10.76,2574,74852,0.05,29,10.76,4712,0.06852394342422485,6212,0.0001
10.73,2571,74894,0.05,29,10.73,4716,0.004299975465983152,6223,0.0001
10.72,2568,74937,0.05,29,10.72,4720,0.032673925161361694,6234,0.0001
10.72,2567,74982,0.05,29,10.72,4724,0.011260720901191235,6245,0.0001
10.78,2564,75031,0.05,29,10.78,4728,0.11077599972486496,6257,0.0001
10.76,2562,75075,0.05,29,10.76,4732,0.08887497335672379,6268,0.0001
10.75,2561,75119,0.05,29,10.75,4736,0.08566592633724213,6279,0.0001
10.77,2558,75167,0.05,29,10.77,4740,0.0356605164706707,6291,0.0001
10.75,2555,75218,0.05,29,10.75,4744,0.08566977083683014,6304,0.0001
10.89,2554,75270,0.05,29,10.89,4748,0.0077141509391367435,6317,0.0001
10.94,2552,75319,0.05,29,10.94,4752,0.05208685249090195,6329,0.0001
11.04,2549,75367,0.05,29,11.04,4756,0.017384137958288193,6341,0.0001
11.09,2547,75410,0.05,29,11.09,4760,0.07843625545501709,6352,0.0001
11.09,2545,75452,0.05,29,11.09,4764,0.02689112164080143,6362,0.0001
11.08,2543,75493,0.05,29,11.08,4768,0.0513291135430336,6373,0.0001
11.1,2542,75534,0.05,29,11.1,4772,0.02163197286427021,6383,0.0001
11.1,2539,75575,0.05,29,11.1,4776,0.09467990696430206,6393,0.0001
11.04,2538,75613,0.05,29,11.04,4780,0.1180565282702446,6403,0.0001
11.06,2536,75659,0.05,29,11.06,4784,0.08052679151296616,6414,0.0001
11.14,2534,75706,0.05,29,11.14,4788,0.03613671287894249,6426,0.0001
11.26,2533,75758,0.05,29,11.26,4792,0.10421288758516312,6439,0.0001
11.39,2530,75814,0.05,29,11.39,4796,0.03601677343249321,6453,0.0001
11.38,2528,75856,0.05,29,11.38,4800,0.08531829714775085,6463,0.0001
11.41,2526,75902,0.05,30,11.41,4804,0.053639814257621765,6475,0.0001
11.4,2525,75947,0.05,30,11.4,4808,0.07981982082128525,6486,0.0001
11.45,2523,75997,0.05,30,11.45,4812,0.02900664322078228,6499,0.0001
11.51,2520,76045,0.05,30,11.51,4816,0.03335348516702652,6511,0.0001
11.63,2519,76100,0.05,30,11.63,4820,0.012404053471982479,6524,0.0001
11.68,2517,76150,0.05,30,11.68,4824,0.05180086940526962,6537,0.0001
11.66,2514,76197,0.05,30,11.66,4828,0.09997788071632385,6549,0.0001
11.72,2513,76247,0.05,30,11.72,4832,0.13325153291225433,6561,0.0001
11.77,2511,76296,0.05,30,11.77,4836,0.014322605915367603,6573,0.0001
11.74,2508,76341,0.05,30,11.74,4840,0.07286784797906876,6585,0.0001
11.66,2506,76384,0.05,30,11.66,4844,0.012554774060845375,6595,0.0001
11.62,2505,76432,0.05,30,11.62,4848,0.08636641502380371,6607,0.0001
11.59,2503,76478,0.05,30,11.59,4852,0.05294029787182808,6619,0.0001
11.64,2501,76531,0.05,30,11.64,4856,0.038641903549432755,6632,0.0001
11.69,2499,76579,0.05,30,11.69,4860,0.016582340002059937,6644,0.0001
11.77,2497,76629,0.05,30,11.77,4864,0.10730717331171036,6657,0.0001
11.87,2495,76680,0.05,30,11.87,4868,0.13122710585594177,6669,0.0001
11.94,2494,76728,0.05,30,11.94,4872,0.04576712101697922,6681,0.0001
11.99,2492,76774,0.05,30,11.99,4876,0.010609019547700882,6693,0.0001
12.12,2490,76825,0.05,30,12.12,4880,0.0347045361995697,6706,0.0001
12.21,2489,76880,0.05,30,12.21,4884,0.1383148729801178,6719,0.0001
12.27,2486,76933,0.05,30,12.27,4888,0.04864031821489334,6733,0.0001
12.24,2484,76982,0.05,30,12.24,4892,0.03306478634476662,6745,0.0001
12.19,2482,77033,0.05,31,12.19,4896,0.026103394106030464,6758,0.0001
12.31,2481,77087,0.05,31,12.31,4900,0.041687291115522385,6771,0.0001
12.31,2479,77133,0.05,31,12.31,4904,0.058601006865501404,6783,0.0001
12.3,2477,77177,0.05,31,12.3,4908,0.05610093101859093,6794,0.0001
12.26,2475,77223,0.05,31,12.26,4912,0.06145182624459267,6805,0.0001
12.26,2473,77271,0.05,31,12.26,4916,0.04151010140776634,6817,0.0001
12.23,2471,77323,0.05,31,12.23,4920,0.03392479568719864,6830,0.0001
12.24,2469,77374,0.05,31,12.24,4924,0.038460493087768555,6843,0.0001
12.27,2467,77424,0.05,31,12.27,4928,0.08299947530031204,6855,0.0001
12.25,2465,77472,0.05,31,12.25,4932,0.0260287094861269,6867,0.0001
12.28,2463,77524,0.05,31,12.28,4936,0.04373294487595558,6880,0.0001
12.4,2461,77581,0.05,31,12.4,4940,0.19939745962619781,6895,0.0001
12.47,2460,77631,0.05,31,12.47,4944,0.07173562049865723,6907,0.0001
12.47,2458,77679,0.05,31,12.47,4948,0.05444107577204704,6919,0.0001
12.52,2457,77730,0.05,31,12.52,4952,0.06723790615797043,6932,0.0001
12.52,2455,77783,0.05,31,12.52,4956,0.06062891706824303,6945,0.0001
12.74,2453,77853,0.05,31,12.74,4960,0.04952774941921234,6963,0.0001
12.82,2451,77911,0.05,31,12.82,4964,0.11939167976379395,6977,0.0001
12.77,2450,77957,0.05,31,12.77,4968,0.11843650788068771,6989,0.0001
12.79,2448,78007,0.05,31,12.79,4972,0.062186241149902344,7001,0.0001
12.86,2447,78060,0.05,31,12.86,4976,0.1205877959728241,7014,0.0001
12.82,2445,78107,0.05,31,12.82,4980,0.05950818955898285,7026,0.0001
12.76,2444,78156,0.05,31,12.76,4984,0.043696314096450806,7038,0.0001
12.69,2442,78202,0.05,32,12.69,4988,0.06292752176523209,7050,0.0001
12.7,2441,78252,0.05,32,12.7,4992,0.12685830891132355,7062,0.0001
12.7,2439,78303,0.05,32,12.7,4996,0.06698393821716309,7075,0.0001
12.63,2437,78350,0.05,32,12.63,5000,0.09517859667539597,7087,0.0001
12.71,2435,78404,0.05,32,12.71,5004,0.009090617299079895,7100,0.0001
12.76,2434,78453,0.05,32,12.76,5008,0.015189210884273052,7113,0.0001
12.71,2433,78494,0.05,32,12.71,5012,0.07971081137657166,7123,0.0001
12.73,2431,78544,0.05,32,12.73,5016,0.02126251347362995,7135,0.0001
12.67,2430,78590,0.05,32,12.67,5020,0.017913084477186203,7147,0.0001
12.63,2428,78637,0.05,32,12.63,5024,0.06136253476142883,7159,0.0001
12.64,2426,78688,0.05,32,12.64,5028,0.045442208647727966,7171,0.0001
12.68,2425,78740,0.05,32,12.68,5032,0.01693311519920826,7184,0.0001
12.68,2423,78792,0.05,32,12.68,5036,0.03386041522026062,7197,0.0001
12.62,2422,78843,0.05,32,12.62,5040,0.11049871146678925,7210,0.0001
13.14,2419,78945,0.05,32,13.14,5044,0.018449852243065834,7236,0.0001
13.39,2417,79018,0.05,32,13.39,5048,0.05307833477854729,7254,0.0001
13.37,2415,79067,0.05,32,13.37,5052,0.09556316584348679,7266,0.0001
13.3,2414,79113,0.05,32,13.3,5056,0.02387579157948494,7278,0.0001
13.07,2412,79160,0.05,32,13.07,5060,0.08808457851409912,7289,0.0001
12.94,2411,79205,0.05,32,12.94,5064,0.06476832926273346,7301,0.0001
12.96,2410,79253,0.05,32,12.96,5068,0.050374098122119904,7313,0.0001
12.94,2408,79301,0.05,32,12.94,5072,0.10525253415107727,7325,0.0001
12.85,2407,79345,0.05,32,12.85,5076,0.06407775729894638,7336,0.0001
12.81,2406,79388,0.05,32,12.81,5080,0.07653423398733139,7346,0.0001
12.77,2404,79433,0.05,33,12.77,5084,0.08607937395572662,7358,0.0001
12.73,2403,79475,0.05,33,12.73,5088,0.05142137035727501,7368,0.0001
12.66,2402,79518,0.05,33,12.66,5092,0.05011316016316414,7379,0.0001
12.56,2400,79559,0.05,33,12.56,5096,0.04871136322617531,7389,0.0001
12.55,2399,79605,0.05,33,12.55,5100,0.040377140045166016,7401,0.0001
12.49,2397,79653,0.05,33,12.49,5104,0.09568849205970764,7413,0.0001
12.39,2396,79692,0.05,33,12.39,5108,0.013688689097762108,7422,0.0001
12.39,2395,79733,0.05,33,12.39,5112,0.06024639680981636,7433,0.0001
12.25,2393,79769,0.05,33,12.25,5116,0.02494722604751587,7442,0.0001
12.17,2392,79807,0.05,33,12.17,5120,0.019642671570181847,7451,0.0001
12.11,2391,79848,0.05,33,12.11,5124,0.043013378977775574,7461,0.0001
12.01,2389,79889,0.05,33,12.01,5128,0.11798156052827835,7472,0.0001
11.99,2388,79939,0.05,33,11.99,5132,0.07362526655197144,7484,0.0001
11.91,2386,79983,0.05,33,11.91,5136,0.1150340586900711,7495,0.0001
11.81,2385,80024,0.05,33,11.81,5140,0.43534642457962036,7505,0.0001
11.21,2383,80066,0.05,33,11.21,5144,0.15614084899425507,7516,0.0001
10.91,2382,80109,0.05,33,10.91,5148,0.07599499821662903,7527,0.0001
10.83,2381,80150,0.05,33,10.83,5152,0.20316754281520844,7537,0.0001
10.79,2380,80192,0.05,33,10.79,5156,0.2138271927833557,7547,0.0001
10.81,2378,80241,0.05,33,10.81,5160,0.08809171617031097,7560,0.0001
10.91,2377,80296,0.05,33,10.91,5164,0.264269083738327,7573,0.0001
11.03,2375,80356,0.05,33,11.03,5168,0.04164581000804901,7588,0.0001
11.07,2373,80408,0.05,33,11.07,5172,0.0648130476474762,7601,0.0001
11.28,2372,80473,0.05,33,11.28,5176,0.19601373374462128,7618,0.0001
13.24,2367,80712,0.05,34,13.24,5180,0.07115678489208221,7677,0.0001
14.16,2363,80849,0.05,34,14.16,5184,0.005880577489733696,7712,0.0001
15.98,2359,81073,0.05,34,15.98,5188,0.08242380619049072,7768,0.0001
20.11,2350,81529,0.05,34,20.11,5192,0.07713167369365692,7882,0.0001
23.45,2343,81904,0.05,34,23.45,5196,0.06513764709234238,7975,0.0001
24.69,2339,82074,0.05,35,24.69,5200,0.04463968798518181,8018,0.0001
27.6,2333,82413,0.05,35,27.6,5204,0.005295624025166035,8103,0.0001
33.1,2322,83002,0.05,35,33.1,5208,0.08153899759054184,8250,0.0001
39.57,2311,83690,0.05,36,39.57,5212,0.16709686815738678,8422,0.0001
46.16,2299,84385,0.05,36,46.16,5216,0.03693823888897896,8596,0.0001
53.04,2287,85111,0.05,37,53.04,5220,0.05267307534813881,8777,0.0001
59.83,2276,85831,0.05,37,59.83,5224,0.05705500766634941,8957,0.0001
66.89,2264,86578,0.05,38,66.89,5228,0.07930132746696472,9144,0.0001
74.41,2252,87380,0.05,38,74.41,5232,0.00806007906794548,9344,0.0001
81.41,2241,88124,0.05,39,81.41,5236,0.04465917870402336,9530,0.0001
88.28,2231,88852,0.05,39,88.28,5240,0.02038879692554474,9712,0.0001
95.91,2218,89657,0.05,40,95.91,5244,0.011387714184820652,9914,0.0001
103.72,2207,90481,0.05,40,103.72,5248,0.06176437810063362,10120,0.0001
110.22,2198,91172,0.05,41,110.22,5252,0.08547087013721466,10292,0.0001
116.44,2189,91836,0.05,41,116.44,5256,0.10559941083192825,10458,0.0001
123.19,2179,92560,0.05,42,123.19,5260,0.21448040008544922,10639,0.0001
129.38,2171,93234,0.05,42,129.38,5264,0.17244939506053925,10808,0.0001
136.21,2162,93977,0.05,43,136.21,5268,0.00771342683583498,10994,0.0001
143.09,2153,94717,0.05,43,143.09,5272,0.011424772441387177,11179,0.0001
150.16,2143,95489,0.05,44,150.16,5276,0.047543711960315704,11372,0.0001
155.72,2135,96284,0.05,45,155.72,5280,0.003397176507860422,11570,0.0001
161.74,2127,97023,0.05,45,161.74,5284,0.10889189690351486,11755,0.0001
166.7,2120,97743,0.05,46,166.7,5288,0.009314817376434803,11935,0.0001
169.39,2112,98468,0.05,46,169.39,5292,0.15664361417293549,12116,0.0001
173.92,2103,99296,0.05,47,173.92,5296,0.1942106932401657,12323,0.0001
180.74,2095,100148,0.05,47,180.74,5300,0.1260155588388443,12536,0.0001
184.02,2088,100815,0.05,48,184.02,5304,0.08554649353027344,12703,0.0001
186.1,2081,101612,0.05,48,186.1,5308,0.047444894909858704,12902,0.0001
190.31,2071,102721,0.05,49,190.31,5312,0.16706041991710663,13180,0.0001
193.79,2063,103764,0.05,50,193.79,5316,0.0051741162315011024,13440,0.0001
194.97,2055,104608,0.05,50,194.97,5320,0.08830418437719345,13651,0.0001
196.54,2047,105485,0.05,51,196.54,5324,0.08573413640260696,13871,0.0001
199.99,2038,106577,0.05,52,199.99,5328,0.19176724553108215,14144,0.0001
202.15,2030,107595,0.05,52,202.15,5332,0.12915679812431335,14398,0.0001
203.0,2023,108424,0.05,53,203.0,5336,0.025962837040424347,14605,0.0001
207.85,2014,109637,0.05,54,207.85,5340,0.09286268800497055,14909,0.0001
208.24,2008,110481,0.05,55,208.24,5344,0.031147275120019913,15120,0.0001
212.29,1999,111710,0.05,55,212.29,5348,0.039597660303115845,15427,0.0001
216.3,1991,112802,0.05,56,216.3,5352,0.241485133767128,15700,0.0001
221.11,1983,113947,0.05,57,221.11,5356,0.008313633501529694,15986,0.0001
225.69,1975,115129,0.05,58,225.69,5360,0.03459160774946213,16282,0.0001
230.4,1968,116274,0.05,59,230.4,5364,0.00727924844250083,16568,0.0001
235.96,1960,117573,0.05,59,235.96,5368,0.37250828742980957,16893,0.0001
241.62,1953,118879,0.05,60,241.62,5372,0.011856954544782639,17219,0.0001
245.78,1946,120067,0.05,61,245.78,5376,0.18365168571472168,17516,0.0001
247.57,1939,121041,0.05,62,247.57,5380,0.10478537529706955,17760,0.0001
249.76,1933,121999,0.05,63,249.76,5384,0.014933131635189056,17999,0.0001
253.04,1927,123047,0.05,63,253.04,5388,0.055912718176841736,18261,0.0001
258.2,1921,124288,0.05,64,258.2,5392,0.024811333045363426,18571,0.0001
261.83,1915,125479,0.05,65,261.83,5396,0.07137087732553482,18869,0.0001
263.56,1909,126504,0.05,66,263.56,5400,0.18499241769313812,19125,0.0001
267.1,1904,127525,0.05,66,267.1,5404,0.0206478051841259,19381,0.0001
269.73,1899,128585,0.05,67,269.73,5408,0.08191841840744019,19646,0.0001
269.32,1894,129653,0.05,68,269.32,5412,0.36714011430740356,19913,0.0001
268.54,1890,130618,0.05,69,268.54,5416,0.14346663653850555,20154,0.0001
269.89,1885,131597,0.05,69,269.89,5420,0.013892369344830513,20399,0.0001
269.57,1882,132442,0.05,70,269.57,5424,0.025199420750141144,20610,0.0001
270.43,1876,133620,0.05,71,270.43,5428,0.20907479524612427,20904,0.0001
269.53,1872,134548,0.05,71,269.53,5432,0.01370957214385271,21136,0.0001
269.33,1869,135357,0.05,72,269.33,5436,0.006571445148438215,21339,0.0001
268.66,1863,136503,0.05,73,268.66,5440,0.09973783046007156,21625,0.0001
270.5,1859,137531,0.05,73,270.5,5444,0.007878648117184639,21882,0.0001
271.12,1853,138822,0.05,74,271.12,5448,0.027956154197454453,22205,0.0001
270.75,1849,139877,0.05,75,270.75,5452,0.09704476594924927,22469,0.0001
268.74,1845,140821,0.05,76,268.74,5456,0.0608719065785408,22705,0.0001
267.66,1842,141895,0.05,77,267.66,5460,0.29916104674339294,22973,0.0001
265.24,1838,142798,0.05,77,265.24,5464,0.09431388974189758,23199,0.0001
261.28,1834,143701,0.05,78,261.28,5468,0.022949878126382828,23425,0.0001
259.78,1828,144857,0.05,79,259.78,5472,0.1622460037469864,23714,0.0001
256.45,1824,145712,0.05,79,256.45,5476,0.010032974183559418,23927,0.0001
258.25,1820,146866,0.05,80,258.25,5480,0.2428140491247177,24216,0.0001
258.35,1816,147834,0.05,81,258.35,5484,0.20553533732891083,24458,0.0001
259.07,1812,148954,0.05,82,259.07,5488,0.07243774086236954,24738,0.0001
255.95,1808,149883,0.05,82,255.95,5492,0.16126027703285217,24970,0.0001
253.78,1806,150857,0.05,83,253.78,5496,0.00826570950448513,25214,0.0001
251.8,1803,151684,0.05,84,251.8,5500,0.12728972733020782,25420,0.0001
253.68,1800,152893,0.05,84,253.68,5504,0.03441230580210686,25723,0.0001
252.9,1796,153875,0.05,85,252.9,5508,0.016224706545472145,25968,0.0001
252.49,1792,154902,0.05,86,252.49,5512,0.13051837682724,26225,0.0001
249.64,1790,155582,0.05,86,249.64,5516,0.10238789021968842,26395,0.0001
250.05,1787,156602,0.05,87,250.05,5520,0.032646119594573975,26650,0.0001
250.89,1784,157531,0.05,88,250.89,5524,0.034844864159822464,26882,0.0001
247.46,1781,158366,0.05,88,247.46,5528,0.004606691189110279,27091,0.0001
246.12,1777,159160,0.05,89,246.12,5532,0.01313240360468626,27289,0.0001
246.25,1774,159982,0.05,90,246.25,5536,0.0051385750994086266,27495,0.0001
240.89,1772,160592,0.05,90,240.89,5540,0.08705372363328934,27647,0.0001
239.0,1770,161431,0.05,91,239.0,5544,0.2851325273513794,27857,0.0001
233.22,1768,162144,0.05,91,233.22,5548,0.0113637400791049,28035,0.0001
232.67,1766,163144,0.05,92,232.67,5552,0.011597252450883389,28285,0.0001
231.05,1763,163926,0.05,92,231.05,5556,0.06536316126585007,28481,0.0001
227.5,1762,164645,0.05,93,227.5,5560,0.020021727308630943,28661,0.0001
226.86,1759,165484,0.05,94,226.86,5564,0.007019545417279005,28870,0.0001
227.12,1757,166413,0.05,94,227.12,5568,0.2859109044075012,29103,0.0001
224.89,1755,167346,0.05,95,224.89,5572,0.17554451525211334,29336,0.0001
225.5,1752,168262,0.05,95,225.5,5576,0.05976621061563492,29565,0.0001
221.57,1751,169023,0.05,96,221.57,5580,0.17864027619361877,29755,0.0001
218.89,1749,169723,0.05,97,218.89,5584,0.009669565595686436,29930,0.0001
216.09,1747,170563,0.05,97,216.09,5588,0.030807074159383774,30140,0.0001
214.15,1746,171298,0.05,98,214.15,5592,0.02358042448759079,30324,0.0001
212.63,1744,172120,0.05,98,212.63,5596,0.21292299032211304,30529,0.0001
212.92,1742,172976,0.05,99,212.92,5600,0.3115333318710327,30743,0.0001
212.02,1740,174095,0.05,100,212.02,5604,0.10045064985752106,31023,0.0001
211.94,1738,175069,0.05,100,211.94,5608,0.027912046760320663,31267,0.0001
210.18,1736,175920,0.05,101,210.18,5612,0.32963234186172485,31479,0.0001
211.69,1734,176751,0.05,101,211.69,5616,0.05414707213640213,31687,0.0001
211.53,1732,177755,0.05,102,211.53,5620,0.29408103227615356,31938,0.0001
211.69,1730,178700,0.05,103,211.69,5624,0.014963996596634388,32174,0.0001
211.82,1728,179548,0.05,103,211.82,5628,0.12994474172592163,32386,0.0001
213.26,1726,180486,0.05,104,213.26,5632,0.014278192073106766,32621,0.0001
213.32,1724,181314,0.05,105,213.32,5636,0.29156526923179626,32828,0.0001
216.01,1722,182193,0.05,105,216.01,5640,0.21308673918247223,33048,0.0001
216.22,1721,183053,0.05,106,216.22,5644,0.019565418362617493,33263,0.0001
219.05,1719,184049,0.05,107,219.05,5648,0.7181648015975952,33512,0.0001
218.55,1717,184999,0.05,107,218.55,5652,0.27409300208091736,33749,0.0001
219.26,1715,185852,0.05,108,219.26,5656,0.18238531053066254,33962,0.0001
220.38,1714,186683,0.05,108,220.38,5660,0.337490975856781,34170,0.0001
222.26,1712,187710,0.05,109,222.26,5664,0.2133997529745102,34427,0.0001
221.44,1710,188557,0.05,110,221.44,5668,0.02478683367371559,34639,0.0001
219.7,1709,189316,0.05,110,219.7,5672,0.009482749737799168,34828,0.0001
220.85,1708,190347,0.05,111,220.85,5676,0.018738018348813057,35086,0.0001
220.68,1706,191091,0.05,111,220.68,5680,0.33585718274116516,35272,0.0001
221.86,1705,191909,0.05,112,221.86,5684,0.01402108184993267,35477,0.0001
221.44,1703,192707,0.05,113,221.44,5688,0.11165498197078705,35676,0.0001
224.35,1702,193733,0.05,113,224.35,5692,0.618069052696228,35933,0.0001
225.6,1700,194680,0.05,114,225.6,5696,0.013737627305090427,36169,0.0001
225.73,1698,195549,0.05,115,225.73,5700,0.05722504481673241,36387,0.0001
222.06,1697,196301,0.05,115,222.06,5704,0.10203438997268677,36575,0.0001
221.27,1696,197196,0.05,116,221.27,5708,0.017577365040779114,36798,0.0001
221.56,1694,198076,0.05,116,221.56,5712,0.14557549357414246,37018,0.0001
227.29,1692,199480,0.05,117,227.29,5716,0.03985336422920227,37369,0.0001
