rollout/ep_rew_mean,time/total_timesteps,rollout/ep_len_mean,time/fps,time/iterations,time/time_elapsed,train/std,train/clip_range,train/policy_gradient_loss,train/value_loss,train/loss,train/approx_kl,train/clip_fraction,train/n_updates,train/explained_variance,train/learning_rate,train/entropy_loss
-115.6146245,2048,451.75,1286,1,1,,,,,,,,,,,
-112.9901644,4096,681.4,997,2,4,1.0090346336364746,0.2,-0.009875147226557602,119.19604423120617,63.54595184326172,0.007724522,0.05615234375,10,0.0005758404731750488,0.0003,-5.695970068871975
-112.035524875,6144,647.375,922,3,6,0.9931986331939697,0.2,-0.016068383739184355,0.6389967430382967,0.10498211532831192,0.013030365,0.17431640625,20,0.3110235333442688,0.0003,-5.667004378139973
-109.87037800000002,8192,628.3636363636364,890,4,9,0.9918858408927917,0.2,-0.007148445603525034,67.56238005831838,17.897336959838867,0.0066605234,0.03515625,30,0.058629512786865234,0.0003,-5.645331609249115
-109.35721215384615,10240,777.8461538461538,873,5,11,0.9928983449935913,0.2,-0.005980264300887939,58.36531651271507,57.59619140625,0.009827616,0.07216796875,40,0.2715097665786743,0.0003,-5.645743776857853
-109.63853335714285,12288,836.5714285714286,862,6,14,0.9777770042419434,0.2,-0.01345188068371499,0.30817873030900955,0.07858122885227203,0.01204324,0.147021484375,50,0.48529356718063354,0.0003,-5.611876605451107
-109.11893731250001,14336,836.1875,851,7,16,0.9531881213188171,0.2,-0.014635972616088112,0.48061185060068967,0.28398993611335754,0.011920393,0.128857421875,60,0.8056298047304153,0.0003,-5.524081002175808
-107.97537016666666,16384,835.8333333333334,846,8,19,0.9500659704208374,0.2,-0.0035714731207917793,26.04082827679813,0.6304435133934021,0.010616013,0.059326171875,70,0.11742424964904785,0.0003,-5.473831464350224
-105.96500940000001,18432,912.25,841,9,21,0.9522067308425903,0.2,-0.006075621649506502,21.964342590875457,2.1622939109802246,0.0036596549,0.032470703125,80,0.45068103075027466,0.0003,-5.470014372467995
-105.91182477272727,20480,905.3181818181819,836,10,24,0.9488184452056885,0.2,-0.009670934150926768,0.47947127984371035,0.005765654146671295,0.010394677,0.10341796875,90,0.8840965703129768,0.0003,-5.4761902138590814
-105.58722569565217,22528,935.5217391304348,833,11,27,0.9512319564819336,0.2,-0.006852667358907638,21.567405249900183,0.13701719045639038,0.007611685,0.06328125,100,0.432969331741333,0.0003,-5.46934809833765
-104.94430468,24576,927.0,830,12,29,0.9384292364120483,0.2,-0.008667269122088327,0.1481947524123825,0.03090100735425949,0.013684584,0.12646484375,110,-0.26434946060180664,0.0003,-5.447256578505039
-104.31000326666668,26624,886.2,828,13,32,0.9329807162284851,0.2,-0.006045978359907167,19.676157178974243,17.889501571655273,0.011684696,0.09306640625,120,0.26762932538986206,0.0003,-5.408311206102371
-103.65803393548389,28672,909.2258064516129,826,14,34,0.9336539506912231,0.2,-0.0016327520948834716,48.781929267384115,19.150571823120117,0.0020788326,0.001025390625,130,0.6055344343185425,0.0003,-5.398488120734692
-103.05717971875,30720,930.8125,825,15,37,0.9282823801040649,0.2,-0.008418413539766334,0.09354628283181228,0.02697676420211792,0.008539402,0.0837890625,140,-0.6972953081130981,0.0003,-5.390313386917114
-102.48091394117648,32768,925.2941176470588,824,16,39,0.9220853447914124,0.2,-0.005857233376445947,0.9613160799723118,0.4127931296825409,0.005339628,0.07490234375,150,0.5801656246185303,0.0003,-5.3661200374364855
-101.11563902777777,34816,962.7777777777778,822,17,42,0.9209083318710327,0.2,-0.007661355787422508,12.698873149673455,0.10914328694343567,0.006111498,0.045166015625,160,0.7415463626384735,0.0003,-5.348069760203361
-100.30338194594594,36864,980.0,821,18,44,0.9108444452285767,0.2,-0.007949009144795127,0.12189389322884381,0.02924252860248089,0.008671259,0.0900390625,170,-0.46328842639923096,0.0003,-5.319760829210281
-99.60189271052631,38912,996.3157894736842,821,19,47,0.8978891372680664,0.2,-0.010364308668795275,0.10820631893584505,0.012789400294423103,0.011684973,0.10498046875,180,0.4234933853149414,0.0003,-5.2631982758641245
-98.77823523076924,40960,1011.7948717948718,820,20,49,0.8913407921791077,0.2,-0.00736898397517507,0.0801685341168195,0.02722983807325363,0.007752605,0.075830078125,190,0.5127717554569244,0.0003,-5.225122936069965
-97.47925211904762,43008,1018.7619047619048,819,21,52,0.8784679770469666,0.2,-0.010293436494248454,0.09606933717150241,-0.013889187946915627,0.009546891,0.098095703125,200,0.505475640296936,0.0003,-5.177470880746841
-96.71052606976744,45056,1032.2790697674418,819,22,54,0.8777889013290405,0.2,-0.00858468683582032,10.435916954092681,3.022066116333008,0.009247561,0.073095703125,210,0.7390734255313873,0.0003,-5.152804112434387
-95.66224368181817,47104,1045.1818181818182,818,23,57,0.8667533993721008,0.2,-0.009402950765797868,0.12506454228423536,0.04458394646644592,0.010924801,0.116259765625,220,0.7193952798843384,0.0003,-5.126275998353958
-94.76184157777776,49152,1057.5111111111112,817,24,60,0.8527766466140747,0.2,-0.01698505119420588,0.12803297673817723,0.06342408061027527,0.012264891,0.138134765625,230,0.6503783762454987,0.0003,-5.065658341348171
-93.2725403,51200,1020.84,817,25,62,0.8388926982879639,0.2,-0.012997030159749557,0.12410820962395519,0.052966274321079254,0.011060044,0.11884765625,240,0.6500687897205353,0.0003,-4.996837443113327
-91.99483488235295,53248,1032.1960784313726,817,26,65,0.8398228287696838,0.2,-0.006025097813108005,25.433968694135547,14.632122993469238,0.004154893,0.020556640625,250,0.7786198556423187,0.0003,-4.970150643587113
-90.65848626923078,55296,1043.1153846153845,817,27,67,0.8283193111419678,0.2,-0.01344233725394588,0.1924750309670344,0.08230959624052048,0.010228897,0.119970703125,260,0.7259162664413452,0.0003,-4.943864150345325
-89.55746803773584,57344,1053.622641509434,816,28,70,0.8188939094543457,0.2,-0.011869827911141329,0.19375127365346997,0.11182856559753418,0.009745846,0.12578125,270,0.7680641710758209,0.0003,-4.8924075901508335
-87.19738801785714,59392,1056.3214285714287,817,29,72,0.8093518018722534,0.2,-0.018850160267902538,0.1782359424047172,0.06452952325344086,0.012770007,0.1625,280,0.7795109301805496,0.0003,-4.844795227050781
-85.76834299999999,61440,1065.859649122807,817,30,75,0.8075356483459473,0.2,-0.0088926949625602,37.612290719337764,17.55756378173828,0.0078996895,0.075927734375,290,-0.3842359781265259,0.0003,-4.821021766960621
-84.40080696551723,63488,1075.0689655172414,817,31,77,0.7996287941932678,0.2,-0.012433709128526971,0.23081900170072914,0.0888175293803215,0.013023727,0.139501953125,300,0.7078146636486053,0.0003,-4.797286781668663
-82.7559550677966,65536,1083.9661016949153,816,32,80,0.7879728078842163,0.2,-0.015087430698622483,0.39932381263934075,0.23176419734954834,0.012257157,0.14189453125,310,0.6922454833984375,0.0003,-4.746435463428497
-78.93067206557377,67584,1100.8852459016393,816,33,82,0.7753853797912598,0.2,-0.0137579070738866,0.3323178098537028,0.060263972729444504,0.012495914,0.12744140625,320,0.828377366065979,0.0003,-4.684201069176197
-79.0288516984127,69632,1089.936507936508,816,34,85,0.7650331258773804,0.2,-0.017859348513593432,0.4205582382157445,0.21307876706123352,0.012062484,0.15205078125,330,0.7985906451940536,0.0003,-4.625258204340935
-77.74047358208955,71680,1057.5671641791046,816,35,87,0.7654245495796204,0.2,-0.00898393369425321,23.32474025283009,1.6033453941345215,0.0066100834,0.05869140625,340,0.754392459988594,0.0003,-4.5982973903417586
-76.73591878260869,73728,1051.0289855072465,817,36,90,0.7657501697540283,0.2,-0.008332371037977283,19.545544952899217,6.249784469604492,0.0052407915,0.0302734375,350,0.9161998853087425,0.0003,-4.602030077576638
-75.65863993150685,75776,1036.4109589041095,816,37,92,0.7650174498558044,0.2,-0.01012836614754633,5.384084943914786,0.8020962476730347,0.009201192,0.106689453125,360,0.9310928359627724,0.0003,-4.600348316133022
-73.8839095945946,77824,1044.027027027027,816,38,95,0.7643724679946899,0.2,-0.007103461150836665,15.982612542435527,7.5528178215026855,0.0063715493,0.0423828125,370,0.9276530146598816,0.0003,-4.5970305189490315
-72.27144509333334,79872,1051.44,816,39,97,0.7531794905662537,0.2,-0.015386290659807855,0.2867378595285118,0.16257427632808685,0.01350599,0.194580078125,380,0.5780652165412903,0.0003,-4.561379137635231
-71.60838106329115,81920,1021.8607594936709,816,40,100,0.7507997751235962,0.2,-0.009899162183864973,0.6241924489848316,0.11828078329563141,0.012551783,0.127880859375,390,0.24344277381896973,0.0003,-4.52646206766367
-68.37799927160493,83968,1036.1358024691358,816,41,102,0.7500702142715454,0.2,-0.011763237908598966,11.251537326723337,1.732832908630371,0.009239727,0.09169921875,400,0.9008640721440315,0.0003,-4.520854488015175
-67.08667325301205,86016,1031.3493975903614,816,42,105,0.7446527481079102,0.2,-0.011558282787154895,0.3776823220774531,0.10982687026262283,0.010638489,0.14912109375,410,0.7149637341499329,0.0003,-4.502923476696014
-66.48273543023255,88064,1015.4302325581396,816,43,107,0.7456972002983093,0.2,-0.00990811049414333,3.4652779423166065,0.731735110282898,0.008143693,0.09033203125,420,0.8805179744958878,0.0003,-4.49078311175108
-65.12251947727273,90112,1016.6477272727273,816,44,110,0.7447466850280762,0.2,-0.010738761057291412,6.534753377642483,4.20995569229126,0.008248916,0.09072265625,430,0.9151698350906372,0.0003,-4.490436023473739
-63.32889744943821,92160,1023.2022471910112,816,45,112,0.7444055080413818,0.2,-0.00804931674792897,8.697393768653274,1.5398954153060913,0.013148617,0.11953125,440,0.914580687880516,0.0003,-4.488141091167927
-62.499566054945056,94208,1019.2197802197802,816,46,115,0.7397689819335938,0.2,-0.006658612498722505,1.1055150446482003,0.40045857429504395,0.010878537,0.141943359375,450,-0.1629999876022339,0.0003,-4.473894408345222
-60.19899340425533,96256,1021.5425531914893,816,47,117,0.7360711693763733,0.2,-0.009352335201401728,5.713524033129215,1.1692060232162476,0.012552801,0.11689453125,460,0.8750704005360603,0.0003,-4.451160129904747
-58.74581147368422,98304,1027.6315789473683,816,48,120,0.7340470552444458,0.2,-0.007730398714920738,39.527041407860814,27.249561309814453,0.009525459,0.11650390625,470,-0.06561529636383057,0.0003,-4.433545011281967
-57.756388257731956,100352,1023.8762886597938,816,49,122,0.7281252145767212,0.2,-0.009353371580073145,0.5000659262295812,0.09678789973258972,0.010523297,0.14873046875,480,0.6441161632537842,0.0003,-4.415171545743942
-56.98013729292929,102400,1020.4848484848485,816,50,125,0.7269496321678162,0.2,-0.007073081588896457,2.6056799246929585,0.2219458818435669,0.00797537,0.1052734375,490,0.9562649428844452,0.0003,-4.393556874990463
-53.55400790999999,104448,1026.92,816,51,127,0.7198017239570618,0.2,-0.005663228764024098,3.3848199791274967,0.8666337132453918,0.009622271,0.091552734375,500,0.9392249993979931,0.0003,-4.372829434275627
-53.655698980000004,106496,999.58,816,52,130,0.7207286953926086,0.2,-0.007086826817248948,68.02230254039168,67.9947509765625,0.008828297,0.060693359375,510,0.20699185132980347,0.0003,-4.3550143331289295
-49.877365489999995,108544,1015.32,816,53,132,0.722676157951355,0.2,-0.006966217300214339,65.50750305503607,4.566335201263428,0.005619767,0.036962890625,520,0.7433454692363739,0.0003,-4.361765533685684
-47.922993,110592,1030.54,816,54,135,0.7263780832290649,0.2,-0.008118825181736612,4.943598911911249,2.4187183380126953,0.010323551,0.093701171875,530,0.9080249145627022,0.0003,-4.379076452553273
-46.00867099,112640,1030.54,816,55,137,0.7177135944366455,0.2,-0.008996167357690866,0.6721114438492805,0.24402225017547607,0.014448452,0.16591796875,540,0.09392285346984863,0.0003,-4.359060461819172
-44.05203049,114688,1000.33,816,56,140,0.7072063684463501,0.2,-0.01292175920389127,0.4069863561540842,0.18541938066482544,0.013682876,0.172265625,550,0.7811981290578842,0.0003,-4.304912175238132
-40.108887800000005,116736,1015.66,816,57,142,0.706561803817749,0.2,-0.008664286012935918,30.18543533477932,6.814733982086182,0.009057398,0.099267578125,560,0.7709935456514359,0.0003,-4.279380521178245
-38.01277065,118784,1031.0,816,58,145,0.6975607872009277,0.2,-0.009494643266225466,0.8584608825854957,0.24543294310569763,0.0103570875,0.139892578125,570,0.048158347606658936,0.0003,-4.252140611410141
-36.61344190999999,120832,1015.72,816,59,147,0.698577880859375,0.2,-0.011574835299688857,0.9331038584932685,0.2277153879404068,0.011386629,0.1361328125,580,0.7557918280363083,0.0003,-4.230374130606651
-33.69790696,122880,1026.47,816,60,150,0.7003635168075562,0.2,-0.008405666238832054,2.884724393580109,0.41230452060699463,0.01435939,0.12978515625,590,0.8970671892166138,0.0003,-4.240087026357651
-31.312747489999996,124928,1017.27,816,61,152,0.6950976252555847,0.2,-0.010263883242441808,3.3506192894652487,0.9607399702072144,0.011247758,0.105078125,600,0.9386022686958313,0.0003,-4.230062240362168
-30.92007155,126976,1008.37,816,62,155,0.6929619312286377,0.2,-0.009970486830570734,6.1785603307187555,0.7933018803596497,0.010216268,0.115380859375,610,0.959748025983572,0.0003,-4.207674445211888
-27.59136391,129024,1038.45,816,63,157,0.6914560794830322,0.2,-0.010919409272901248,13.0060985699296,4.6750946044921875,0.010627787,0.0927734375,620,0.9488177597522736,0.0003,-4.1975508883595465
-25.58345629,131072,1038.45,816,64,160,0.689077615737915,0.2,-0.01084863773721736,36.46420121788979,27.991235733032227,0.008863209,0.0654296875,630,0.8205783665180206,0.0003,-4.186219055950642
-23.6001357,133120,1038.45,817,65,162,0.6814913749694824,0.2,-0.012503497018769849,1.2292635234072804,0.4204917550086975,0.0137446085,0.164599609375,640,0.24114054441452026,0.0003,-4.157705697417259
-20.300250270000003,135168,1036.3,817,66,165,0.6727790236473083,0.2,-0.008731229621480452,0.46893862532451747,0.17486849427223206,0.014849966,0.1681640625,650,0.696606308221817,0.0003,-4.100023326277733
-18.410587609999997,137216,1007.79,817,67,167,0.6700795888900757,0.2,-0.010332916886545718,29.716489390656353,1.9232982397079468,0.006892602,0.05185546875,660,0.8361955732107162,0.0003,-4.071107479929924
-17.4572109,139264,1004.11,817,68,170,0.6704628467559814,0.2,-0.007069286600017222,10.306109159812332,10.208972930908203,0.009451848,0.078125,670,0.9558410607278347,0.0003,-4.063563364744186
-15.073233599999998,141312,1004.11,816,69,172,0.6720297336578369,0.2,-0.008112828807497863,8.126369245070965,13.495882987976074,0.012857575,0.13447265625,680,0.9405509121716022,0.0003,-4.071957714855671
-12.55204488,143360,981.41,816,70,175,0.6646389961242676,0.2,-0.008770802678191103,0.550422140955925,0.10811315476894379,0.012383385,0.171142578125,690,0.3946821093559265,0.0003,-4.052214352786541
-10.65428205,145408,981.41,817,71,177,0.6652551889419556,0.2,-0.0037546964376815595,35.068494997918606,13.106762886047363,0.0054646684,0.05126953125,700,0.909649021923542,0.0003,-4.028922788798809
-7.76819309,147456,976.69,816,72,180,0.6612287163734436,0.2,-0.011220758628041949,1.0375222993083297,0.2608344256877899,0.015791254,0.18662109375,710,0.30756503343582153,0.0003,-4.0153498038649555
-4.937259379999999,149504,991.66,816,73,183,0.6609601974487305,0.2,-0.005236555381270591,24.14494736045599,10.715792655944824,0.0070576817,0.052587890625,720,0.9081903845071793,0.0003,-4.004072557389736
-2.81823181,151552,985.02,816,74,185,0.661613404750824,0.2,-0.006952310488850344,1.2994323930703104,0.18247079849243164,0.0135547,0.167236328125,730,0.12395870685577393,0.0003,-4.0085586056113245
-2.5076325900000014,153600,976.01,816,75,188,0.6600053310394287,0.2,-0.007085438909416553,6.529163322038949,4.977966785430908,0.011294292,0.148974609375,740,0.9565591625869274,0.0003,-3.9994321964681148
-2.473660170000001,155648,963.93,817,76,190,0.6592737436294556,0.2,-0.008267737837741151,15.704490007087589,5.180501937866211,0.011982091,0.130615234375,750,0.9434799253940582,0.0003,-3.9936722137033938
0.2894901000000004,157696,978.81,817,77,192,0.658041775226593,0.2,-0.005161421312368475,23.04531048834324,21.035186767578125,0.010612767,0.08720703125,760,0.9227381199598312,0.0003,-3.988673398643732
1.77590491,159744,978.81,817,78,195,0.6572424173355103,0.2,-0.00965089890814852,0.5691472406499087,0.1535702794790268,0.016144244,0.1818359375,770,-0.9190933704376221,0.0003,-3.986848445236683
-0.4869123899999988,161792,924.47,817,79,197,0.6490045785903931,0.2,-0.008300992676231545,0.7083821508102119,0.2140931785106659,0.016618613,0.172119140625,780,0.7835652232170105,0.0003,-3.951671849936247
1.3221421200000016,163840,931.56,817,80,200,0.6491614580154419,0.2,-0.006665113013877999,21.15906668007374,4.229366302490234,0.007834936,0.048193359375,790,0.9345730543136597,0.0003,-3.9313761733472345
2.6954324600000006,165888,942.77,816,81,203,0.6492843627929688,0.2,-0.007609819973004051,31.530013831704856,5.798785209655762,0.008475024,0.0716796875,800,0.8550636768341064,0.0003,-3.9330291494727136
5.381205100000002,167936,957.6,815,82,205,0.6460998058319092,0.2,-0.005480006417928962,17.046222535148264,2.926649332046509,0.009249482,0.085009765625,810,0.8927087336778641,0.0003,-3.9246154449880124
9.13592012,169984,959.75,815,83,208,0.6344053745269775,0.2,-0.008389663021807792,0.5741930580697954,0.2110014706850052,0.015964216,0.19052734375,820,0.2570018172264099,0.0003,-3.8739359259605406
11.813228389999999,172032,975.19,814,84,211,0.6354843378067017,0.2,-0.0061773273177095685,17.005483500752597,12.688262939453125,0.01334416,0.1306640625,830,0.6950631141662598,0.0003,-3.838475162535906
13.748890800000002,174080,981.45,815,85,213,0.6313954591751099,0.2,-0.01078110283560818,0.396832879120484,0.1295953094959259,0.012733966,0.181640625,840,0.7442675232887268,0.0003,-3.8292497746646403
13.357073800000002,176128,968.0,814,86,216,0.6309431195259094,0.2,-0.008517320724786259,5.827395443618298,2.3072757720947266,0.010505376,0.119580078125,850,0.922784149646759,0.0003,-3.8176505610346796
12.722495039999997,178176,962.15,814,87,218,0.6288515329360962,0.2,-0.006538602212094702,11.872662772983313,17.73385238647461,0.007662605,0.081884765625,860,0.9188325852155685,0.0003,-3.809970051050186
11.294099859999994,180224,952.41,814,88,221,0.6286231279373169,0.2,-0.009916809209971688,25.8029658626765,11.930078506469727,0.010175003,0.109716796875,870,0.8918277248740196,0.0003,-3.802654182165861
10.48163841,182272,937.82,814,89,223,0.6280034780502319,0.2,-0.009364595587248914,46.74233169481158,4.25872802734375,0.010076141,0.0841796875,880,0.8575306087732315,0.0003,-3.799410033226013
12.412957590000001,184320,951.76,814,90,226,0.6295286417007446,0.2,-0.007998197468259605,38.03581660054624,14.41507625579834,0.005837378,0.067431640625,890,0.891594648361206,0.0003,-3.80315697863698
14.665217410000002,186368,962.38,814,91,228,0.6273410320281982,0.2,-0.005861810756323393,5.158447283133865,0.4285129904747009,0.010911878,0.107470703125,900,0.9565130062401295,0.0003,-3.8012256026268005
14.398559750000002,188416,956.26,814,92,231,0.6304250955581665,0.2,-0.005386221758817556,1.8528240115381778,0.35406190156936646,0.00989324,0.14521484375,910,0.5742610692977905,0.0003,-3.8051925979554655
13.446002779999999,190464,941.05,814,93,233,0.6308079957962036,0.2,-0.007002189611375798,27.914179868996143,15.164387702941895,0.008675742,0.0681640625,920,0.8975821733474731,0.0003,-3.81520863622427
15.946976170000001,192512,956.29,814,94,236,0.6295676827430725,0.2,-0.00981267870956799,9.347668332327157,0.5513997673988342,0.019148184,0.203173828125,930,0.7940129488706589,0.0003,-3.813008680194616
16.26473222,194560,956.29,814,95,238,0.6234341859817505,0.2,-0.009081452453392558,0.4661869653966278,0.11294982582330704,0.0154693825,0.210693359375,940,0.5777947306632996,0.0003,-3.7785317964851854
19.54946567,196608,971.38,814,96,241,0.6204315423965454,0.2,-0.015994795139704365,0.41713813613168893,0.16574250161647797,0.017277073,0.193115234375,950,0.7975946664810181,0.0003,-3.7460591942071915
20.53821804,198656,971.38,815,97,243,0.6161687970161438,0.2,-0.011140003820764832,0.5126362042501569,0.22689540684223175,0.011100301,0.1587890625,960,0.7807406187057495,0.0003,-3.723215091228485
21.605252990000004,200704,972.58,815,98,246,0.6102001667022705,0.2,-0.013250333556788974,0.6541599130257965,0.29040297865867615,0.016289497,0.176806640625,970,0.7982626408338547,0.0003,-3.6861348703503607
23.74129644,202752,981.71,815,99,248,0.609451413154602,0.2,-0.007569147898175288,5.465206894278526,2.5830795764923096,0.009851335,0.089306640625,980,0.9302546754479408,0.0003,-3.6670585453510283
26.607090720000002,204800,996.65,815,100,251,0.6070888042449951,0.2,-0.0077045494093908925,11.081341000460089,7.104801177978516,0.008321224,0.055322265625,990,0.9294616430997849,0.0003,-3.659130834788084
29.79186269,206848,1011.19,814,101,253,0.6022804379463196,0.2,-0.011779812278109602,0.5150791726540774,0.1600290983915329,0.015820622,0.176318359375,1000,0.46262311935424805,0.0003,-3.634740789979696
33.43432215,208896,1033.61,815,102,256,0.5965834856033325,0.2,-0.012996892041701357,0.2413596439640969,0.09170912206172943,0.013925251,0.192138671875,1010,0.832939475774765,0.0003,-3.5973459266126158
31.368343119999995,210944,1017.1,815,103,258,0.5957049131393433,0.2,-0.005323410551500274,9.167035433836281,1.7107775211334229,0.010307707,0.105859375,1020,0.9608352482318878,0.0003,-3.5826510071754454
34.264263039999996,212992,1031.78,815,104,261,0.5958701372146606,0.2,-0.00516149636823684,16.71338682807982,4.726754665374756,0.005819455,0.064404296875,1030,0.943266186863184,0.0003,-3.5784711450338365
36.41438699,215040,1031.78,815,105,263,0.5937527418136597,0.2,-0.011221065807330888,0.40108031798154115,0.16674156486988068,0.014208036,0.184912109375,1040,0.3047018051147461,0.0003,-3.572094563394785
37.45891391,217088,1031.78,814,106,266,0.5897903442382812,0.2,-0.015723295959469398,0.31954816775396466,0.10331787914037704,0.0131806005,0.197509765625,1050,0.832425519824028,0.0003,-3.548616657406092
41.15619808,219136,1046.91,814,107,268,0.5816640257835388,0.2,-0.01291515164775774,0.46288896328769624,0.29847216606140137,0.015393081,0.1779296875,1060,0.803922176361084,0.0003,-3.499830160290003
41.549451530000006,221184,1040.15,813,108,271,0.5768972039222717,0.2,-0.012823740902240388,1.0708641715347766,0.27768850326538086,0.01475293,0.1755859375,1070,0.6504817306995392,0.0003,-3.4564171127974985
41.36590748,223232,1025.5,813,109,274,0.5765719413757324,0.2,-0.008214617845078464,4.935212106071413,2.174116373062134,0.012087328,0.0982421875,1080,0.9488530457019806,0.0003,-3.4436320811510086
43.918366799999994,225280,1026.65,813,110,276,0.5753997564315796,0.2,-0.00657012920055422,26.36895770803094,2.791700601577759,0.0072162487,0.075927734375,1090,0.8940508291125298,0.0003,-3.4364819593727587
42.491405699999994,227328,1013.31,813,111,279,0.5755007266998291,0.2,-0.006483688302978408,33.74726208522916,31.741926193237305,0.0077837585,0.07451171875,1100,0.8832546100020409,0.0003,-3.433378329128027
43.95894356000001,229376,1015.29,813,112,281,0.5755247473716736,0.2,-0.009541293528309324,45.31267352253199,4.473720073699951,0.007554364,0.064013671875,1110,0.8907049149274826,0.0003,-3.4344962194561957
45.23058618,231424,1014.42,813,113,284,0.575773298740387,0.2,-0.011243920050037558,21.498152954131363,2.7130556106567383,0.010255938,0.121044921875,1120,0.9451527558267117,0.0003,-3.435823542624712
48.674553859999996,233472,1028.86,813,114,286,0.5750433206558228,0.2,-0.00631015541148372,1.5237558852881192,0.4938627779483795,0.017130341,0.22890625,1130,-2.1162736415863037,0.0003,-3.4352636612951755
48.97957074999999,235520,1019.02,813,115,289,0.5763078331947327,0.2,-0.0067250066851556765,7.894105374068022,9.934432983398438,0.012482008,0.13740234375,1140,0.93375363945961,0.0003,-3.437698695808649
50.41818383,237568,1027.55,813,116,291,0.5779056549072266,0.2,-0.00937550769012887,14.056195091083646,2.079206705093384,0.016030263,0.13642578125,1150,0.9216944202780724,0.0003,-3.4497575469315054
53.39941257,239616,1040.95,813,117,294,0.5780408978462219,0.2,-0.00774155841281754,11.042974475771189,0.9068586230278015,0.016981186,0.182861328125,1160,0.9493011124432087,0.0003,-3.4529349967837333
53.75059998,241664,1040.95,813,118,296,0.5752689838409424,0.2,-0.013039710807788651,0.7239003564231098,0.2640223205089569,0.019193787,0.240625,1170,0.8016477674245834,0.0003,-3.4396661005914213
55.609420099999994,243712,1053.53,813,119,299,0.5665029287338257,0.2,-0.007327848007844295,0.7083682134747505,0.3206719160079956,0.01787613,0.19638671875,1180,0.4268803000450134,0.0003,-3.3872255839407446
56.652045069999986,245760,1056.27,813,120,301,0.5655785202980042,0.2,-0.0029793449044518638,16.67695131544024,16.411283493041992,0.0114058405,0.1150390625,1190,0.9045959934592247,0.0003,-3.3633657708764075
57.21112158999998,247808,1056.27,814,121,304,0.5658040046691895,0.2,-0.0066407314618118106,4.817895343713462,1.6916731595993042,0.009384889,0.10390625,1200,0.9660852029919624,0.0003,-3.3636104755103586
60.33883898,249856,1070.9,813,122,306,0.5608863830566406,0.2,-0.007510833330161404,0.548718514572829,0.19769930839538574,0.015031566,0.197412109375,1210,0.6619000732898712,0.0003,-3.339514933526516
65.30964722,251904,1093.61,814,123,309,0.5574705600738525,0.2,-0.01209517910174327,0.5341796928085387,0.25225865840911865,0.015521052,0.1953125,1220,0.8138247132301331,0.0003,-3.3126580782234667
66.4218917,253952,1093.2,814,124,311,0.5557777285575867,0.2,-0.009462391489068977,5.489776273630559,1.0510189533233643,0.011204603,0.113232421875,1230,0.9059717804193497,0.0003,-3.2930202163755893
67.54939417,256000,1096.85,814,125,314,0.5534118413925171,0.2,-0.00652376513244235,2.2984685551375152,0.25818368792533875,0.0098652225,0.163330078125,1240,-0.056975364685058594,0.0003,-3.2765348225831987
70.5324015,258048,1109.32,814,126,316,0.5542803406715393,0.2,-0.0062362733006011695,7.527666739560663,0.5366901755332947,0.013417322,0.160693359375,1250,0.9319320619106293,0.0003,-3.2628660678863524
73.33702279,260096,1117.48,814,127,319,0.5518116354942322,0.2,-0.0044047575182048606,1.8162810342386364,0.6203776597976685,0.013787159,0.16083984375,1260,-0.23811376094818115,0.0003,-3.2589268423616886
74.96501486999999,262144,1116.22,814,128,321,0.5422620177268982,0.2,-0.011276280439051333,0.31523746536113323,0.0621940940618515,0.017385596,0.219970703125,1270,0.34326261281967163,0.0003,-3.2096967861056327
76.27586428,264192,1114.73,814,129,324,0.5400000810623169,0.2,-0.014803234461578541,2.1975564364343882,0.2822932004928589,0.015315686,0.196533203125,1280,0.5150192677974701,0.0003,-3.1723788879811763
78.92685477,266240,1117.21,814,130,326,0.5380326509475708,0.2,-0.008544938910927159,9.957099518924952,4.488650321960449,0.009922931,0.098828125,1290,0.9610478468239307,0.0003,-3.157454268634319
82.94770206999999,268288,1125.41,814,131,329,0.5357582569122314,0.2,-0.006043690387014067,1.6070566138718276,1.4322006702423096,0.018481597,0.183935546875,1300,-0.21668148040771484,0.0003,-3.1416500456631185
81.47968422999999,270336,1116.72,814,132,331,0.5342878699302673,0.2,-0.0041537393939506725,12.30205204617232,9.285059928894043,0.011272788,0.10166015625,1310,0.9184313714504242,0.0003,-3.1259829252958298
83.52589521,272384,1119.06,814,133,334,0.5346797108650208,0.2,-0.009443911884591216,12.767376896739005,4.76447057723999,0.010537226,0.160791015625,1320,0.9481596201658249,0.0003,-3.1207306280732157
84.41287224999998,274432,1124.36,814,134,336,0.5349103212356567,0.2,-0.01078774939669529,12.84556025955826,4.902375221252441,0.01145505,0.179736328125,1330,0.9485049732029438,0.0003,-3.1224517308175566
91.32499274,276480,1150.63,814,135,339,0.5340005159378052,0.2,-0.007767693410278298,26.97448962852359,5.48347806930542,0.01329438,0.13818359375,1340,0.8458664417266846,0.0003,-3.1210440546274185
92.19654695000001,278528,1149.78,814,136,341,0.5317510366439819,0.2,-0.004878527096298058,2.4623371778987346,1.181235432624817,0.022048831,0.218505859375,1350,-0.1632624864578247,0.0003,-3.104560888558626
98.48712291000001,280576,1167.26,814,137,344,0.5289450883865356,0.2,-0.008387786882667569,1.171913585718721,1.5059071779251099,0.017430589,0.237890625,1360,0.4044603705406189,0.0003,-3.0787814177572725
98.81494118000002,282624,1164.57,814,138,346,0.5255036354064941,0.2,-0.009350531245581805,2.89694765470922,1.834420919418335,0.018703159,0.207861328125,1370,0.12330329418182373,0.0003,-3.05852554962039
100.76330884000001,284672,1162.02,814,139,349,0.5259699821472168,0.2,-0.008922432544932236,2.282510350178927,0.6195594072341919,0.01592023,0.167626953125,1380,0.9580982998013496,0.0003,-3.0493963807821274
101.69133642000001,286720,1160.05,814,140,351,0.5238879919052124,0.2,-0.010696711870696162,2.1685114670544863,1.537643551826477,0.016050544,0.203759765625,1390,0.46155887842178345,0.0003,-3.0437001630663874
106.55849007000002,288768,1169.87,814,141,354,0.5153592824935913,0.2,-0.013168880253215321,1.3945689073298126,0.2284683883190155,0.023801975,0.26884765625,1400,-0.07810282707214355,0.0003,-3.001396916806698
107.54021599000002,290816,1167.94,814,142,356,0.5135257244110107,0.2,-0.008109155157580972,2.226320308027789,2.2237439155578613,0.019398665,0.210546875,1410,0.3372564911842346,0.0003,-2.96553890556097
108.52036324000001,292864,1163.13,814,143,359,0.5108906030654907,0.2,-0.008926270646043122,2.276583260437474,0.24214473366737366,0.014765131,0.185791015625,1420,0.0906440019607544,0.0003,-2.9539172567427157
114.83278591,294912,1179.58,814,144,361,0.5104464888572693,0.2,-0.007223589000932407,27.017393943853676,12.069770812988281,0.010014958,0.10830078125,1430,0.7953340262174606,0.0003,-2.937651649862528
116.64856774,296960,1179.18,814,145,364,0.5099201202392578,0.2,-0.007759873422037345,3.2304902399890123,0.7038154602050781,0.015028012,0.198486328125,1440,0.18640023469924927,0.0003,-2.939123409241438
123.55787087000003,299008,1198.75,814,146,366,0.5112725496292114,0.2,-0.011877612855460028,4.924702016636729,1.5743577480316162,0.012792563,0.160546875,1450,0.9499044343829155,0.0003,-2.939437774568796
124.67994241000001,301056,1196.7,814,147,369,0.5113865733146667,0.2,-0.006859298201743513,2.8404183100908993,1.556554913520813,0.01846403,0.197900390625,1460,0.3545433282852173,0.0003,-2.946813007444143
128.42342291,303104,1209.86,814,148,371,0.5114069581031799,0.2,-0.00924502881243825,10.904696742352098,1.1845930814743042,0.012356331,0.209716796875,1470,0.5200689136981964,0.0003,-2.9415957778692245
135.72941213000001,305152,1236.4,814,149,374,0.5044651627540588,0.2,-0.009883040719432756,1.422085742233321,0.13199162483215332,0.013921004,0.2123046875,1480,0.470778226852417,0.0003,-2.9146886490285397
138.1250751,307200,1235.52,814,150,376,0.502930760383606,0.2,-0.007465305698133307,2.8932646716944874,0.2795121371746063,0.019146696,0.203955078125,1490,0.39636027812957764,0.0003,-2.882583802193403
140.66773193999998,309248,1230.38,815,151,379,0.5025759935379028,0.2,-0.005416199108003639,1.861837361101061,0.23392686247825623,0.012315303,0.17880859375,1500,0.3884674310684204,0.0003,-2.87450610473752
141.76866263000002,311296,1228.04,815,152,381,0.4945400059223175,0.2,-0.007392278859333601,2.8966251060366632,0.5542036294937134,0.013609817,0.193603515625,1510,0.3453289866447449,0.0003,-2.8375149689614774
146.19870153,313344,1238.26,815,153,384,0.492643803358078,0.2,-0.00829095205408521,1.754066366981715,3.684967517852783,0.017044686,0.2216796875,1520,0.37699776887893677,0.0003,-2.8044365495443344
149.28435352,315392,1244.8,815,154,386,0.4929758906364441,0.2,-0.008648057929531206,3.8391771970316766,2.195563316345215,0.0108093815,0.14462890625,1530,0.9029160514473915,0.0003,-2.7983345396816732
152.24042018,317440,1238.6,815,155,389,0.49236032366752625,0.2,-0.005289395424188115,9.986747369170189,4.456231117248535,0.011564812,0.136279296875,1540,0.9204949364066124,0.0003,-2.796584049612284
153.47246255,319488,1236.26,815,156,391,0.4910643398761749,0.2,-0.009164555360985104,3.3173954083584247,0.3730161786079407,0.02207192,0.21259765625,1550,0.12132930755615234,0.0003,-2.791677062958479
155.57357181999998,321536,1230.7,815,157,394,0.48771095275878906,0.2,-0.009799156377994223,1.6824824060313404,1.4186437129974365,0.02187512,0.2328125,1560,0.24872243404388428,0.0003,-2.7742146603763103
156.69858354,323584,1227.84,815,158,397,0.4849834442138672,0.2,-0.008512564806733281,3.654228388145566,2.8288931846618652,0.016007503,0.2275390625,1570,0.1918993592262268,0.0003,-2.7480640299618244
161.04173271,325632,1235.62,815,159,399,0.48724624514579773,0.2,-0.00838354414445348,2.2211749610491096,0.5476133823394775,0.01863127,0.2064453125,1580,0.5835747718811035,0.0003,-2.740538589656353
165.68840614999996,327680,1248.03,815,160,402,0.48717743158340454,0.2,-0.010374982189387084,3.356745368335396,0.44581639766693115,0.018615622,0.224365234375,1590,0.44059479236602783,0.0003,-2.7500978983938693
163.8191696,329728,1230.35,815,161,404,0.4872501492500305,0.2,-0.0077863860060460865,7.132022923976183,2.3608920574188232,0.010677474,0.097509765625,1600,0.9019314274191856,0.0003,-2.7494796298444273
167.48304626,331776,1230.5,815,162,407,0.4876653850078583,0.2,-0.006430256181920413,16.27634616000578,2.65657377243042,0.022999767,0.161376953125,1610,0.9150425493717194,0.0003,-2.7509376876056195
171.46035854000002,333824,1236.45,815,163,409,0.48458030819892883,0.2,-0.009704069005238125,13.874537556618453,2.79904842376709,0.010720255,0.123388671875,1620,0.425586462020874,0.0003,-2.741827691346407
172.33209591,335872,1232.6,815,164,412,0.48640480637550354,0.2,-0.008661484036565525,7.798976280586794,0.5822389721870422,0.021219054,0.233544921875,1630,0.9409191496670246,0.0003,-2.7297115102410316
170.80593763000002,337920,1211.78,815,165,414,0.48537975549697876,0.2,-0.003847320605200366,12.737055546045303,6.555521488189697,0.020498777,0.260400390625,1640,0.37398719787597656,0.0003,-2.73889966532588
169.12454301999998,339968,1200.24,815,166,417,0.49137797951698303,0.2,-0.009191218685009517,10.431315119937063,4.757170677185059,0.019135527,0.198046875,1650,0.7484467029571533,0.0003,-2.7560510762035846
172.00188569000002,342016,1206.33,815,167,419,0.49010035395622253,0.2,-0.006152187076804694,13.733687032759189,12.019248008728027,0.012977054,0.1697265625,1660,0.8730535060167313,0.0003,-2.7738012596964836
175.6997006,344064,1213.02,815,168,422,0.4916059374809265,0.2,-0.0038811554208223243,1.7720892624929547,0.1291358768939972,0.01805283,0.2908203125,1670,0.06486779451370239,0.0003,-2.7677120193839073
179.86582835,346112,1225.09,815,169,424,0.4939747452735901,0.2,-0.00958030957117444,3.0756822352297606,1.798967719078064,0.024804901,0.2634765625,1680,0.2706177234649658,0.0003,-2.7916680328547954
181.59019199,348160,1228.24,815,170,427,0.49520742893218994,0.2,-0.00684293802769389,6.378504766244442,1.9357672929763794,0.015421333,0.165771484375,1690,0.9397535063326359,0.0003,-2.801102516800165
186.08305380000002,350208,1239.5,815,171,429,0.4913516640663147,0.2,-0.007338977865583729,15.951761438325047,6.910750865936279,0.01769498,0.162109375,1700,0.9224032163619995,0.0003,-2.7955158025026323
185.97399593999998,352256,1231.03,815,172,432,0.4890088438987732,0.2,-0.0034758636946207845,11.967446612752974,8.729321479797363,0.010091942,0.1509765625,1710,0.942471370100975,0.0003,-2.7694631449878218
186.16864394,354304,1228.98,815,173,434,0.4887782037258148,0.2,-0.00963438199250959,26.438407780230044,8.131797790527344,0.008180994,0.09384765625,1720,0.9118078872561455,0.0003,-2.7594465553760528
188.19862063,356352,1223.27,815,174,437,0.486301451921463,0.2,-0.006895865061960649,1.667193799186498,1.1382652521133423,0.027291592,0.28583984375,1730,0.031320393085479736,0.0003,-2.7449979797005652
189.58705450000002,358400,1224.61,815,175,439,0.48372480273246765,0.2,-0.010353283271251712,2.911800511647016,2.3856611251831055,0.025115777,0.25048828125,1740,0.28394728899002075,0.0003,-2.727898086607456
192.10835987,360448,1228.38,815,176,442,0.48289358615875244,0.2,-0.01178344985783042,16.307963155396283,14.040091514587402,0.0154826585,0.1927734375,1750,0.9006635993719101,0.0003,-2.718980010598898
190.86496181,362496,1207.88,815,177,444,0.478604257106781,0.2,-0.01107149212693912,1.9220285819843412,0.4663568139076233,0.016080365,0.22060546875,1760,0.2626851201057434,0.0003,-2.6971658281981945
187.65965308,364544,1178.56,815,178,447,0.4799309968948364,0.2,-0.008637938919127919,9.648694618791342,0.616034746170044,0.011508757,0.140869140625,1770,0.7654237449169159,0.0003,-2.6876076251268386
186.00367151999998,366592,1166.34,815,179,449,0.4794420003890991,0.2,-0.0073533464987121985,38.08430662751198,17.86817169189453,0.009263146,0.0953125,1780,0.8833307698369026,0.0003,-2.692428659647703
187.87978571999997,368640,1160.03,815,180,452,0.48041361570358276,0.2,-0.008099167411273811,12.918140651471912,14.401345252990723,0.010398722,0.097021484375,1790,0.9212610051035881,0.0003,-2.6926025919616223
188.51416207999998,370688,1154.58,815,181,454,0.4794844388961792,0.2,-0.01014261948002968,5.372523110359907,1.337650179862976,0.013589433,0.19873046875,1800,-0.11065280437469482,0.0003,-2.6924891740083696
191.6672559,372736,1162.74,815,182,457,0.48305708169937134,0.2,-0.00970017356594326,3.283447123412043,1.0698258876800537,0.020055886,0.29638671875,1810,0.23679322004318237,0.0003,-2.710111277550459
185.71880289,374784,1127.88,815,183,459,0.4842287600040436,0.2,-0.011410787855857052,1.7151003550738095,0.3056599199771881,0.014763895,0.223876953125,1820,0.46914708614349365,0.0003,-2.7218188025057315
188.10522957999999,376832,1131.29,815,184,462,0.4842311143875122,0.2,-0.008481456131266895,17.13151246085763,3.4057979583740234,0.007943848,0.081884765625,1830,0.8711838722229004,0.0003,-2.7257969051599504
188.16960196,378880,1120.32,815,185,464,0.4793059229850769,0.2,-0.011633213332970627,2.4964612944051625,0.45513656735420227,0.02357883,0.231494140625,1840,0.1778876781463623,0.0003,-2.6982070922851564
188.32545864,380928,1118.62,815,186,467,0.4782562255859375,0.2,-0.00743239401926985,12.086338897235692,1.46910560131073,0.01250297,0.149365234375,1850,0.927418664097786,0.0003,-2.6751739025115966
192.22172154,382976,1120.75,815,187,469,0.47277939319610596,0.2,-0.007963419087900547,2.082099603116512,1.388550043106079,0.021306183,0.233544921875,1860,0.19232302904129028,0.0003,-2.643702417612076
194.02699261,385024,1126.72,815,188,472,0.4717468321323395,0.2,-0.007120062383910409,3.796365462616086,0.3705188035964966,0.01946089,0.223779296875,1870,0.4544396996498108,0.0003,-2.6176358588039874
196.77565267999998,387072,1131.62,815,189,474,0.46924716234207153,0.2,-0.006328633757220814,5.8518846509978175,1.1733382940292358,0.013921659,0.1369140625,1880,0.9549375548958778,0.0003,-2.6045161075890064
194.69518249,389120,1115.06,815,190,477,0.4663720428943634,0.2,-0.011322698341973591,2.0988226077519356,1.2870242595672607,0.025530454,0.25986328125,1890,0.3257097005844116,0.0003,-2.579171034693718
194.93668645999998,391168,1111.77,815,191,479,0.4665248394012451,0.2,-0.007389998670259956,12.441931418329478,2.1554412841796875,0.01848501,0.183056640625,1900,0.8735367208719254,0.0003,-2.5659820690751074
197.32938427999997,393216,1110.96,815,192,482,0.46341854333877563,0.2,-0.009043459725944558,3.3795163767412304,0.9430291056632996,0.020389583,0.2421875,1910,-0.15979981422424316,0.0003,-2.556650035828352
197.72687584,395264,1105.22,815,193,484,0.46276402473449707,0.2,-0.006846474671328906,4.617600286286324,3.4853103160858154,0.018549448,0.22529296875,1920,0.35631459951400757,0.0003,-2.5446449488401415
194.13010018,397312,1090.36,815,194,487,0.46190252900123596,0.2,-0.008171655508340337,4.447924798168242,3.878905773162842,0.017821252,0.2439453125,1930,0.28977513313293457,0.0003,-2.544324142485857
194.33904543999998,399360,1087.68,815,195,489,0.46083247661590576,0.2,-0.0035063836723566054,12.583445591293275,4.078902721405029,0.012029971,0.14853515625,1940,0.7004827857017517,0.0003,-2.531188178807497
193.96241776,401408,1080.76,815,196,492,0.45946741104125977,0.2,-0.010093637157115153,4.819894616678357,3.1575465202331543,0.019175798,0.22841796875,1950,0.3830677270889282,0.0003,-2.523488129675388
194.10985085000002,403456,1078.66,815,197,494,0.46081048250198364,0.2,-0.008105915264604847,13.154627900384366,7.047828674316406,0.010207243,0.12685546875,1960,0.9157025292515755,0.0003,-2.523701846599579
189.91188118000002,405504,1061.65,815,198,497,0.4602058231830597,0.2,-0.006488188480579993,3.2986184996552765,0.13061222434043884,0.023355369,0.304296875,1970,0.3008841276168823,0.0003,-2.528895242512226
193.92598374000002,407552,1071.1,815,199,499,0.45835861563682556,0.2,-0.010435308744490612,17.924443677812814,6.067805290222168,0.011495782,0.108349609375,1980,0.8938105180859566,0.0003,-2.5181930415332316
185.29578676999998,409600,1041.09,815,200,502,0.4582437574863434,0.2,-0.005294878676068038,4.487503200303763,1.9192434549331665,0.019194894,0.26806640625,1990,0.10589522123336792,0.0003,-2.5190900169312953
181.93540957999997,411648,1025.88,815,201,504,0.4588460326194763,0.2,-0.01105912937418907,20.976253220438956,3.8696630001068115,0.010279776,0.129736328125,2000,0.9218576028943062,0.0003,-2.5141684599220753
180.01483331,413696,1019.22,815,202,507,0.4586842358112335,0.2,-0.008048266509649692,33.40944986864925,8.299542427062988,0.010300862,0.08271484375,2010,0.8017012774944305,0.0003,-2.516795641928911
182.64564614999995,415744,1021.79,815,203,509,0.45850637555122375,0.2,-0.010885121865430846,7.894505884312093,1.0006450414657593,0.01785063,0.201611328125,2020,0.9636444412171841,0.0003,-2.5125706851482392
184.50581344999998,417792,1024.01,815,204,512,0.45738187432289124,0.2,-0.008232130655233049,4.192171586118638,5.834010124206543,0.030852398,0.34443359375,2030,0.06300711631774902,0.0003,-2.50203408151865
184.71432341,419840,1022.77,815,205,514,0.4537845253944397,0.2,-0.0058795490447664635,1.9385166125372053,1.6248570680618286,0.02315721,0.2693359375,2040,0.2863690257072449,0.0003,-2.4769984029233454
185.01784327,421888,1019.69,815,206,517,0.456648051738739,0.2,-0.006930093400296755,3.8790330808609723,0.3661290407180786,0.028860625,0.317578125,2050,0.26358217000961304,0.0003,-2.4788463063538075
185.10952509999998,423936,1018.91,815,207,519,0.45733311772346497,0.2,-0.008980554221489,3.98289270401001,0.46468520164489746,0.01629452,0.211865234375,2060,0.16797584295272827,0.0003,-2.48796256929636
185.36806994999998,425984,1016.37,815,208,522,0.45254549384117126,0.2,-0.011033895528817084,2.350147933140397,0.21414245665073395,0.016387006,0.2451171875,2070,0.3736521005630493,0.0003,-2.4585490986704825
183.53235376,428032,1005.93,815,209,525,0.45364946126937866,0.2,-0.009462249818170676,5.305586330778897,2.6532137393951416,0.017314013,0.194677734375,2080,0.437000572681427,0.0003,-2.4480413496494293
182.4702723,430080,1004.37,815,210,527,0.45335856080055237,0.2,-0.009756265072792304,9.600726136937737,3.62937331199646,0.014964672,0.17939453125,2090,0.6894708573818207,0.0003,-2.4543651789426804
186.27750938000005,432128,1014.95,815,211,530,0.45501264929771423,0.2,-0.006286590718809748,2.9344528107903898,0.4946915805339813,0.022851968,0.198681640625,2100,0.9350765347480774,0.0003,-2.458914814144373
188.42042530000003,434176,1018.06,815,212,532,0.45361846685409546,0.2,-0.007051072682952508,4.2427125964313745,1.020835041999817,0.01766315,0.2431640625,2110,0.4570460319519043,0.0003,-2.462005342543125
185.74769364,436224,1010.2,815,213,535,0.4551042318344116,0.2,-0.002855578527669422,4.230403573624789,0.3256041407585144,0.0196966,0.22470703125,2120,0.38946956396102905,0.0003,-2.465160568058491
185.94585816000003,438272,1008.0,815,214,537,0.45781272649765015,0.2,-0.006598738767206669,12.166973655112088,4.234975337982178,0.014257627,0.161962890625,2130,0.9310241714119911,0.0003,-2.4773323208093645
189.70933053000005,440320,1019.63,815,215,540,0.4614126980304718,0.2,-0.004374207191722235,4.443821753188968,1.0435508489608765,0.018744249,0.234912109375,2140,0.37826287746429443,0.0003,-2.507088964432478
192.25169231000004,442368,1023.06,815,216,542,0.45502543449401855,0.2,-0.003420779059524648,2.327370435744524,0.2757624685764313,0.023792665,0.259619140625,2150,0.2948334813117981,0.0003,-2.48915216550231
192.46735859000003,444416,1020.74,815,217,545,0.45179975032806396,0.2,-0.012820955389906885,4.679737922362984,1.1942646503448486,0.015092002,0.22392578125,2160,0.23989951610565186,0.0003,-2.461697332561016
188.85118876000004,446464,1006.46,815,218,547,0.4509071707725525,0.2,-0.005886481430206913,4.660867607593536,0.804080605506897,0.020918813,0.259765625,2170,0.41127532720565796,0.0003,-2.440484646707773
190.68540575000003,448512,1008.32,815,219,550,0.4497675895690918,0.2,-0.009650246969249566,7.026307046692819,1.1476216316223145,0.018230978,0.197607421875,2180,0.9515608064830303,0.0003,-2.434668805450201
190.86684232000005,450560,1006.58,815,220,552,0.4472363293170929,0.2,-0.006104235444945516,7.205091895908117,3.535792350769043,0.013313026,0.160498046875,2190,0.9197151809930801,0.0003,-2.415748567134142
196.76989877000003,452608,1021.03,815,221,555,0.44246765971183777,0.2,-0.00827889691136079,4.585002790112048,0.7794250249862671,0.024095738,0.265771484375,2200,0.3388940095901489,0.0003,-2.378575273603201
198.3862599,454656,1022.21,815,222,557,0.44343817234039307,0.2,-0.008494724984484493,4.69990159375593,0.5681878328323364,0.020866087,0.277099609375,2210,0.3200632333755493,0.0003,-2.36243252158165
201.55787616000006,456704,1028.39,815,223,560,0.4392080307006836,0.2,-0.006909737219393719,2.659352851472795,0.25348836183547974,0.01933408,0.2515625,2220,0.23299622535705566,0.0003,-2.3460722148418425
200.23485579000004,458752,1023.64,815,224,562,0.4379204511642456,0.2,-0.011616047962161247,4.730999411083758,0.29001620411872864,0.026809502,0.257275390625,2230,0.44930124282836914,0.0003,-2.3217884302139282
202.76123318,460800,1025.73,815,225,565,0.43807077407836914,0.2,-0.008909859448613134,12.641368538886308,9.790628433227539,0.015986647,0.24052734375,2240,0.9146813228726387,0.0003,-2.3186406664550305
202.96644986000004,462848,1022.63,815,226,567,0.43546152114868164,0.2,-0.009800293895386858,5.19820436835289,6.62053918838501,0.021636372,0.24462890625,2250,0.41146039962768555,0.0003,-2.3054954282939435
206.84061803,464896,1033.27,815,227,570,0.4368019104003906,0.2,-0.006263260732521303,5.106506041437387,6.22202730178833,0.016714104,0.255908203125,2260,0.37125957012176514,0.0003,-2.300399409979582
206.97492854999996,466944,1030.95,815,228,572,0.4336884021759033,0.2,-0.008635210902502877,5.077081061340868,0.3348824381828308,0.01878443,0.213134765625,2270,-0.35800862312316895,0.0003,-2.2938000470399857
214.74101455,468992,1052.47,815,229,575,0.43056929111480713,0.2,-0.010421362123452127,5.042194081563503,6.913623809814453,0.020744868,0.246728515625,2280,0.4093080759048462,0.0003,-2.262749408185482
217.50911737,471040,1055.81,815,230,577,0.4295869767665863,0.2,-0.008044387138215824,3.147045606840402,1.5307657718658447,0.021959214,0.211474609375,2290,0.45796555280685425,0.0003,-2.245833571255207
217.55950295000005,473088,1054.91,815,231,580,0.4294610619544983,0.2,-0.012100644553720485,4.810480379220098,5.723143100738525,0.023535095,0.272509765625,2300,0.3378009796142578,0.0003,-2.240873345732689
217.68914738000004,475136,1052.82,815,232,582,0.4296916127204895,0.2,-0.006723295491246973,2.36035041725263,0.5176416039466858,0.01982905,0.282470703125,2310,0.4430120587348938,0.0003,-2.247223801165819
217.82503185000002,477184,1050.55,815,233,585,0.431846022605896,0.2,-0.006192650149750989,5.637387930788099,0.7670972347259521,0.023274621,0.222509765625,2320,0.420377254486084,0.0003,-2.2548415407538416
217.85971815000005,479232,1048.95,815,234,587,0.42907100915908813,0.2,-0.010742187783762347,4.785282378830016,1.5641489028930664,0.019804588,0.231396484375,2330,0.4325302243232727,0.0003,-2.249256370961666
221.26676939,481280,1057.29,815,235,590,0.430448442697525,0.2,-0.012538514185871463,10.454727813787759,3.582038640975952,0.018550927,0.205810546875,2340,0.834118589758873,0.0003,-2.2445184230804442
221.39798861,483328,1055.07,815,236,592,0.4314519762992859,0.2,-0.009004149460815824,3.4544819115661083,3.8264317512512207,0.019049091,0.2078125,2350,0.5769155323505402,0.0003,-2.257370027899742
225.31171379999995,485376,1062.72,815,237,595,0.43391597270965576,0.2,-0.0031510154098214117,5.525230761710555,0.5552552938461304,0.021566737,0.22998046875,2360,0.17970508337020874,0.0003,-2.2706565372645855
225.466006,487424,1060.51,815,238,597,0.43255335092544556,0.2,-0.009629619683983038,4.272460870444775,0.24347883462905884,0.033120956,0.2837890625,2370,0.22838109731674194,0.0003,-2.2751757517457007
226.75037342000005,489472,1057.31,815,239,600,0.43297910690307617,0.2,-0.009612642937281635,4.4624137751758095,0.22327402234077454,0.021498555,0.236572265625,2380,0.32043135166168213,0.0003,-2.2736784696578978
226.78576862000006,491520,1056.57,815,240,602,0.4300627112388611,0.2,-0.008135199498792645,4.792912989668548,0.43523314595222473,0.023940422,0.259423828125,2390,0.23138940334320068,0.0003,-2.2627498410642146
226.87729496000003,493568,1054.9,815,241,605,0.42967960238456726,0.2,-0.0063181356039422095,2.5146100969519467,0.07771848142147064,0.018066166,0.240576171875,2400,0.45805883407592773,0.0003,-2.2507311083376407
229.70224041000006,495616,1060.55,815,242,607,0.43115687370300293,0.2,-0.007131963847496081,4.78799927458167,0.20304080843925476,0.021144027,0.26416015625,2410,0.1974639892578125,0.0003,-2.249339806288481
229.72476182000003,497664,1059.52,815,243,610,0.4317028522491455,0.2,-0.004566779047308955,4.521731749363243,5.474099159240723,0.016480483,0.213916015625,2420,0.35713356733322144,0.0003,-2.263188610225916
229.79170462000002,499712,1058.0,815,244,612,0.4294286370277405,0.2,-0.0059220697032287715,4.716407946497202,0.26946794986724854,0.016907517,0.22060546875,2430,0.35642576217651367,0.0003,-2.254893534630537
229.81078388000003,501760,1057.49,815,245,615,0.4289470911026001,0.2,-0.004624162489926675,4.71256530075334,1.4040418863296509,0.021460451,0.251171875,2440,0.3494144082069397,0.0003,-2.244799753278494
230.72322,503808,1059.32,815,246,617,0.4307519197463989,0.2,-0.008677188912406564,2.4099069735966623,1.8016374111175537,0.018913254,0.232373046875,2450,0.502112090587616,0.0003,-2.244872573018074
230.86782782999998,505856,1056.77,815,247,620,0.43163764476776123,0.2,-0.0098145884447149,7.075330980867148,2.2343132495880127,0.014617553,0.193017578125,2460,0.8412618786096573,0.0003,-2.253353990614414
232.90953609,507904,1062.18,815,248,622,0.4312816858291626,0.2,-0.005508822596311802,5.006065711099654,6.130660057067871,0.026081992,0.263525390625,2470,0.2380295991897583,0.0003,-2.2582598358392714
232.98966782,509952,1060.76,815,249,625,0.43049848079681396,0.2,-0.008032733283471316,10.350431925617158,4.996735572814941,0.015646234,0.183056640625,2480,0.9173852056264877,0.0003,-2.2545549407601357
239.48858134999998,512000,1074.96,815,250,627,0.43041977286338806,0.2,-0.006566617214411962,6.182285990566015,4.600337028503418,0.019327693,0.258056640625,2490,-0.12128937244415283,0.0003,-2.2471784934401513
237.71959455999996,514048,1067.7,815,251,630,0.43253907561302185,0.2,-0.005311192544104415,5.3458916621282695,0.4088814854621887,0.02963673,0.287451171875,2500,0.27068382501602173,0.0003,-2.2558984354138376
239.10377291999998,516096,1067.64,815,252,632,0.43393439054489136,0.2,-0.009323163267254131,7.984744501765817,7.558013439178467,0.021823922,0.246337890625,2510,0.8908102437853813,0.0003,-2.2692988485097887
242.90334747,518144,1077.23,815,253,635,0.43379801511764526,0.2,-0.009827790001872927,18.06424887701869,11.15671157836914,0.015292256,0.161279296875,2520,0.8945556581020355,0.0003,-2.2730717703700067
238.96745772999998,520192,1065.37,815,254,637,0.43628060817718506,0.2,-0.006990252312971279,5.312632059305907,4.150059223175049,0.026024278,0.283154296875,2530,0.12904882431030273,0.0003,-2.2806838758289816
241.16172067000002,522240,1068.43,815,255,640,0.4380655884742737,0.2,-0.009208646226034034,8.41120583191514,6.118555545806885,0.02145132,0.243359375,2540,0.9334835782647133,0.0003,-2.2992831490933896
241.26814589999998,524288,1066.3,815,256,642,0.4460667073726654,0.2,-0.006565313283499563,5.270192148629576,1.1511740684509277,0.024201073,0.256884765625,2550,0.33718276023864746,0.0003,-2.345648890733719
237.53520610999996,526336,1051.91,815,257,645,0.448509156703949,0.2,-0.005111700043198652,5.186137209367007,5.987276077270508,0.027217794,0.31689453125,2560,0.12635129690170288,0.0003,-2.3890601925551893
237.68185947999999,528384,1049.27,815,258,647,0.4494898319244385,0.2,-0.009113233149400912,18.374259184673427,4.499699115753174,0.0095029175,0.134423828125,2570,0.8323009610176086,0.0003,-2.3968343921005726
233.02615525000004,530432,1034.62,815,259,650,0.45122432708740234,0.2,-0.005466249669552781,5.869281321112067,0.5584019422531128,0.020343695,0.23359375,2580,0.1934751272201538,0.0003,-2.406463896483183
235.58113872,532480,1043.14,815,260,652,0.4509643018245697,0.2,-0.008370032075617928,13.334759434871376,0.9111546874046326,0.010580404,0.126123046875,2590,0.9000855386257172,0.0003,-2.4126137614250185
231.67078831999999,534528,1027.92,815,261,655,0.4497999846935272,0.2,-0.009212631474110822,20.265459879487754,20.140825271606445,0.014236312,0.124365234375,2600,0.7131659388542175,0.0003,-2.4086781553924084
231.76824720000002,536576,1026.2,815,262,657,0.449260413646698,0.2,-0.007959566904173699,13.941763228178024,4.244471549987793,0.022467125,0.192236328125,2610,0.9270720407366753,0.0003,-2.4034067139029505
224.23677999999995,538624,1002.57,815,263,660,0.44964730739593506,0.2,-0.002903681683528703,2.94191361926496,0.4947570562362671,0.026190037,0.288916015625,2620,0.45542752742767334,0.0003,-2.40274970382452
224.4352665799999,540672,999.4,815,264,662,0.4500201642513275,0.2,-0.007321579147537704,38.44406717717648,17.099809646606445,0.0097152665,0.133447265625,2630,0.9180305302143097,0.0003,-2.4070797361433507
220.66561681999997,542720,988.04,815,265,665,0.448100745677948,0.2,-0.008892942788952496,7.045227614976466,6.337378978729248,0.021651346,0.231982421875,2640,0.5681128203868866,0.0003,-2.403259053081274
220.71504764999997,544768,986.72,815,266,667,0.44733142852783203,0.2,-0.004985637389472686,9.046645325515419,1.081559181213379,0.024579188,0.225,2650,0.8816731348633766,0.0003,-2.3877629414200783
224.74178313000004,546816,995.67,815,267,670,0.44727620482444763,0.2,-0.007441063809892512,5.674545590858907,4.882108211517334,0.025014583,0.313525390625,2660,0.2848840355873108,0.0003,-2.3820310056209566
226.65701451,548864,996.46,815,268,672,0.447499543428421,0.2,-0.003006703428400215,5.465474886912853,0.7346457242965698,0.02652635,0.330078125,2670,0.22401821613311768,0.0003,-2.3840982623398306
226.70351253000004,550912,995.61,815,269,675,0.4455437958240509,0.2,-0.009853004520846299,5.07057906538248,1.8044822216033936,0.019428993,0.276513671875,2680,0.2087794542312622,0.0003,-2.372993888705969
226.74655767000002,552960,995.05,815,270,677,0.4439767897129059,0.2,-0.007451318491075653,5.325082969292998,1.171120285987854,0.029204682,0.292724609375,2690,0.23705130815505981,0.0003,-2.359603937715292
226.81811668000003,555008,993.98,815,271,680,0.4444880783557892,0.2,-0.0106294481724035,3.080586921889335,7.408544063568115,0.024706911,0.265625,2700,0.43218815326690674,0.0003,-2.35594230145216
226.81674433999996,557056,993.51,815,272,682,0.4438565969467163,0.2,-0.009387554839486256,5.203811131697148,0.5472640991210938,0.021822803,0.264013671875,2710,0.45774906873703003,0.0003,-2.356465122103691
228.33049537,559104,995.52,815,273,685,0.4476768374443054,0.2,-0.0068358829885255545,5.376472964696586,0.29814475774765015,0.024612239,0.24794921875,2720,0.28506332635879517,0.0003,-2.3732924215495586
228.46449612,561152,993.95,815,274,687,0.445508748292923,0.2,-0.006920617033028975,5.339689214341343,5.3675689697265625,0.018429287,0.264892578125,2730,0.3568645715713501,0.0003,-2.3779075667262077
228.52549595999997,563200,992.99,815,275,690,0.44624319672584534,0.2,-0.006928310134389904,5.1095690912567076,5.134021282196045,0.02073415,0.264404296875,2740,0.3759680986404419,0.0003,-2.3754264645278456
228.60990067999998,565248,991.96,815,276,692,0.4469486474990845,0.2,-0.007865403057076037,5.328770840633661,2.6657614707946777,0.018162867,0.245458984375,2750,0.289048433303833,0.0003,-2.3877449087798595
228.64182181999996,567296,991.4,815,277,695,0.4440057873725891,0.2,-0.00967315787274856,2.8002154930494725,0.35874107480049133,0.02198619,0.2884765625,2760,0.229803204536438,0.0003,-2.3740341193974017
228.74785347999997,569344,989.82,815,278,697,0.44466736912727356,0.2,-0.009550209560256918,5.4446866433136165,1.7439954280853271,0.019448144,0.250537109375,2770,0.544331431388855,0.0003,-2.365141981095076
228.93013453999995,571392,987.01,815,279,700,0.4469418525695801,0.2,-0.008089385079074418,5.346875796001404,0.46972838044166565,0.01855896,0.23134765625,2780,0.21273696422576904,0.0003,-2.380588673055172
229.15579749,573440,983.87,815,280,702,0.4461120069026947,0.2,-0.006012041404028423,5.213667722418904,4.608928203582764,0.0287359,0.306396484375,2790,0.2677042484283447,0.0003,-2.389841356873512
225.19850188000004,575488,971.8,815,281,705,0.4471006393432617,0.2,-0.008900088563677855,5.188896418828517,4.65520715713501,0.020581886,0.2427734375,2800,0.2148810625076294,0.0003,-2.398743762820959
220.60139876000002,577536,959.31,815,282,707,0.44778308272361755,0.2,-0.012327675736742094,11.470783002302051,1.3507205247879028,0.013516332,0.158642578125,2810,0.9493702761828899,0.0003,-2.401904620975256
205.49273349999996,579584,919.63,815,283,710,0.4488174319267273,0.2,-0.010784224234521389,24.921790421009064,3.584630250930786,0.010428377,0.07353515625,2820,0.8975886628031731,0.0003,-2.408278734236956
202.53176366999998,581632,909.61,815,284,712,0.4484434425830841,0.2,-0.012188240815885366,25.26981587558985,9.374245643615723,0.008650808,0.09130859375,2830,0.9531499594449997,0.0003,-2.411624713242054
198.68689378999997,583680,898.9,815,285,715,0.4469591975212097,0.2,-0.012212090131652076,28.096732488274576,39.22891616821289,0.009750626,0.09521484375,2840,0.9181176051497459,0.0003,-2.4055231504142283
191.35099610999998,585728,878.98,815,286,717,0.44464677572250366,0.2,-0.011177116793987807,4.466738921962678,1.3251782655715942,0.03500566,0.2998046875,2850,0.9503851234912872,0.0003,-2.383261667191982
186.20586362999998,587776,866.56,815,287,720,0.4460759460926056,0.2,-0.007217385727562942,16.931200037896634,1.304890751838684,0.011694199,0.169140625,2860,0.9291948974132538,0.0003,-2.389675248414278
189.35226038999997,589824,872.09,815,288,722,0.44632238149642944,0.2,-0.011068826114933473,39.0126048579812,9.512720108032227,0.009681564,0.1107421875,2870,0.9137915894389153,0.0003,-2.3954613640904427
186.99233295000002,591872,867.28,815,289,725,0.4442269206047058,0.2,-0.010615880144905531,11.05661298558116,1.5699961185455322,0.015429907,0.16708984375,2880,0.3581446409225464,0.0003,-2.3901056490838526
182.11415259999998,593920,851.99,815,290,727,0.44497305154800415,0.2,-0.006582737586722942,22.56215907074511,1.1873109340667725,0.01987971,0.223291015625,2890,0.9039576649665833,0.0003,-2.385205256938934
182.22107432999996,595968,850.51,815,291,730,0.4441404938697815,0.2,-0.007868072672863491,24.043768677487968,14.135796546936035,0.011277491,0.1498046875,2900,0.9356434345245361,0.0003,-2.3809405975043774
182.19285244,598016,850.75,815,292,732,0.4421035051345825,0.2,-0.005901349386112998,14.953586711920797,6.09445858001709,0.02102202,0.243798828125,2910,-0.11226189136505127,0.0003,-2.365021588653326
182.73554995000003,600064,850.8,815,293,735,0.44171983003616333,0.2,-0.008981538035004632,20.29511694163084,3.219163417816162,0.013314523,0.14765625,2920,0.424435555934906,0.0003,-2.3539565607905386
186.79697819,602112,859.69,816,294,737,0.44553425908088684,0.2,-0.010399109570425936,21.76576724424958,19.3052978515625,0.02253186,0.158642578125,2930,0.9350491538643837,0.0003,-2.36742824986577
181.13468375,604160,845.42,816,295,740,0.4411976933479309,0.2,-0.0016645435427562916,7.091964942589402,1.0869203805923462,0.030564621,0.32041015625,2940,0.39128148555755615,0.0003,-2.371153548359871
185.20382984,606208,854.63,816,296,742,0.4414655566215515,0.2,-0.01122958535415819,9.613976681604981,5.829386234283447,0.018539269,0.185546875,2950,0.9106131196022034,0.0003,-2.3495585300028323
185.30001387999997,608256,853.06,816,297,745,0.4416825771331787,0.2,-0.01102470574551262,5.547794977016747,2.9495208263397217,0.028050445,0.320556640625,2960,0.34271323680877686,0.0003,-2.3547483384609222
185.26680353,610304,853.66,816,298,747,0.4360927939414978,0.2,-0.007159400924138026,5.958067357353866,5.532435417175293,0.02382911,0.310400390625,2970,0.479725182056427,0.0003,-2.3261239014565946
189.22511455,612352,863.63,816,299,750,0.43601489067077637,0.2,-0.009430709766456857,5.6361944189295174,2.5212771892547607,0.023145534,0.26552734375,2980,0.4599875211715698,0.0003,-2.301291885972023
189.25369290999998,614400,863.78,816,300,752,0.4328806400299072,0.2,-0.007050028531375574,5.622072204388678,4.421436786651611,0.026329564,0.2845703125,2990,0.4565853476524353,0.0003,-2.2781431011855604
191.18877054,616448,865.91,816,301,755,0.4367700517177582,0.2,-0.009598189833923243,5.278870692197233,0.321405827999115,0.021566276,0.2818359375,3000,0.5137605965137482,0.0003,-2.2851157374680042
194.2348533,618496,873.27,816,302,757,0.4346843957901001,0.2,-0.007136655403883196,5.900346661731601,0.8937113881111145,0.0207012,0.23720703125,3010,0.3707907795906067,0.0003,-2.2842602893710136
195.62831136000005,620544,873.68,816,303,760,0.4336743950843811,0.2,-0.008847777591290651,3.3017629869282246,0.5375731587409973,0.023575682,0.250244140625,3020,0.4910329580307007,0.0003,-2.27150079831481
194.45271908000004,622592,870.14,816,304,762,0.43514204025268555,0.2,-0.009324037041369592,5.283186204265803,3.936537504196167,0.019655041,0.24443359375,3030,0.3885101079940796,0.0003,-2.277474544942379
194.49691308,624640,869.73,816,305,765,0.43646329641342163,0.2,-0.008174726420838852,20.105926763638855,10.286675453186035,0.011409918,0.144921875,3040,0.9284633249044418,0.0003,-2.285482905805111
201.36708241,626688,884.86,816,306,767,0.43397828936576843,0.2,-0.01047569063375704,3.5099725922569633,0.6661341190338135,0.01995017,0.289013671875,3050,0.07439488172531128,0.0003,-2.285465459525585
203.65599639000004,628736,891.15,816,307,770,0.43290406465530396,0.2,-0.011067994664335857,5.599909470975399,4.2832136154174805,0.028109103,0.29287109375,3060,0.247597336769104,0.0003,-2.262006904184818
205.87161218,630784,898.7,816,308,772,0.43188196420669556,0.2,-0.010052834804810118,17.43964143618941,6.232152462005615,0.010159869,0.121337890625,3070,0.8970806375145912,0.0003,-2.256277796626091
197.53142668,632832,880.35,816,309,775,0.43123960494995117,0.2,-0.009557856342871674,24.23067553639412,8.856008529663086,0.015286983,0.138720703125,3080,0.8604760468006134,0.0003,-2.249608853459358
189.61254763,634880,858.87,816,310,777,0.431292861700058,0.2,-0.009684901805303524,35.62084384560585,30.98107147216797,0.007314218,0.06904296875,3090,0.9223325997591019,0.0003,-2.2466629579663278
184.86916751,636928,846.85,816,311,780,0.4323265552520752,0.2,-0.011433236612356268,10.146385855972767,6.028534412384033,0.01595962,0.159912109375,3100,0.9072233662009239,0.0003,-2.2512157931923866
184.9992627,638976,845.18,816,312,782,0.43313300609588623,0.2,-0.009835949700209312,27.190797270089387,7.32365083694458,0.010827307,0.133642578125,3110,0.9251848086714745,0.0003,-2.260326460003853
183.28226426,641024,841.61,816,313,785,0.43067464232444763,0.2,-0.006712567033537198,7.300604939460754,1.403380274772644,0.037472084,0.294287109375,3120,-0.2902275323867798,0.0003,-2.2591234631836414
183.35294353,643072,840.55,816,314,787,0.4301491975784302,0.2,-0.010116671748255613,35.551492682099344,7.70353364944458,0.015123359,0.209619140625,3130,0.8601448237895966,0.0003,-2.2442198738455774
180.00580889,645120,831.82,816,315,790,0.4339156150817871,0.2,-0.0014607272954890505,5.897618465870619,0.8015651106834412,0.02760753,0.3234375,3140,-0.009251713752746582,0.0003,-2.264295670390129
180.02906266999997,647168,831.6,816,316,792,0.43722960352897644,0.2,-0.008472974563483148,13.310086388140917,14.186155319213867,0.02215247,0.257763671875,3150,0.9087216854095459,0.0003,-2.289502138644457
180.08906402999997,649216,830.92,816,317,795,0.4370975196361542,0.2,-0.011151745190727525,8.828750454541296,8.626506805419922,0.019225292,0.2083984375,3160,0.6360079050064087,0.0003,-2.301750836521387
180.19321392999998,651264,830.06,816,318,797,0.43475541472435,0.2,-0.006648469157516957,5.667427252233028,1.7168002128601074,0.02576635,0.328125,3170,0.3041422367095947,0.0003,-2.2879892736673355
180.12269259999997,653312,831.12,816,319,800,0.43464845418930054,0.2,-0.005278388752049068,5.383947413600981,3.456843376159668,0.025765527,0.288671875,3180,0.2966548800468445,0.0003,-2.275702492892742
180.09558802,655360,831.74,816,320,802,0.43143579363822937,0.2,-0.008968596115300898,5.525415181927383,2.023905038833618,0.022641273,0.255224609375,3190,0.4187164902687073,0.0003,-2.261505175381899
180.00007265,657408,833.3,815,321,805,0.43200457096099854,0.2,-0.008191737136803568,5.82080614361912,11.876120567321777,0.024936136,0.26396484375,3200,0.29950594902038574,0.0003,-2.257287257164717
182.39828483999997,659456,841.45,815,322,808,0.4322689175605774,0.2,-0.006398256721149664,5.842061436455697,2.857487201690674,0.022071235,0.267919921875,3210,0.39219921827316284,0.0003,-2.2552683740854262
181.16626086,661504,842.32,815,323,810,0.43128862977027893,0.2,-0.005010016812593676,8.843134248070418,4.7351155281066895,0.015612459,0.19296875,3220,0.9037432447075844,0.0003,-2.2525174118578435
186.24501429000003,663552,857.22,815,324,813,0.4302643835544586,0.2,-0.009785007138270884,30.75360165834427,21.294721603393555,0.015831765,0.18486328125,3230,0.9341375753283501,0.0003,-2.24053473547101
194.31986303000002,665600,876.78,815,325,815,0.4302441477775574,0.2,-0.011504188420803984,34.84555269181728,9.744058609008789,0.010919951,0.11171875,3240,0.9243099093437195,0.0003,-2.236181890964508
193.71200483000004,667648,875.05,815,326,818,0.4289698600769043,0.2,-0.005155907238076907,5.196935285162181,0.3364019989967346,0.027491033,0.295556640625,3250,0.09893447160720825,0.0003,-2.2337289415299892
196.88263307000005,669696,883.58,816,327,820,0.43051302433013916,0.2,-0.00231410047999816,5.196153558511287,0.5192331671714783,0.018667303,0.2365234375,3260,0.9103987216949463,0.0003,-2.2361677050590516
200.76879448000003,671744,894.53,815,328,823,0.43150418996810913,0.2,-0.008276114756881725,5.63218710673973,3.4540293216705322,0.028198931,0.30869140625,3270,0.2735207676887512,0.0003,-2.2482699386775495
200.80350315000004,673792,894.3,815,329,825,0.4316881597042084,0.2,-0.01110597528386279,11.59900542460382,3.442178249359131,0.026207648,0.269970703125,3280,0.6090517342090607,0.0003,-2.2538663841784
205.00040668999998,675840,905.99,816,330,828,0.4272252917289734,0.2,-0.009460620316531276,5.519471193198115,0.2354104071855545,0.03293841,0.28984375,3290,0.13837194442749023,0.0003,-2.23078114464879
205.02164907000002,677888,905.85,816,331,830,0.43240076303482056,0.2,-0.008654199734155554,11.647895715758205,1.8796712160110474,0.01675247,0.2296875,3300,0.9164671748876572,0.0003,-2.2355324178934097
208.55223524999994,679936,913.9,816,332,833,0.4348909854888916,0.2,-0.010772116286534583,3.5276253951247782,4.332236289978027,0.03211046,0.277294921875,3310,0.10155278444290161,0.0003,-2.2807357132434847
206.61720234,681984,911.6,816,333,835,0.4340854585170746,0.2,-0.003800893971492769,18.218334292434157,0.8572209477424622,0.021708887,0.212060546875,3320,0.900839276611805,0.0003,-2.277307053655386
205.85615153000003,684032,907.63,816,334,838,0.4341225028038025,0.2,-0.007286185774864862,52.59400096014142,17.78945541381836,0.010920348,0.1447265625,3330,0.8849261924624443,0.0003,-2.27558870613575
194.05855831,686080,877.45,816,335,840,0.43593448400497437,0.2,-0.011931365967029706,24.3657452005893,31.451560974121094,0.013642121,0.13720703125,3340,0.8320527821779251,0.0003,-2.2831100463867187
189.93441057000004,688128,868.17,816,336,843,0.4363548159599304,0.2,-0.01401366932404926,50.47714687585831,10.319051742553711,0.009944339,0.123828125,3350,0.9137962087988853,0.0003,-2.294497564435005
187.90138158,690176,861.18,816,337,845,0.4354645311832428,0.2,-0.008156500376207987,9.041474406700582,0.719330906867981,0.026435561,0.21923828125,3360,0.9799786321818829,0.0003,-2.29138103723526
189.28257542,692224,864.75,816,338,848,0.43540024757385254,0.2,-0.009159754452412017,12.16330618839711,7.746809482574463,0.01721185,0.233740234375,3370,0.9541204161942005,0.0003,-2.288244251906872
182.06907114999998,694272,846.16,816,339,850,0.43574708700180054,0.2,-0.0022319046664051713,13.994265643693506,7.845710754394531,0.02340062,0.333251953125,3380,0.8875366449356079,0.0003,-2.293372242152691
182.11474339,696320,845.27,816,340,853,0.4351075291633606,0.2,-0.01165054467128357,31.87992783896625,6.605719089508057,0.021053426,0.21259765625,3390,0.9181830435991287,0.0003,-2.2899028070271017
174.95844122999998,698368,827.02,816,341,855,0.4296179711818695,0.2,-0.0011727194552804577,6.070169541612268,0.6306788325309753,0.053111304,0.381640625,3400,0.01497584581375122,0.0003,-2.2565138451755047
171.08070078999998,700416,816.57,816,342,858,0.4289352297782898,0.2,-0.008981767877412495,42.29888528212905,20.640005111694336,0.011972547,0.193310546875,3410,0.8773521259427071,0.0003,-2.232372296601534
171.0477282,702464,816.7,816,343,860,0.42833107709884644,0.2,-0.009028460706758779,37.554319825768474,3.2973759174346924,0.010902215,0.1119140625,3420,0.737815648317337,0.0003,-2.229432073235512
169.58551455,704512,812.46,816,344,863,0.42655056715011597,0.2,-0.010214311261370313,9.734308834001421,1.4034093618392944,0.03432864,0.242626953125,3430,0.2763422131538391,0.0003,-2.219508620351553
169.61019552000002,706560,811.58,816,345,865,0.4279075860977173,0.2,-0.003830907225346891,5.5759938164614145,0.7027620077133179,0.04387609,0.342431640625,3440,0.9554022364318371,0.0003,-2.217091830074787
164.14267202,708608,797.79,816,346,868,0.4281477630138397,0.2,-0.0033077546308049933,14.234512235596776,8.164836883544922,0.025732337,0.2861328125,3450,0.9439017437398434,0.0003,-2.2203814789652823
161.95873903,710656,791.6,816,347,870,0.42854708433151245,0.2,-0.009145924633776304,45.7063888348639,24.874521255493164,0.009322737,0.087060546875,3460,0.8713879883289337,0.0003,-2.2251975126564503
166.53677735000002,712704,802.42,816,348,873,0.4272181987762451,0.2,-0.011424615962459939,57.08344442844391,6.278173446655273,0.0142278215,0.13388671875,3470,0.7608437985181808,0.0003,-2.2242103666067123
169.07489561000003,714752,807.58,816,349,875,0.42685163021087646,0.2,-0.009636782545567258,13.217684653401374,0.4541310667991638,0.025321007,0.2951171875,3480,0.9276909381151199,0.0003,-2.219321823865175
160.9523043,716800,790.31,816,350,878,0.4266488254070282,0.2,-0.0028092222899431364,13.903899727389216,3.449920654296875,0.030435842,0.325537109375,3490,-0.4041787385940552,0.0003,-2.218246380239725
162.73094622,718848,792.73,816,351,880,0.42712193727493286,0.2,-0.010823801731021376,71.13618797063828,35.707725524902344,0.008523755,0.08173828125,3500,0.9044198915362358,0.0003,-2.221734581142664
162.75351924,720896,791.73,816,352,883,0.42707011103630066,0.2,-0.003929018375492888,6.8682503066957,5.300710201263428,0.027654273,0.338623046875,3510,-0.36290907859802246,0.0003,-2.230228864401579
156.33032089,722944,776.97,815,353,885,0.42539793252944946,0.2,-0.007119445021089632,6.153078817669302,0.7733684182167053,0.03463401,0.29736328125,3520,0.2854726314544678,0.0003,-2.2156027972698213
152.40987006999998,724992,767.65,815,354,888,0.4268280565738678,0.2,-0.011032452146173455,32.04127772524953,12.108081817626953,0.024344113,0.19580078125,3530,0.9330989941954613,0.0003,-2.2129110991954803
149.6204669,727040,759.37,816,355,890,0.42797142267227173,0.2,-0.012559288080228725,5.357663547527045,2.049894332885742,0.02125503,0.2048828125,3540,0.9388092756271362,0.0003,-2.2289947547018527
142.68287152,729088,746.2,816,356,893,0.4274687170982361,0.2,-0.007801965973339975,14.95998027678579,2.3954920768737793,0.023497261,0.260546875,3550,0.9126468971371651,0.0003,-2.228079018741846
138.83937011,731136,734.69,815,357,896,0.4276488721370697,0.2,-0.009582240525924135,36.25794038698077,43.108150482177734,0.014152685,0.116796875,3560,0.9236557930707932,0.0003,-2.226298326253891
136.87115106999997,733184,726.16,816,358,898,0.42908915877342224,0.2,-0.0063507647588266995,13.088416599854828,2.1675658226013184,0.023578368,0.225,3570,0.9424060769379139,0.0003,-2.2369062438607217
139.55282847,735232,730.33,816,359,900,0.43060192465782166,0.2,-0.010117607544816564,20.344684407487513,3.52750301361084,0.020929301,0.2166015625,3580,0.9424184262752533,0.0003,-2.245965060591698
141.17151683000003,737280,731.65,816,360,903,0.43348121643066406,0.2,-0.007005307635699865,7.042210828140378,4.637484073638916,0.054644987,0.370556640625,3590,0.1551973819732666,0.0003,-2.2696908809244634
135.96736348000002,739328,719.93,816,361,905,0.43793201446533203,0.2,-0.0019697825904586353,22.951916500087826,38.637359619140625,0.02875987,0.260302734375,3600,0.8959060609340668,0.0003,-2.3060754165053368
132.2823519,741376,711.14,816,362,908,0.4394306242465973,0.2,-0.006922071825829335,27.976931497454643,11.547765731811523,0.010077577,0.128076171875,3610,0.9342642650008202,0.0003,-2.330214034765959
129.24569045,743424,703.24,816,363,910,0.44014737010002136,0.2,-0.010046185597457225,77.68831163048745,9.756718635559082,0.01606666,0.120703125,3620,0.8865342736244202,0.0003,-2.3426856696605682
125.95166765000002,745472,693.61,816,364,913,0.440205842256546,0.2,-0.008935983755509368,23.70406323336065,14.264123916625977,0.02237277,0.255859375,3630,0.8979856669902802,0.0003,-2.343499082326889
124.11827904000002,747520,689.95,816,365,915,0.44260695576667786,0.2,-0.004735844383685617,29.56111514940858,5.59550142288208,0.025194291,0.280419921875,3640,0.8998144790530205,0.0003,-2.354812979698181
124.84444093,749568,688.32,816,366,918,0.4452763497829437,0.2,-0.0019433263420069124,25.55298492871225,2.6675679683685303,0.014405981,0.226611328125,3650,0.9250391125679016,0.0003,-2.3774920284748076
120.60429626999999,751616,681.67,816,367,920,0.4452437162399292,0.2,-0.0038335248311341273,25.886706019565462,5.369914531707764,0.04281786,0.356884765625,3660,0.9048997387290001,0.0003,-2.386852627247572
118.53085719999999,753664,677.82,816,368,923,0.4456860423088074,0.2,-0.007045423825184116,43.97655072808266,31.582326889038086,0.0065866914,0.12841796875,3670,0.9426159895956516,0.0003,-2.387872952967882
121.96941863999999,755712,689.1,816,369,925,0.44526728987693787,0.2,-0.010849841313029174,41.279795435070994,11.00762939453125,0.022531174,0.243310546875,3680,0.8066087663173676,0.0003,-2.3874389506876468
130.00814305,757760,707.96,816,370,928,0.4485875070095062,0.2,-0.010403917632356752,52.624193435162304,38.9869384765625,0.024538107,0.241259765625,3690,0.8956270143389702,0.0003,-2.4006336703896523
130.22242992000002,759808,706.8,816,371,930,0.45411545038223267,0.2,-0.0014656058709078934,8.78188635315746,5.775243282318115,0.028855931,0.36259765625,3700,-1.0319290161132812,0.0003,-2.4508870765566826
134.156758,761856,716.44,816,372,933,0.45534196496009827,0.2,-0.0022690845784381964,8.633343607001006,5.302104473114014,0.0463113,0.294287109375,3710,0.9013732895255089,0.0003,-2.476364026218653
133.62212496,763904,716.21,816,373,935,0.45662248134613037,0.2,-0.011417979071848095,14.6373268134892,3.111152410507202,0.023118347,0.26142578125,3720,0.2683379650115967,0.0003,-2.48547550663352
136.86603883,765952,723.52,816,374,938,0.4590604901313782,0.2,-0.00162908626080025,25.65729772038758,2.519037961959839,0.031041425,0.304931640625,3730,0.8549596518278122,0.0003,-2.4996844694018363
140.78352526,768000,733.93,816,375,940,0.4562552869319916,0.2,-0.01010895133658778,4.566819699108601,3.7354483604431152,0.029147446,0.34501953125,3740,0.11415219306945801,0.0003,-2.49518760740757
139.286663,770048,732.73,816,376,943,0.45678001642227173,0.2,-0.0052292284497525545,5.450858755223453,2.439420461654663,0.021277584,0.285498046875,3750,0.4199969172477722,0.0003,-2.484966214746237
134.53478924,772096,720.9,816,377,945,0.4573337435722351,0.2,-0.007200868029758567,41.50213382691145,7.79738187789917,0.008496927,0.099951171875,3760,0.9039200320839882,0.0003,-2.492263066768646
137.12344007,774144,729.95,816,378,948,0.45690053701400757,0.2,-0.010983210105041507,6.127109790872782,6.335967063903809,0.013792059,0.158447265625,3770,0.9715231042355299,0.0003,-2.4950845301151277
133.41866392,776192,722.13,816,379,950,0.456994891166687,0.2,-0.010741540211893153,34.63263976573944,34.4283447265625,0.015346391,0.170458984375,3780,0.8392143845558167,0.0003,-2.4900523006916044
128.43205179,778240,712.75,816,380,953,0.4569893479347229,0.2,-0.010834881184564438,24.902705380320548,12.318690299987793,0.012848519,0.11455078125,3790,0.9324044659733772,0.0003,-2.4918233953416347
124.70438944000001,780288,705.36,816,381,955,0.4578055441379547,0.2,-0.011297265807661461,57.59721269458532,20.51776123046875,0.008810533,0.119384765625,3800,0.9445404708385468,0.0003,-2.4967237770557404
126.15905313000002,782336,706.55,816,382,958,0.4576125144958496,0.2,-0.011230592407810037,62.68540233373642,21.64775848388672,0.015283813,0.1484375,3810,0.9087904915213585,0.0003,-2.499797718971968
122.47822008999998,784384,701.59,816,383,960,0.4551864266395569,0.2,0.00014866693236399443,7.777442289143801,2.162652015686035,0.02578605,0.32578125,3820,0.944478627294302,0.0003,-2.486008819192648
126.25525401999998,786432,711.35,816,384,963,0.45558643341064453,0.2,-0.008001669545774349,33.7972038500011,5.7275471687316895,0.01759519,0.198046875,3830,0.9119265452027321,0.0003,-2.4810909017920495
129.17431908999998,788480,715.84,816,385,965,0.4563598334789276,0.2,-0.0033345562838803743,5.014922379329801,0.39884188771247864,0.023560043,0.32255859375,3840,0.08056724071502686,0.0003,-2.4948631770908833
136.5936783,790528,734.07,816,386,968,0.45835137367248535,0.2,-0.006450499601487536,15.637719657458366,3.369889497756958,0.01868696,0.24013671875,3850,0.9323804900050163,0.0003,-2.5007590733468534
137.35683004999999,792576,736.92,816,387,970,0.4562208652496338,0.2,-0.007517075411305996,4.641670490056276,0.6491349339485168,0.026099555,0.270947265625,3860,0.042283475399017334,0.0003,-2.5076979041099547
135.47420188,794624,734.18,816,388,973,0.4571216106414795,0.2,-0.01290899618907133,18.552269499003888,9.740385055541992,0.018813148,0.24052734375,3870,0.877476803958416,0.0003,-2.5040023766458033
141.69915473,796672,752.72,816,389,975,0.4569777846336365,0.2,-0.008476596164837247,20.903340672515334,13.858780860900879,0.013087144,0.183935546875,3880,0.9243726804852486,0.0003,-2.5079595327377318
140.50173416,798720,751.25,816,390,978,0.45954668521881104,0.2,-0.009066422616160707,24.549376319907605,3.271327018737793,0.029799888,0.267626953125,3890,0.9158196225762367,0.0003,-2.516269005089998
142.80956071000003,800768,759.68,816,391,980,0.4590013027191162,0.2,-0.01065480723445944,57.52019551694393,14.786700248718262,0.012804305,0.114404296875,3900,0.8462436348199844,0.0003,-2.525983303785324
141.3327095,802816,759.45,816,392,983,0.4584004580974579,0.2,-0.007863785100926179,26.321381052210928,16.881526947021484,0.028547756,0.273291015625,3910,0.8886946439743042,0.0003,-2.5210176534950732
146.18420861,804864,769.93,816,393,985,0.4581027626991272,0.2,0.0013627599022584037,24.86734972409904,4.0138654708862305,0.028713364,0.316650390625,3920,0.9021364077925682,0.0003,-2.5178124986588957
147.64492442,806912,771.09,816,394,988,0.4578133523464203,0.2,-0.00688648247596575,19.462442209385337,7.905501842498779,0.020032939,0.2435546875,3930,0.9298847988247871,0.0003,-2.5141930185258388
147.56555038,808960,771.94,816,395,990,0.4522004723548889,0.2,-0.008888242313696537,6.035671981051564,3.578838586807251,0.027136698,0.309130859375,3940,-0.11573362350463867,0.0003,-2.4800327137112617
150.17368994,811008,782.39,816,396,993,0.4480575919151306,0.2,-0.00937623514473671,2.535983927920461,2.4234673976898193,0.027614245,0.314013671875,3950,0.18829059600830078,0.0003,-2.4398161351680754
154.07994813,813056,793.03,816,397,995,0.4497857987880707,0.2,-0.006763557535305153,22.377316385880114,4.12162971496582,0.017560257,0.225146484375,3960,0.9072384163737297,0.0003,-2.4250737860798837
154.05219147999998,815104,793.22,816,398,998,0.4507613182067871,0.2,-0.005305174937529955,29.791641795635222,7.835576057434082,0.013432406,0.173486328125,3970,0.8800824657082558,0.0003,-2.4389681607484817
153.37778482,817152,788.7,816,399,1000,0.4452790915966034,0.2,-0.01109548310705577,2.874362404644489,0.20031435787677765,0.026017642,0.2712890625,3980,0.15195411443710327,0.0003,-2.4205045707523825
157.24936702,819200,799.24,816,400,1003,0.44919395446777344,0.2,-0.008230800963792717,7.4537114018574355,1.5473854541778564,0.018712193,0.19267578125,3990,0.9144473597407341,0.0003,-2.410004848241806
159.9698383,821248,806.58,816,401,1005,0.4466744065284729,0.2,-0.009581371099193348,7.068522057123483,3.2638821601867676,0.02569948,0.238134765625,4000,0.37255173921585083,0.0003,-2.4175539761781693
160.85037429000002,823296,809.43,816,402,1008,0.4449746012687683,0.2,-0.006510875871754251,21.043083690851926,39.261444091796875,0.024166694,0.21328125,4010,0.9007088765501976,0.0003,-2.398580166697502
163.89412321,825344,816.15,816,403,1010,0.4471842050552368,0.2,-0.008334417393780314,8.241294393222779,1.6706860065460205,0.029200356,0.278173828125,4020,0.8996803462505341,0.0003,-2.4012247890233995
165.00086006,827392,820.53,816,404,1013,0.44888222217559814,0.2,-0.011432605643494752,5.723741895146668,4.4222540855407715,0.025765529,0.303662109375,4030,0.1319165825843811,0.0003,-2.425095282495022
166.44012784999998,829440,822.29,816,405,1015,0.44841641187667847,0.2,-0.0060153464146424085,10.279064239747822,6.692999362945557,0.022830533,0.239306640625,4040,0.9474702328443527,0.0003,-2.4258207149803637
170.08015637,831488,830.28,816,406,1018,0.44453728199005127,0.2,-0.008555030939169228,6.328989147767425,0.3574899733066559,0.02511114,0.267236328125,4050,-0.2651832103729248,0.0003,-2.406578902900219
172.66511440000002,833536,835.65,816,407,1020,0.4455094039440155,0.2,-0.006867914844042389,6.255094601213932,4.189770698547363,0.018687814,0.269140625,4060,-0.11046469211578369,0.0003,-2.3997274987399577
175.16750526999996,835584,841.32,816,408,1023,0.447885125875473,0.2,-0.007275624756584875,21.2226060885936,1.0535221099853516,0.018570418,0.2427734375,4070,0.90548887103796,0.0003,-2.4179481871426107
181.60047303,837632,856.35,816,409,1025,0.4477826952934265,0.2,-0.00921052865087404,35.252070537954566,40.83015060424805,0.013291854,0.158203125,4080,0.83186836540699,0.0003,-2.4254271872341633
182.02086021000002,839680,855.83,816,410,1028,0.44980284571647644,0.2,-0.010562603565631434,5.858160499297083,4.8098530769348145,0.023686782,0.278173828125,4090,-0.003110527992248535,0.0003,-2.436607354879379
181.13648852999995,841728,853.12,816,411,1031,0.44966980814933777,0.2,-0.013965726293099579,9.384620403498412,2.1370131969451904,0.011836091,0.1490234375,4100,0.9479165710508823,0.0003,-2.44023060798645
181.09376126999996,843776,853.58,816,412,1033,0.45032772421836853,0.2,-0.010925358365057036,32.12015004679561,4.834950923919678,0.009455041,0.13447265625,4110,0.9155108258128166,0.0003,-2.439207365363836
181.08919770999998,845824,853.13,816,413,1035,0.44901037216186523,0.2,-0.008946596847090404,5.417118682153523,0.6213542819023132,0.022006959,0.27421875,4120,0.27495259046554565,0.0003,-2.4364143230021
181.08617059,847872,852.9,816,414,1038,0.4477936029434204,0.2,-0.008324442447337788,9.916897598933428,0.4922611117362976,0.024673345,0.250927734375,4130,0.9257345721125603,0.0003,-2.4257141672074796
184.03519131000002,849920,859.11,816,415,1040,0.4481903314590454,0.2,-0.009808241660357453,5.719983461406082,3.370370864868164,0.03235445,0.332275390625,4140,0.11179828643798828,0.0003,-2.4322108402848244
179.16535783,851968,849.73,816,416,1043,0.44729217886924744,0.2,-0.00673909295728663,5.8070655144751075,0.507213830947876,0.02094738,0.254443359375,4150,0.2036532163619995,0.0003,-2.4220245130360127
181.72308119,854016,853.79,816,417,1045,0.44983384013175964,0.2,-0.01279444829269778,12.894289431255311,6.244259357452393,0.015605954,0.156005859375,4160,0.8912991583347321,0.0003,-2.426306429505348
184.61761319999994,856064,859.77,816,418,1048,0.45098716020584106,0.2,-0.00960689996718429,5.79642312573269,4.082919597625732,0.027552804,0.287158203125,4170,0.15142881870269775,0.0003,-2.4488294772803783
187.13395763,858112,867.64,816,419,1051,0.45219847559928894,0.2,-0.00866291395141161,6.05649874182418,0.39348238706588745,0.021184389,0.278759765625,4180,0.1513482928276062,0.0003,-2.4443019933998587
188.45348123,860160,867.3,816,420,1053,0.4516679346561432,0.2,-0.007836406084243209,15.265058657713235,0.8388009667396545,0.010266486,0.1271484375,4190,0.9165017679333687,0.0003,-2.448296967893839
190.73725804000003,862208,872.17,816,421,1056,0.45105862617492676,0.2,-0.006316674926347332,7.58116616718471,0.588951587677002,0.02826855,0.29677734375,4200,-0.6489732265472412,0.0003,-2.4477000132203104
192.61404831,864256,878.54,816,422,1058,0.45165014266967773,0.2,-0.008868710749811725,7.679784565605223,0.5628601908683777,0.018677322,0.133349609375,4210,0.9640489593148232,0.0003,-2.4512307457625866
193.28921940999996,866304,879.96,816,423,1061,0.4491182565689087,0.2,-0.006342567877436522,16.05306135751307,2.8701462745666504,0.017227136,0.24658203125,4220,0.8761346638202667,0.0003,-2.444929588586092
200.73781788,868352,896.73,816,424,1063,0.44798916578292847,0.2,-0.005116678346530535,25.76837930381298,5.407690525054932,0.014090454,0.194775390625,4230,0.9345161020755768,0.0003,-2.4291283816099165
204.98547892000005,870400,903.5,816,425,1066,0.44616013765335083,0.2,-0.011647933600397665,6.9235195521265265,1.817732334136963,0.028655782,0.30947265625,4240,-0.5529605150222778,0.0003,-2.414612077176571
209.88608127000003,872448,916.31,816,426,1068,0.443126916885376,0.2,-0.010844390368583845,5.455795378610492,1.0263054370880127,0.019211471,0.2197265625,4250,0.2873247265815735,0.0003,-2.398046337068081
207.61918408000003,874496,907.8,816,427,1071,0.43993327021598816,0.2,-0.011008840524300467,15.549914843216538,4.502444267272949,0.022175886,0.2693359375,4260,0.8763277232646942,0.0003,-2.3636416867375374
209.69442384,876544,910.68,816,428,1073,0.4398278594017029,0.2,-0.010107685331604443,13.811731965094804,1.2844276428222656,0.020000186,0.1716796875,4270,0.9113470688462257,0.0003,-2.3489175245165823
207.22416969999998,878592,905.43,816,429,1076,0.4358362853527069,0.2,-0.009868028591154144,5.243569127470255,2.0317935943603516,0.021546407,0.26708984375,4280,0.3315916657447815,0.0003,-2.3266185894608498
207.26435937,880640,904.69,816,430,1078,0.43431010842323303,0.2,-0.01083718604349997,30.90357479080558,6.577366828918457,0.015835037,0.160986328125,4290,0.9296358376741409,0.0003,-2.3025897525250913
209.79309307,882688,908.75,816,431,1081,0.4321921765804291,0.2,-0.01038810649406514,6.707283691875636,2.576573371887207,0.024453696,0.223779296875,4300,0.3229832053184509,0.0003,-2.2873135268688203
206.50946689,884736,901.61,816,432,1083,0.4316744804382324,0.2,-0.005931678536580875,14.338679618760944,9.966961860656738,0.02221691,0.233935546875,4310,-0.3962174654006958,0.0003,-2.281214702874422
207.86383614,886784,901.31,816,433,1086,0.43110084533691406,0.2,-0.01089373479335336,34.65709522292018,10.642826080322266,0.018674802,0.22041015625,4320,0.9066149443387985,0.0003,-2.274739021062851
211.28407053000004,888832,905.22,816,434,1088,0.42926427721977234,0.2,-0.001202915459725773,6.523621421307325,1.235347867012024,0.023685835,0.299365234375,4330,-0.4253885746002197,0.0003,-2.2610596090555193
210.00499348000002,890880,898.97,816,435,1091,0.43030500411987305,0.2,-0.007053300824190955,5.689616085961461,0.5428670644760132,0.025456745,0.28857421875,4340,0.22740674018859863,0.0003,-2.2483973905444143
208.27679215,892928,892.44,816,436,1093,0.4329040050506592,0.2,-0.009836344236100558,17.28882490247488,9.685120582580566,0.028410207,0.31201171875,4350,0.8961522504687309,0.0003,-2.2650684669613836
207.13949479,894976,890.63,816,437,1096,0.4293663799762726,0.2,-0.003962418288574554,12.769511884450912,5.42455530166626,0.017772317,0.2267578125,4360,0.90059033036232,0.0003,-2.261157188564539
202.53423586,897024,880.24,816,438,1098,0.42932239174842834,0.2,-0.00811112163355574,35.502812922373415,6.779233455657959,0.013268623,0.147265625,4370,0.9337849393486977,0.0003,-2.243009161949158
199.90035538999996,899072,869.6,816,439,1101,0.42913559079170227,0.2,-0.00914602566481335,58.45375570654869,62.45924758911133,0.011789298,0.110986328125,4380,0.8770624399185181,0.0003,-2.2439339004456995
202.16155806999998,901120,871.68,816,440,1103,0.42927518486976624,0.2,-0.009079861500504193,5.556101366132498,2.5478053092956543,0.030597948,0.27470703125,4390,0.9350101128220558,0.0003,-2.243165384978056
195.13980124999998,903168,856.51,816,441,1106,0.42628633975982666,0.2,-0.008661447809572564,6.379324403870851,4.740508556365967,0.022558372,0.311328125,4400,-0.24669039249420166,0.0003,-2.223186243325472
195.19421586999997,905216,855.59,816,442,1108,0.4259161055088043,0.2,-0.011111464368877933,29.735917828977108,1.690111756324768,0.011698017,0.143310546875,4410,0.924796849489212,0.0003,-2.208863378316164
196.31542422999996,907264,858.95,816,443,1111,0.4257814586162567,0.2,-0.004780494557780912,10.757618393935264,2.326432704925537,0.02855467,0.268310546875,4420,-0.48956096172332764,0.0003,-2.2086716435849665
197.49866198,909312,858.81,816,444,1113,0.42479121685028076,0.2,-0.004685744957532734,16.946089448034762,17.672189712524414,0.031448442,0.30986328125,4430,0.9344403594732285,0.0003,-2.198384914547205
191.35673635999996,911360,845.76,816,445,1116,0.4208807051181793,0.2,-0.004034745335593471,5.640362004376948,2.989457130432129,0.027906548,0.3486328125,4440,0.022008776664733887,0.0003,-2.1702184058725833
177.32519239,913408,812.86,816,446,1118,0.420818030834198,0.2,-0.008884577116987202,29.408652249723673,9.032600402832031,0.012188448,0.158544921875,4450,0.9339406937360764,0.0003,-2.159969202429056
176.62983991,915456,810.18,816,447,1121,0.4210449159145355,0.2,-0.008347654319368302,57.89479556679726,14.988188743591309,0.005150666,0.057763671875,4460,0.9395607560873032,0.0003,-2.1625186264514924
179.33448642,917504,814.61,816,448,1123,0.4215152859687805,0.2,-0.012460427955375053,5.5385068511590365,0.69064861536026,0.026388042,0.227392578125,4470,0.9559567086398602,0.0003,-2.1638671904802322
179.37855408000004,919552,813.67,816,449,1126,0.4182630479335785,0.2,-0.005055954829003895,6.674012915417552,1.138390064239502,0.028157633,0.286181640625,4480,0.2539503574371338,0.0003,-2.1453394487500193
183.35113792,921600,821.86,816,450,1128,0.4155251383781433,0.2,-0.008478076841129223,5.541296593006701,5.2681379318237305,0.032728456,0.324072265625,4490,0.1580594778060913,0.0003,-2.121609105914831
181.76377198999998,923648,819.83,816,451,1131,0.41814056038856506,0.2,-0.004535992594901473,5.898446201439947,0.7568638324737549,0.029702393,0.2849609375,4500,0.22744452953338623,0.0003,-2.1238020353019236
178.36755289,925696,810.67,816,452,1133,0.41778096556663513,0.2,-0.004331608928623609,31.91888234913349,19.49569320678711,0.007482917,0.097412109375,4510,0.9118297174572945,0.0003,-2.127876537293196
182.43219794999996,927744,819.19,816,453,1136,0.41979217529296875,0.2,-0.00951696316624293,25.18939167782664,1.0814988613128662,0.024023883,0.1982421875,4520,0.8878193795681,0.0003,-2.1355802327394486
178.51311642000002,929792,809.2,816,454,1138,0.4212758243083954,0.2,0.0012324790102866245,7.61138282045722,3.409322500228882,0.039340034,0.373828125,4530,-0.7865592241287231,0.0003,-2.1522355429828166
179.18814707000004,931840,810.05,816,455,1141,0.41929885745048523,0.2,-0.006962675189424772,9.683785176370293,0.9727569818496704,0.020333963,0.181005859375,4540,0.9212226495146751,0.0003,-2.152022497355938
178.49523519,933888,808.63,816,456,1143,0.4198034405708313,0.2,-0.009091064489621204,11.285006514564156,0.8826599717140198,0.031675845,0.268603515625,4550,0.8766200840473175,0.0003,-2.1433681726455687
177.12947270999996,935936,807.07,816,457,1146,0.41998788714408875,0.2,-0.00964757490219199,32.94741520881653,46.866111755371094,0.016662948,0.1767578125,4560,0.8942765146493912,0.0003,-2.1476468183100224
179.68447318999998,937984,811.06,816,458,1148,0.42129403352737427,0.2,-0.005640938939177431,21.251167880371213,1.6963059902191162,0.019020967,0.22431640625,4570,0.8742193281650543,0.0003,-2.154274123907089
182.67996432999996,940032,816.8,816,459,1151,0.4216368496417999,0.2,-0.009099621270434,6.268692477978766,1.040137767791748,0.037013724,0.3580078125,4580,0.08934909105300903,0.0003,-2.1586308740079403
180.23231735000002,942080,807.89,816,460,1153,0.42178604006767273,0.2,-0.005212076027237345,5.896417593024671,0.3582558333873749,0.029794348,0.32880859375,4590,0.22332018613815308,0.0003,-2.1674298003315924
176.96342866000003,944128,803.68,816,461,1156,0.42241325974464417,0.2,-0.011670718519599176,12.468499415181578,2.848365545272827,0.013755127,0.172509765625,4600,0.9086170345544815,0.0003,-2.1664150416851045
178.66414579,946176,805.69,816,462,1158,0.42234545946121216,0.2,-0.008900033670215635,55.837589260935786,44.50852584838867,0.014398765,0.113818359375,4610,0.9051372185349464,0.0003,-2.171532916277647
179.23947307000003,948224,808.29,816,463,1161,0.4194527864456177,0.2,-0.007809485020698048,8.164609542489051,2.6267805099487305,0.028002039,0.258447265625,4620,-0.603718638420105,0.0003,-2.156349514424801
179.26548158999998,950272,808.15,816,464,1163,0.4170584976673126,0.2,-0.00631103410560172,15.291269508004188,0.5178250074386597,0.018067025,0.200732421875,4630,0.9154152348637581,0.0003,-2.1303830325603483
177.00225042000002,952320,803.71,816,465,1166,0.4158618450164795,0.2,-0.009122303283947985,5.402084946632385,4.697478771209717,0.021531522,0.261962890625,4640,0.3041841387748718,0.0003,-2.1147652149200438
176.14641553,954368,800.7,816,466,1168,0.41618889570236206,0.2,-0.004202882426034194,14.173091118596494,7.215613842010498,0.027452853,0.29951171875,4650,0.9028317779302597,0.0003,-2.1093957044184206
176.05247457999997,956416,802.18,816,467,1171,0.4153796434402466,0.2,-0.012805457281501731,57.899959574639794,50.57130432128906,0.009961176,0.142138671875,4660,0.8900638297200203,0.0003,-2.1062985457479955
180.04079274,958464,811.19,816,468,1173,0.41550013422966003,0.2,-0.00956828910857439,6.255142115894705,1.0336735248565674,0.026790826,0.306884765625,4670,-0.13049888610839844,0.0003,-2.0980912491679193
180.73563749999997,960512,812.59,816,469,1176,0.41586169600486755,0.2,-0.005521650887385476,6.1595827103592455,3.3207802772521973,0.027094927,0.324609375,4680,0.09705924987792969,0.0003,-2.1031615272164346
180.84823544,962560,812.02,816,470,1178,0.4142129123210907,0.2,-0.005532839441730175,18.33453340008855,11.229100227355957,0.02831448,0.252734375,4690,0.8929361701011658,0.0003,-2.092866647988558
180.90969331999995,964608,812.15,816,471,1181,0.41798004508018494,0.2,-0.005000437719536422,6.23266978841275,1.2688848972320557,0.035160735,0.325390625,4700,-0.04316425323486328,0.0003,-2.101955832540989
186.12678158999995,966656,821.57,816,472,1183,0.4169766902923584,0.2,-0.011237262611393817,6.226162283774466,1.843309998512268,0.022141652,0.2921875,4710,-0.07024669647216797,0.0003,-2.1170131586492063
186.15599490999998,968704,821.82,816,473,1186,0.41957977414131165,0.2,-0.0076165998332726305,5.683018979150802,2.0514450073242188,0.022692807,0.264599609375,4720,0.19557565450668335,0.0003,-2.1212292961776256
177.77172931000004,970752,804.44,816,474,1188,0.4228285253047943,0.2,-0.009257612501096446,6.024656828772277,0.7943540811538696,0.025714492,0.277294921875,4730,0.30336230993270874,0.0003,-2.1529645383358003
179.87873626,972800,808.15,816,475,1191,0.4224221706390381,0.2,-0.009144064075371716,20.81562346369028,4.818551063537598,0.015015684,0.21259765625,4740,0.8992965742945671,0.0003,-2.1580483354628086
181.78744993,974848,809.9,816,476,1193,0.4213351905345917,0.2,-0.012465734092620551,13.70968590863049,3.3840527534484863,0.021617735,0.249462890625,4750,0.8101126998662949,0.0003,-2.152361796051264
184.56089206000001,976896,816.04,816,477,1196,0.42067646980285645,0.2,-0.006106888175418134,7.256753008347005,7.409039497375488,0.03766326,0.304638671875,4760,-0.12924540042877197,0.0003,-2.1425767458975313
187.818957,978944,823.93,816,478,1198,0.4254055619239807,0.2,-0.005008172139059752,5.559858747106046,3.423999071121216,0.02731032,0.316552734375,4770,0.205893874168396,0.0003,-2.1693978868424892
191.06449847,980992,831.1,816,479,1201,0.42561057209968567,0.2,-0.010723822642466985,26.672154668346046,20.978120803833008,0.019442562,0.214453125,4780,0.5026654601097107,0.0003,-2.1924339182674886
189.29400789,983040,829.09,816,480,1203,0.42646485567092896,0.2,-0.01091880124877207,26.181935100257398,7.187068939208984,0.01742299,0.19599609375,4790,0.8908402547240257,0.0003,-2.19853378161788
190.19302029,985088,834.22,816,481,1206,0.4303203821182251,0.2,-0.005608551194745815,4.782354553230107,1.8992153406143188,0.035961445,0.3470703125,4800,0.3942808508872986,0.0003,-2.2274866946041585
193.31080567,987136,838.23,816,482,1208,0.43108856678009033,0.2,-0.013346386367629748,15.876131570339203,2.496403455734253,0.02357763,0.28203125,4810,0.8892002329230309,0.0003,-2.239395259320736
189.24495729999998,989184,829.61,816,483,1211,0.43112272024154663,0.2,-0.008842492420444614,11.854249851964415,1.8451659679412842,0.013850208,0.21162109375,4820,0.9013713076710701,0.0003,-2.242621897161007
188.58318393000002,991232,827.46,816,484,1213,0.43172478675842285,0.2,-0.008525976975215599,11.159346628189088,0.532854437828064,0.021047434,0.251806640625,4830,0.9523385539650917,0.0003,-2.2395006589591504
191.13601871999998,993280,834.28,816,485,1216,0.42861324548721313,0.2,-0.011511889797111508,12.931488863192499,6.245330810546875,0.021009678,0.265185546875,4840,0.9074879959225655,0.0003,-2.2304234378039838
196.81812214,995328,846.26,816,486,1218,0.42840448021888733,0.2,-0.009609562042169274,5.527479324396699,0.4495127201080322,0.028116334,0.3517578125,4850,0.17625385522842407,0.0003,-2.2149368181824682
200.25715983999999,997376,855.16,816,487,1221,0.43001076579093933,0.2,-0.007819557317998261,5.300492805009708,1.2926419973373413,0.023469172,0.269580078125,4860,0.2737051844596863,0.0003,-2.22281029522419
203.0364571,999424,859.85,816,488,1223,0.4324304759502411,0.2,-0.010158856574707897,5.648586865607649,0.16077911853790283,0.024159543,0.298193359375,4870,0.20249080657958984,0.0003,-2.2395858258008956
203.98263481,1001472,863.47,816,489,1226,0.4336473047733307,0.2,-0.006804642088536639,9.69070157026872,9.640670776367188,0.030047525,0.26416015625,4880,0.9175282940268517,0.0003,-2.253456023335457
