time/total_timesteps,rollout/ep_len_mean,time/fps,time/iterations,rollout/ep_rew_mean,time/time_elapsed,train/learning_rate,train/clip_range,train/entropy_loss,train/value_loss,train/clip_fraction,train/loss,train/explained_variance,train/std,train/n_updates,train/approx_kl,train/policy_gradient_loss
2048,200.0,2443,1,-1293.2901785000001,0,,,,,,,,,,,
4096,200.0,1711,2,-1178.9117131499997,2,0.0003,0.2,-1.4121390223503112,10335.797958374023,0.013623046875,5090.60498046875,0.0005992650985717773,0.9893950819969177,10,0.0029979735,-0.0017856754995591473
6144,200.0,1552,3,-1168.9709874,3,0.0003,0.2,-1.4122575744986534,6854.359663391113,0.006884765625,2732.21435546875,0.19839024543762207,0.996874213218689,20,0.0013716202,-0.0010220660187769681
8192,200.0,1479,4,-1193.359194825,5,0.0003,0.2,-1.4101921401917934,7980.066813659668,0.018115234375,3692.482421875,0.05992531776428223,0.9848068356513977,30,0.0036428685,-0.0028066173937986603
10240,200.0,1431,5,-1191.3856836470588,7,0.0003,0.2,-1.407240030542016,8105.655548095703,0.007763671875,3801.387939453125,0.018360555171966553,0.9918617010116577,40,0.0021150135,-0.0004971351940184831
12288,200.0,1406,6,-1205.862094114754,8,0.0003,0.2,-1.4062366403639317,8429.683360290528,0.001806640625,4240.95849609375,0.0070304274559021,0.9824760556221008,50,0.0018014306,-0.0007481783031835221
14336,200.0,1387,7,-1206.851653197183,10,0.0003,0.2,-1.393019700422883,9161.238751220702,0.000146484375,4754.2568359375,0.003387749195098877,0.9663084745407104,60,0.00053250574,-0.0004201379488222301
16384,200.0,1374,8,-1199.2358296049383,11,0.0003,0.2,-1.3805746335536242,7296.127471923828,0.00595703125,3776.5634765625,0.002462029457092285,0.9592790007591248,70,0.0023242636,-0.000546184835548047
18432,200.0,1367,9,-1190.0293379673913,13,0.0003,0.2,-1.3845732301473617,6967.924118041992,0.004638671875,3349.586669921875,0.0020951032638549805,0.9719066023826599,80,0.0012431332,-0.0006380366656230762
20480,200.0,1358,10,-1186.20658781,15,0.0003,0.2,-1.3937793955206872,6535.536860656738,0.00615234375,3061.9228515625,0.0014356374740600586,0.9780973792076111,90,0.0028206303,-0.0006442742116632872
22528,200.0,1352,11,-1184.5850747,16,0.0003,0.2,-1.3933745123445989,6953.158030700683,0.030126953125,3653.738525390625,0.00106126070022583,0.9721537828445435,100,0.004591123,-0.0034559001069283113
24576,200.0,1348,12,-1187.93711957,18,0.0003,0.2,-1.3964197739958764,7308.550457763672,0.0216796875,3509.7744140625,0.0006774067878723145,0.9819803833961487,110,0.0025483617,-0.0021855145954759792
26624,200.0,1343,13,-1194.0945274399999,19,0.0003,0.2,-1.3995977252721787,6979.769454956055,0.003076171875,2716.510498046875,0.0006240010261535645,0.9788663983345032,120,0.001302112,-0.0012182857564766892
28672,200.0,1339,14,-1180.4127489,21,0.0003,0.2,-1.401470209658146,6337.497985839844,0.00791015625,3197.43798828125,0.0005044341087341309,0.9859538078308105,130,0.0024562692,-0.0016465390464873054
30720,200.0,1336,15,-1182.2109041500003,22,0.0003,0.2,-1.4006764315068723,5301.538311767578,0.00966796875,2100.849365234375,0.00031566619873046875,0.9777880311012268,140,0.0022033835,-0.0007477470382582397
32768,200.0,1333,16,-1151.41521267,24,0.0003,0.2,-1.3890205565840006,5599.689471435547,0.0115234375,2685.32421875,0.0002695322036743164,0.9672371745109558,150,0.0031311142,-0.0022605576246860436
34816,200.0,1331,17,-1137.4122666799997,26,0.0003,0.2,-1.3736564837396146,4941.217132568359,0.024658203125,2225.645751953125,0.00018966197967529297,0.9464735388755798,160,0.004061832,-0.0030663917088531887
36864,200.0,1327,18,-1162.2986185599998,27,0.0003,0.2,-1.3596296548843383,4394.338916015625,0.006591796875,1758.310791015625,0.00015240907669067383,0.9368974566459656,170,0.0017629891,-0.0006777400587452576
38912,200.0,1321,19,-1160.78164349,29,0.0003,0.2,-1.3579356025904417,7265.179167175293,0.012939453125,3340.8828125,9.191036224365234e-05,0.9437339901924133,180,0.0021910572,-0.0010388934701040854
40960,200.0,1319,20,-1169.12190179,31,0.0003,0.2,-1.3587527465075255,4854.915093994141,0.01396484375,2545.947509765625,0.00012814998626708984,0.9387632608413696,190,0.003388121,-0.0006206145240867045
43008,200.0,1318,21,-1170.37969689,32,0.0003,0.2,-1.3451739393174649,7233.4615478515625,0.041650390625,3438.162109375,4.45246696472168e-05,0.9193080067634583,200,0.0050333748,-0.0036325879031210207
45056,200.0,1316,22,-1149.8134576300001,34,0.0003,0.2,-1.3347618535161019,5109.335617828369,0.0095703125,2768.97802734375,8.302927017211914e-05,0.9229355454444885,210,0.002419495,-0.0014658885498647577
47104,200.0,1315,23,-1155.15656383,35,0.0003,0.2,-1.3355444170534612,3776.0282333374025,0.0189453125,1772.9295654296875,6.300210952758789e-05,0.9168866872787476,220,0.002621797,-0.0013527062008506618
49152,200.0,1311,24,-1152.37721257,37,0.0003,0.2,-1.3238647494465112,4956.93900756836,0.0072265625,2313.8642578125,3.790855407714844e-05,0.902592122554779,230,0.0022513964,-0.0010075580648845062
51200,200.0,1308,25,-1149.5765822,39,0.0003,0.2,-1.3174458902329207,3657.3202812194822,0.0279296875,1336.328857421875,3.7670135498046875e-05,0.9050880670547485,240,0.0046464596,-0.0016072465426987038
53248,200.0,1307,26,-1166.2150356399998,40,0.0003,0.2,-1.322422529757023,4289.919746398926,0.00712890625,1915.433837890625,2.5212764739990234e-05,0.9073737859725952,250,0.0020517933,-0.0011625795355939771
55296,200.0,1305,27,-1161.8375763899999,42,0.0003,0.2,-1.3172428410500288,5041.179225158691,0.01787109375,1908.1107177734375,1.9848346710205078e-05,0.898862361907959,260,0.0020939913,-0.0020865690836217254
57344,200.0,1305,28,-1139.34023357,43,0.0003,0.2,-1.3202626112848521,3638.7982330322266,0.01279296875,1806.2091064453125,2.1517276763916016e-05,0.9090868234634399,270,0.001587281,-0.0015437877795193345
59392,200.0,1304,29,-1145.56012154,45,0.0003,0.2,-1.3167487848550081,3110.5567840576173,0.01650390625,1361.3162841796875,2.1338462829589844e-05,0.8970695734024048,280,0.0035870261,-0.0021076763936434873
61440,200.0,1303,30,-1118.3795834400003,47,0.0003,0.2,-1.3036886356770991,4436.1816680908205,0.0091796875,2032.2088623046875,1.0132789611816406e-05,0.8885053396224976,290,0.0030376771,-0.0005544507992453873
63488,200.0,1302,31,-1112.5915908,48,0.0003,0.2,-1.2920127663761378,3392.81139831543,0.0201171875,1583.1563720703125,1.341104507446289e-05,0.8741781711578369,300,0.003177777,-0.001799013212439604
65536,200.0,1302,32,-1115.7250784500002,50,0.0003,0.2,-1.282393892109394,3104.45489654541,0.027734375,1631.72265625,1.3768672943115234e-05,0.8721935153007507,310,0.0038034893,-0.0025695016694953663
67584,200.0,1301,33,-1109.2651151399998,51,0.0003,0.2,-1.2713478565216065,3448.145767211914,0.02802734375,1784.608642578125,1.1146068572998047e-05,0.8546268939971924,320,0.004287867,-0.002982775693089934
69632,200.0,1301,34,-1118.34991244,53,0.0003,0.2,-1.2586315065622329,2738.6793270111084,0.017431640625,1205.0494384765625,1.0311603546142578e-05,0.8527086973190308,330,0.0031790244,-0.0011416195950005204
71680,200.0,1301,35,-1117.6154980099998,55,0.0003,0.2,-1.2671824805438519,3251.9680572509765,0.0298828125,1261.9405517578125,7.271766662597656e-06,0.8663425445556641,340,0.0032112526,-0.002426440179988276
73728,200.0,1301,36,-1102.1881505600002,56,0.0003,0.2,-1.269839358329773,3014.6933166503904,0.018603515625,1133.50048828125,7.510185241699219e-06,0.8571467399597168,350,0.0030806265,-0.0011980092895100825
75776,200.0,1301,37,-1105.8442669,58,0.0003,0.2,-1.2697438720613718,2553.2174228668214,0.043701171875,1008.4265747070312,5.424022674560547e-06,0.8621891140937805,360,0.0040012607,-0.004769302227941807
77824,200.0,1301,38,-1099.81326158,59,0.0003,0.2,-1.2631236881017684,2620.778297805786,0.021630859375,1263.6199951171875,4.470348358154297e-06,0.8516822457313538,370,0.003371913,-0.002404889948957134
79872,200.0,1301,39,-1084.50448386,61,0.0003,0.2,-1.2480242863297462,2466.2499507904054,0.036865234375,1088.5447998046875,4.649162292480469e-06,0.836451530456543,380,0.0041990243,-0.0035482207560562527
81920,200.0,1300,40,-1083.13697895,62,0.0003,0.2,-1.2276661291718483,2000.5421562194824,0.026416015625,905.2787475585938,4.5299530029296875e-06,0.8174863457679749,390,0.0035198815,-0.001286176941357553
83968,200.0,1300,41,-1088.50797049,64,0.0003,0.2,-1.2128087915480137,2183.948083114624,0.016650390625,879.2141723632812,3.993511199951172e-06,0.8102150559425354,400,0.0038307756,-0.0011451138081611135
86016,200.0,1300,42,-1079.79128677,66,0.0003,0.2,-1.2055073417723179,2289.0029930114747,0.0361328125,989.4915771484375,3.5762786865234375e-06,0.805318295955658,410,0.0045526726,-0.003201079598511569
88064,200.0,1300,43,-1083.19896393,67,0.0003,0.2,-1.1941161770373583,1695.365115737915,0.026806640625,773.1726684570312,3.933906555175781e-06,0.7913373708724976,420,0.004579424,-0.00235360147053143
90112,200.0,1297,44,-1081.49924869,69,0.0003,0.2,-1.1837692558765411,2477.564749908447,0.009423828125,969.1715698242188,3.2186508178710938e-06,0.7888550162315369,430,0.0019568454,-0.0003978345586801879
92160,200.0,1292,45,-1087.07879744,71,0.0003,0.2,-1.1783580366522073,1928.8346027374268,0.024169921875,814.7684936523438,3.4570693969726562e-06,0.7828488349914551,440,0.0036404897,-0.001732193252973957
94208,200.0,1290,46,-1080.14466337,72,0.0003,0.2,-1.1833914645016193,2406.613639831543,0.029248046875,1051.6529541015625,2.86102294921875e-06,0.7969533801078796,450,0.0045923823,-0.002334887949109543
96256,200.0,1288,47,-1083.6740644800002,74,0.0003,0.2,-1.199289320036769,1615.210324859619,0.019189453125,676.1649169921875,4.231929779052734e-06,0.8070669174194336,460,0.0021828697,-0.0008386731657083146
98304,200.0,1288,48,-1073.1350705800003,76,0.0003,0.2,-1.1982417829334735,1980.456209564209,0.020751953125,1102.166259765625,3.4570693969726562e-06,0.7986263632774353,470,0.0037502116,-0.002146836461906787
100352,200.0,1288,49,-1071.0515191299999,77,0.0003,0.2,-1.1757249906659126,1070.8587001800538,0.02509765625,397.7714538574219,3.2782554626464844e-06,0.7730622291564941,480,0.0050981822,-0.0016449301765533164
102400,200.0,1288,50,-1068.05254839,79,0.0003,0.2,-1.157197142019868,1269.468882751465,0.0447265625,447.80535888671875,2.9802322387695312e-06,0.7654656171798706,490,0.0037234332,-0.002963054760766681
104448,200.0,1288,51,-1059.33204261,81,0.0003,0.2,-1.151941966637969,1393.829719734192,0.0349609375,623.1338500976562,2.6226043701171875e-06,0.7648541331291199,500,0.0040077427,-0.0022637993126409127
106496,200.0,1289,52,-1057.67042392,82,0.0003,0.2,-1.1489486806094646,1166.3777599334717,0.036474609375,572.0505981445312,2.562999725341797e-06,0.7626442909240723,510,0.0040865773,-0.0016233079164521768
108544,200.0,1289,53,-1042.18582366,84,0.0003,0.2,-1.1314213432371616,995.0668695449829,0.058251953125,363.0107421875,2.8014183044433594e-06,0.7402430772781372,520,0.0075506936,-0.004281889470439637
110592,200.0,1289,54,-1037.1446122,85,0.0003,0.2,-1.1377136267721653,1085.3518615722655,0.03798828125,454.24609375,2.384185791015625e-06,0.7693650722503662,530,0.004939462,-0.0038465036428533494
112640,200.0,1289,55,-1028.67263857,87,0.0003,0.2,-1.1543106917291879,981.6614736557007,0.073974609375,455.921630859375,2.086162567138672e-06,0.7675844430923462,540,0.008408244,-0.00507288427252206
114688,200.0,1289,56,-1020.5410394300001,88,0.0003,0.2,-1.1427470974624157,1132.052689743042,0.02509765625,421.6078186035156,1.430511474609375e-06,0.750350832939148,550,0.0042709927,-0.0014061282854527235
116736,200.0,1289,57,-1007.04393317,90,0.0003,0.2,-1.1453982055187226,959.6347566604614,0.032568359375,386.9833984375,1.3113021850585938e-06,0.7670155763626099,560,0.005203307,-0.0006139090968645178
118784,200.0,1289,58,-1005.1000455300001,92,0.0003,0.2,-1.1508674912154675,724.9749821662903,0.02509765625,354.2081604003906,1.4901161193847656e-06,0.7631976008415222,570,0.0027217478,-0.000937919104762841
120832,200.0,1289,59,-1001.6523550300001,93,0.0003,0.2,-1.1361760072410108,726.3594723701477,0.081005859375,323.9640197753906,1.3113021850585938e-06,0.746531069278717,580,0.0062796595,-0.006802539835916832
122880,200.0,1289,60,-988.8915856799999,95,0.0003,0.2,-1.1304120019078254,656.2706959724426,0.046875,263.3578796386719,1.2516975402832031e-06,0.7496501207351685,590,0.0068649584,0.0005234119875240139
124928,200.0,1288,61,-988.4258699,96,0.0003,0.2,-1.1272773053497076,666.8209842681885,0.0255859375,307.0617980957031,1.3709068298339844e-06,0.7452649474143982,600,0.0031484957,0.0006714894589094911
126976,200.0,1288,62,-985.60874817,98,0.0003,0.2,-1.1195837814360856,716.9821115493775,0.03310546875,365.3363952636719,1.9073486328125e-06,0.7349992990493774,610,0.0030264372,-9.129612153628841e-05
129024,200.0,1288,63,-976.99584009,100,0.0003,0.2,-1.1059019658714533,591.8719098091126,0.03232421875,350.7272033691406,2.4437904357910156e-06,0.7287815809249878,620,0.0040164515,-0.0006325768641545437
131072,200.0,1287,64,-972.5141571400001,101,0.0003,0.2,-1.0964395970106124,635.1874626159668,0.03017578125,256.4273681640625,3.4570693969726562e-06,0.7205814719200134,630,0.0016529653,-0.0011170317389769479
133120,200.0,1287,65,-964.7646478199999,103,0.0003,0.2,-1.0917926914989948,613.4929682731629,0.043994140625,232.0341796875,-0.24763333797454834,0.7225208878517151,640,0.004584764,-0.0032358798991481306
135168,200.0,1287,66,-956.61561048,104,0.0003,0.2,-1.085567259043455,665.2650980949402,0.039892578125,418.3262023925781,0.2623594403266907,0.7114694118499756,650,0.0049712034,-0.0032692457651137376
137216,200.0,1287,67,-959.39579738,106,0.0003,0.2,-1.0685592334717513,542.920943069458,0.047412109375,211.29681396484375,0.45319485664367676,0.6964918375015259,660,0.005752757,-0.005209258441755083
139264,200.0,1287,68,-955.6776097400001,108,0.0003,0.2,-1.0500150371342898,428.80679202079773,0.0251953125,203.7878875732422,0.5735147893428802,0.6869681477546692,670,0.0033696168,-0.0017906574175867718
141312,200.0,1286,69,-965.07182708,109,0.0003,0.2,-1.0406253580003977,467.0007122039795,0.03046875,232.39413452148438,0.5133571922779083,0.6834213733673096,680,0.002187207,-0.0020469505747314543
143360,200.0,1286,70,-970.99330203,111,0.0003,0.2,-1.0368441689759493,599.7628435134887,0.033740234375,276.4385681152344,0.5134023427963257,0.6816505789756775,690,0.00356043,-0.001627573516452685
145408,200.0,1285,71,-974.3537157599999,113,0.0003,0.2,-1.0295845344662666,737.9077558517456,0.040869140625,304.3074951171875,0.5340347588062286,0.6730077862739563,700,0.0040117214,-0.004574365507869516
147456,200.0,1285,72,-972.74251851,114,0.0003,0.2,-1.0178695537149907,443.99649653434756,0.0353515625,192.88230895996094,0.6140281856060028,0.6674515008926392,710,0.00416508,-0.0018418886182189453
149504,200.0,1285,73,-975.78453035,116,0.0003,0.2,-1.0010836340487004,260.8773619413376,0.04609375,70.96097564697266,0.688889890909195,0.6516191959381104,720,0.0048398636,-0.003075215949502308
151552,200.0,1285,74,-975.07709692,117,0.0003,0.2,-0.9882840072736144,417.35433568954465,0.0322265625,162.31881713867188,0.6738016307353973,0.6488345861434937,730,0.0038412297,-0.0016472484188852833
153600,200.0,1285,75,-974.4527222500001,119,0.0003,0.2,-0.9939596218988299,313.54302220344545,0.034765625,139.96849060058594,0.7449029088020325,0.6576465368270874,740,0.003668978,-0.001574570559023414
155648,200.0,1285,76,-963.3218239799999,121,0.0003,0.2,-0.9930255902931094,315.29723091125487,0.037841796875,142.48892211914062,0.7571084946393967,0.6493978500366211,750,0.005101287,-0.003355017231660895
157696,200.0,1285,77,-960.72109576,122,0.0003,0.2,-0.983695231936872,293.37978048324584,0.033642578125,192.24887084960938,0.7271496653556824,0.6456364989280701,760,0.0031476016,-0.0017886562272906303
159744,200.0,1285,78,-959.7499240399998,124,0.0003,0.2,-0.9805991368368268,341.1972856044769,0.0357421875,114.46749114990234,0.7586087882518768,0.6465316414833069,770,0.0052462383,-0.0020869419240625575
161792,200.0,1285,79,-955.5087199699999,125,0.0003,0.2,-0.984280315041542,445.5796751499176,0.045361328125,254.53147888183594,0.7756557017564774,0.6471445560455322,780,0.0036074985,-0.004534904651518445
163840,200.0,1285,80,-931.27799897,127,0.0003,0.2,-0.979466624930501,339.2581633090973,0.0564453125,131.5405731201172,0.83267842233181,0.6425986289978027,790,0.005361779,-0.00432474450499285
165888,200.0,1284,81,-936.1922918700001,129,0.0003,0.2,-0.9734887488186359,232.6851712703705,0.049755859375,86.96102142333984,0.7935466915369034,0.639136016368866,800,0.0048329765,-0.0021674950312444707
167936,200.0,1282,82,-931.1312433400001,130,0.0003,0.2,-0.971389477327466,309.39234843254087,0.060498046875,151.6988983154297,0.8563818037509918,0.6414255499839783,810,0.004849984,-0.004822159401373938
169984,200.0,1282,83,-926.1152964400001,132,0.0003,0.2,-0.9737900361418724,250.92678561210633,0.0265625,127.02816772460938,0.8354663252830505,0.6396199464797974,820,0.005230472,-0.0010153883704333566
172032,200.0,1282,84,-918.9626261999998,134,0.0003,0.2,-0.9692358450964094,188.02488901615143,0.028564453125,62.004756927490234,0.8385960906744003,0.6359879374504089,830,0.004795216,-0.0015407710707222577
174080,200.0,1282,85,-910.5712827499999,135,0.0003,0.2,-0.9615572271868587,238.88194599151612,0.07236328125,126.71978759765625,0.8292913883924484,0.6317324638366699,840,0.004964837,-0.004940961171814706
176128,200.0,1282,86,-897.7766423,137,0.0003,0.2,-0.9467675996944308,174.92284603118895,0.02705078125,90.5645980834961,0.8983778059482574,0.616513192653656,850,0.0039147087,-0.0020231846123351716
178176,200.0,1282,87,-890.28814225,138,0.0003,0.2,-0.9287770023569465,206.21041517257692,0.064697265625,115.49253845214844,0.8745366334915161,0.6105467677116394,860,0.0042280713,-0.004655977938091383
180224,200.0,1280,88,-863.94892255,140,0.0003,0.2,-0.9164890009909868,215.04181196689606,0.02744140625,50.77055358886719,0.9026244506239891,0.6002485156059265,870,0.0023828712,-0.001389092863246333
182272,200.0,1277,89,-866.1165794599999,142,0.0003,0.2,-0.9106666905805468,225.54187762737274,0.045263671875,75.98871612548828,0.8919258862733841,0.6027489304542542,880,0.0046133134,-0.004423922240675893
184320,200.0,1273,90,-869.7307795000002,144,0.0003,0.2,-0.910211299546063,373.21228790283203,0.079833984375,94.12287139892578,0.9099265038967133,0.5999131798744202,890,0.0072592557,-0.006056814126350218
186368,200.0,1270,91,-852.9747094000002,146,0.0003,0.2,-0.9145564557984471,294.03381688594817,0.0677734375,128.9034881591797,0.9209906831383705,0.6070207953453064,900,0.005973624,-0.004569486257969402
188416,200.0,1267,92,-833.68936396,148,0.0003,0.2,-0.9187606621533633,260.93682661056516,0.095751953125,142.22171020507812,0.8938759863376617,0.605270266532898,910,0.0069816764,-0.0069866488745901735
190464,200.0,1264,93,-819.8939273199999,150,0.0003,0.2,-0.9111747283488512,299.50223536491393,0.069970703125,151.0791473388672,0.9200800955295563,0.5982718467712402,920,0.0074445214,-0.007403998413064983
192512,200.0,1262,94,-797.6236734799999,152,0.0003,0.2,-0.9018494190648199,257.11067762374876,0.07919921875,122.0473861694336,0.9345290958881378,0.5945689082145691,930,0.008515481,-0.00823571432119934
194560,200.0,1259,95,-779.54899577,154,0.0003,0.2,-0.8964054396376013,268.46672079563143,0.039599609375,141.97874450683594,0.9225450828671455,0.5910143852233887,940,0.0050214604,-0.004799751730752177
196608,200.0,1256,96,-769.1851012999999,156,0.0003,0.2,-0.8973653569817543,199.54322707653046,0.101123046875,72.20361328125,0.9511972367763519,0.5971482992172241,950,0.008133225,-0.005392144054349046
198656,200.0,1253,97,-761.7932016799999,158,0.0003,0.2,-0.8993543580174446,151.34979877471923,0.09267578125,63.48229217529297,0.9567464515566826,0.5936518907546997,960,0.009200128,-0.01092920556984609
200704,200.0,1251,98,-748.90788092,160,0.0003,0.2,-0.8913761440664529,220.9372710943222,0.0546875,80.30268096923828,0.9565800540149212,0.5868076682090759,970,0.0069043096,-0.007715812216338236
202752,200.0,1242,99,-700.48577216,163,0.0003,0.2,-0.8822229608893395,173.97247841358185,0.1318359375,76.04299926757812,0.9638041816651821,0.5830649137496948,980,0.010190449,-0.013337769971985835
204800,200.0,1238,100,-637.05184774,165,0.0003,0.2,-0.8717474650591612,304.5246985912323,0.061376953125,126.61516571044922,0.8902100697159767,0.5756034255027771,990,0.0087311845,-0.00958588519715704
206848,200.0,1234,101,-597.66073379,167,0.0003,0.2,-0.8615391811355948,194.792738199234,0.077978515625,40.49046325683594,0.9617439396679401,0.570432186126709,1000,0.012408205,-0.009089579719875474
208896,200.0,1232,102,-568.57919798,169,0.0003,0.2,-0.849038003385067,257.6207206249237,0.062744140625,77.58143615722656,0.9656159915030003,0.5607770681381226,1010,0.008096802,-0.006911817812942899
210944,200.0,1229,103,-543.8496448699999,171,0.0003,0.2,-0.8275242174044252,190.80650326013566,0.072265625,60.466041564941406,0.9745234847068787,0.5487131476402283,1020,0.00718597,-0.007658670968521619
212992,200.0,1226,104,-511.31844127,173,0.0003,0.2,-0.8175107272341847,349.3002849817276,0.031396484375,258.2952575683594,0.9511620327830315,0.5485984086990356,1030,0.0045046504,-0.0022563664097106084
215040,200.0,1224,105,-457.05613188,175,0.0003,0.2,-0.81906499247998,325.2788731813431,0.0537109375,260.3433532714844,0.9502673633396626,0.5483170747756958,1040,0.0043550804,-0.0021407840395113453
217088,200.0,1223,106,-414.60682729,177,0.0003,0.2,-0.8119529778137803,116.84802150130272,0.038232421875,31.825130462646484,0.9651094041764736,0.5408806800842285,1050,0.0050539076,-0.002226111997879343
219136,200.0,1221,107,-380.8479573799999,179,0.0003,0.2,-0.797852911055088,126.4717910528183,0.043603515625,28.62038803100586,0.9774930626153946,0.5334053635597229,1060,0.0028481968,-0.002100502364919521
221184,200.0,1219,108,-362.3309589399999,181,0.0003,0.2,-0.7846814410760998,128.76964197158813,0.066748046875,41.15901565551758,0.9805676732212305,0.527073085308075,1070,0.008561101,-0.0049706495352438654
223232,200.0,1217,109,-376.91610867,183,0.0003,0.2,-0.7785696554929018,466.1669981956482,0.05,210.20114135742188,0.9056471735239029,0.527251660823822,1080,0.005418403,-0.0026701998329372147
225280,200.0,1215,110,-383.82974109,185,0.0003,0.2,-0.7781878218054772,420.2180500268936,0.02470703125,192.34124755859375,0.9488076940178871,0.5269626379013062,1090,0.0029106885,-0.0017422703349438962
227328,200.0,1212,111,-374.48538506000006,187,0.0003,0.2,-0.7776187784969807,501.44521992206575,0.033642578125,83.51337432861328,0.9144712164998055,0.5262477397918701,1100,0.004825757,-0.004112638701917604
229376,200.0,1210,112,-360.17585797,189,0.0003,0.2,-0.775056074373424,376.5528654575348,0.060986328125,261.5957336425781,0.9495675750076771,0.5244375467300415,1110,0.0046893796,-0.0055172410822706295
231424,200.0,1208,113,-349.74762102,191,0.0003,0.2,-0.7776793248951435,211.6582111954689,0.02958984375,103.04138946533203,0.9319802448153496,0.5287144780158997,1120,0.0036972272,-0.0021470229912665673
233472,200.0,1206,114,-367.06853415999996,193,0.0003,0.2,-0.7794883308932186,649.2173820495606,0.029638671875,233.02606201171875,0.9407319650053978,0.5265377759933472,1130,0.0020268618,-0.0010750057525001466
235520,200.0,1205,115,-400.17928674999996,195,0.0003,0.2,-0.7756975987926126,952.4933400154114,0.0349609375,415.7073059082031,0.8570969551801682,0.5240815281867981,1140,0.004945287,-0.0018950144614791498
237568,200.0,1203,116,-428.85487311,197,0.0003,0.2,-0.7692976890131831,750.0012989997864,0.03193359375,337.6836853027344,0.8865855857729912,0.5194369554519653,1150,0.0024706353,-0.0040041298940195705
239616,200.0,1201,117,-429.56643712000005,199,0.0003,0.2,-0.7594849437475204,573.9188266754151,0.065283203125,140.88926696777344,0.9266833513975143,0.5155081152915955,1160,0.0068157157,-0.006886075570946559
241664,200.0,1200,118,-428.87866913,201,0.0003,0.2,-0.7595554888248444,724.7819651603699,0.029345703125,189.20803833007812,0.9407439343631268,0.518562912940979,1170,0.005733193,-0.003218106060376158
243712,200.0,1199,119,-392.73821071,203,0.0003,0.2,-0.7565735429525375,909.5080320835114,0.057958984375,267.69024658203125,0.911237359046936,0.5120724439620972,1180,0.0066092736,-0.0067020435752056075
245760,200.0,1198,120,-391.53697377,205,0.0003,0.2,-0.7349703423678875,220.50617318153382,0.0794921875,38.34437942504883,0.8774779662489891,0.49762362241744995,1190,0.0064218324,-0.0010717875855334568
247808,200.0,1196,121,-383.35686989999994,207,0.0003,0.2,-0.7177504494786262,351.1374222278595,0.1037109375,130.83831787109375,0.9256826192140579,0.49533283710479736,1200,0.009342015,-0.004403247802110854
249856,200.0,1194,122,-362.4163987,209,0.0003,0.2,-0.7116736708208918,97.64427186846733,0.07001953125,22.965646743774414,0.9578318111598492,0.49090108275413513,1210,0.005184506,0.0009445274197787512
251904,200.0,1193,123,-359.10848367,211,0.0003,0.2,-0.6991147106513381,26.925077633559702,0.12978515625,8.179332733154297,0.9861292485147715,0.48471203446388245,1220,0.01575882,0.004025317043124232
253952,200.0,1191,124,-323.16273363000005,213,0.0003,0.2,-0.6966915169730783,38.29840826168656,0.0521484375,22.295175552368164,0.9706958197057247,0.48509299755096436,1230,0.0040238164,-0.0013997609858051874
256000,200.0,1190,125,-290.27512344,215,0.0003,0.2,-0.6883499104529619,29.299360790103673,0.06640625,7.345840930938721,0.9911450278013945,0.4763154089450836,1240,0.006337058,-0.0017048162902938203
258048,200.0,1189,126,-285.87516041000003,216,0.0003,0.2,-0.6767862357199192,19.28885563015938,0.065087890625,6.9475789070129395,0.9919979777187109,0.47339171171188354,1250,0.0065011294,0.006028069523017621
260096,200.0,1187,127,-270.27628708,218,0.0003,0.2,-0.6692479880526662,327.7140313386917,0.0228515625,79.46147155761719,0.8808783143758774,0.4719637632369995,1260,0.004530755,-0.003045971722167451
262144,200.0,1186,128,-254.77972627,220,0.0003,0.2,-0.6662903597578407,39.85213165283203,0.056591796875,7.747084617614746,0.9850369393825531,0.47119447588920593,1270,0.0069789942,-0.0004020120897621382
264192,200.0,1185,129,-254.43782786,222,0.0003,0.2,-0.6652045039460063,107.24196462631225,0.044482421875,118.45741271972656,0.9510937295854092,0.4709363281726837,1280,0.0039782515,-0.0026995969834388233
266240,200.0,1184,130,-238.89215657000005,224,0.0003,0.2,-0.6610432965680957,69.39795916825533,0.064111328125,12.742966651916504,0.9721421599388123,0.4680517613887787,1290,0.0027565416,-0.00249327801502659
268288,200.0,1183,131,-262.77121202,226,0.0003,0.2,-0.6640013219788671,8.44139565322548,0.10390625,2.8381080627441406,0.984447562135756,0.4709501266479492,1300,0.006707602,0.0038691372916218824
270336,200.0,1180,132,-276.19059849999996,228,0.0003,0.2,-0.6647612858563662,234.90088423490525,0.02685546875,79.04961395263672,0.9096617624163628,0.4698619842529297,1310,0.002969583,-0.0013057496020337568
272384,200.0,1179,133,-281.31692745,231,0.0003,0.2,-0.6682584227994084,163.4534206032753,0.034521484375,62.735565185546875,0.9474406242370605,0.47547557950019836,1320,0.005084075,-0.004299686934973579
274432,200.0,1177,134,-286.9946516,233,0.0003,0.2,-0.6732052134349942,232.84250689744948,0.033349609375,127.3257827758789,0.9298040494322777,0.4727182984352112,1330,0.0049547106,-0.0048813563829753544
276480,200.0,1175,135,-267.88464361,235,0.0003,0.2,-0.66498479899019,101.42854253947735,0.04248046875,10.642243385314941,0.9535030797123909,0.46809545159339905,1340,0.0046415194,-0.00046910826313251164
278528,200.0,1174,136,-257.22529578999996,237,0.0003,0.2,-0.6579680843278766,26.619368070363997,0.097314453125,7.359920024871826,0.9839474577456713,0.4640756845474243,1350,0.011945901,0.002071757771773264
280576,200.0,1173,137,-252.52966935,239,0.0003,0.2,-0.6492085170000792,36.60613437369466,0.075634765625,10.5450439453125,0.982677660882473,0.46184685826301575,1360,0.0059809852,-0.0024428565804555545
282624,200.0,1172,138,-256.88950941999997,241,0.0003,0.2,-0.6511688694357872,16.488512688875197,0.097900390625,4.583121299743652,0.9920645570382476,0.46595314145088196,1370,0.022477616,0.001675424118002411
284672,200.0,1171,139,-264.02172949,243,0.0003,0.2,-0.6555405462160706,33.22676150351763,0.05234375,21.191883087158203,0.9907334577292204,0.46442410349845886,1380,0.006432503,-0.0054197027435293425
286720,200.0,1170,140,-260.58970732000006,245,0.0003,0.2,-0.6450894616544247,21.79005353357643,0.13115234375,20.316484451293945,0.992433809209615,0.45798978209495544,1390,0.009406939,-0.0014806126282564946
288768,200.0,1168,141,-235.37937549000003,247,0.0003,0.2,-0.6421606477349997,7.694595245923847,0.15849609375,0.36906442046165466,0.993849272839725,0.46322962641716003,1400,0.0119375475,0.0027861426933668554
290816,200.0,1167,142,-215.95112628000004,249,0.0003,0.2,-0.6407635552808643,4.64298447649926,0.124658203125,1.7990138530731201,0.9945439379662275,0.4568530023097992,1410,0.011254279,-0.0031870180515397805
292864,200.0,1165,143,-214.73540342999996,251,0.0003,0.2,-0.633984268270433,8.421615047939122,0.0669921875,7.166476726531982,0.9933030535466969,0.45749810338020325,1420,0.0043525063,-0.0007251610353705473
294912,200.0,1164,144,-211.6536753,253,0.0003,0.2,-0.6378135284408927,35.884339816868305,0.02412109375,19.326940536499023,0.9805614463984966,0.4579348564147949,1430,0.0021260104,-0.0012534865556517616
296960,200.0,1163,145,-215.77665084,255,0.0003,0.2,-0.6215078921988606,17.875216292589904,0.044580078125,35.47455596923828,0.9918074570596218,0.4450976252555847,1440,0.005263661,-0.0026197409810265527
299008,200.0,1162,146,-216.07550359,257,0.0003,0.2,-0.6072619570419192,20.571120436117052,0.040966796875,6.382336616516113,0.983376819640398,0.44339022040367126,1450,0.0037555136,-0.0030645428341813385
301056,200.0,1161,147,-213.70374140000007,259,0.0003,0.2,-0.6053304208442569,85.31176972687244,0.063232421875,38.77986526489258,0.9692464470863342,0.44368648529052734,1460,0.0048937825,-0.004975381393160205
303104,200.0,1160,148,-211.89280987,261,0.0003,0.2,-0.5989646915346384,14.867408988252283,0.077294921875,3.4232177734375,0.9870309764519334,0.43605005741119385,1470,0.009852458,-0.00502723491663346
305152,200.0,1159,149,-204.3988084,263,0.0003,0.2,-0.5867212807759643,78.71407168656587,0.042041015625,98.21406555175781,0.9509322270751,0.43362459540367126,1480,0.0065002465,-0.004161801990994718
307200,200.0,1158,150,-198.69776853000002,265,0.0003,0.2,-0.5768143953755498,26.12798011517152,0.070654296875,3.662964344024658,0.9689419940114021,0.4270487427711487,1490,0.008398965,-0.0019954022158344743
309248,200.0,1157,151,-207.98906597999996,267,0.0003,0.2,-0.5670681845396757,61.71094774529338,0.101123046875,60.81211853027344,0.9592684805393219,0.42584657669067383,1500,0.007738878,-0.005315131307725096
311296,200.0,1157,152,-200.51506629,269,0.0003,0.2,-0.5504776092246175,17.824219615012407,0.069482421875,34.259033203125,0.9935374679043889,0.41238003969192505,1510,0.006554416,-0.0015067557422298705
313344,200.0,1156,153,-192.59190612999998,270,0.0003,0.2,-0.5375201670452953,12.41881917733699,0.093408203125,15.232177734375,0.9878686787560582,0.4173333942890167,1520,0.017859146,-0.0016001118277927163
315392,200.0,1155,154,-191.94211756,272,0.0003,0.2,-0.5376102989539504,16.34041840871796,0.1095703125,13.034587860107422,0.9890677900984883,0.4105443060398102,1530,0.0073736412,-0.001749995666796167
317440,200.0,1154,155,-186.65589601000002,274,0.0003,0.2,-0.5357243543490767,6.735273701697588,0.096484375,1.8233665227890015,0.9944386719726026,0.4170534610748291,1540,0.01188111,-0.004541503808286507
319488,200.0,1153,156,-178.25268261999997,276,0.0003,0.2,-0.5547011246904731,1.5783717416226863,0.129833984375,0.3485099673271179,0.9969890287611634,0.424569696187973,1550,0.011614485,0.004477453863364645
321536,200.0,1152,157,-178.42111413000003,278,0.0003,0.2,-0.5598837105557323,26.247980231046675,0.08369140625,8.441929817199707,0.9797830134630203,0.4232589304447174,1560,0.0032372568,-0.0011782168257923331
323584,200.0,1152,158,-182.29429359999995,280,0.0003,0.2,-0.5575317079201341,6.335502011328936,0.059423828125,3.617095947265625,0.9963206104002893,0.42026594281196594,1570,0.01031682,-0.00034727921593002975
325632,200.0,1151,159,-187.40188415,282,0.0003,0.2,-0.5474581208080054,77.93300996944308,0.04208984375,57.17300033569336,0.9747620448470116,0.41638556122779846,1580,0.0037530544,-0.004923489419161342
327680,200.0,1150,160,-185.82166386,284,0.0003,0.2,-0.533168968372047,28.200891238823534,0.080078125,2.655412435531616,0.9827255308628082,0.4086116552352905,1590,0.018146567,-0.006724908380419947
329728,200.0,1149,161,-182.79847733000005,286,0.0003,0.2,-0.5285859059542417,30.94121522977948,0.03251953125,4.79430627822876,0.9794027805328369,0.4117240011692047,1600,0.0024709858,-0.0006072219592169858
331776,200.0,1148,162,-189.9828008,288,0.0003,0.2,-0.5293844444677234,2.771454496914521,0.159375,0.9784087538719177,0.9949479256756604,0.4088183641433716,1610,0.00914252,0.0035867258200596554
333824,200.0,1148,163,-199.67320370000004,290,0.0003,0.2,-0.5237083615735173,28.914687210321425,0.04912109375,26.997909545898438,0.986746484413743,0.40740716457366943,1620,0.008312408,-0.0038154768182721453
335872,200.0,1147,164,-187.45068684999995,292,0.0003,0.2,-0.5212536826729774,20.870735539682208,0.144580078125,7.631965637207031,0.9927673628553748,0.4084388017654419,1630,0.045150947,0.0014389997653779575
337920,200.0,1146,165,-194.60485610999996,294,0.0003,0.2,-0.5111709087155759,3.017134558619,0.1560546875,0.20056748390197754,0.9954922855831683,0.3983689248561859,1640,0.019550413,0.005623176396693452
339968,200.0,1145,166,-193.76607983000002,296,0.0003,0.2,-0.4980585377663374,21.948844484984875,0.064208984375,14.240824699401855,0.9890948431566358,0.3977079689502716,1650,0.0044137947,-0.0060950451079406776
342016,200.0,1144,167,-186.87977274999997,298,0.0003,0.2,-0.4891633754596114,14.604994489625096,0.0892578125,6.6429829597473145,0.992132656276226,0.39276209473609924,1660,0.0149664525,0.00021773469925392419
344064,200.0,1143,168,-184.88713498999996,300,0.0003,0.2,-0.48149115638807416,4.121784700104035,0.0708984375,3.0605528354644775,0.996873336378485,0.39036494493484497,1670,0.0064541856,0.0020888153223495463
346112,200.0,1143,169,-184.85513810999998,302,0.0003,0.2,-0.46910026036202906,11.674387151747942,0.0939453125,5.07360315322876,0.9931404981762171,0.3819984793663025,1680,0.011758493,-0.0001621192081074696
348160,200.0,1142,170,-184.63557658999997,304,0.0003,0.2,-0.45658699041232464,7.041919995192439,0.151953125,2.2552239894866943,0.9717196971178055,0.38234269618988037,1690,0.013692873,0.002667289163946407
350208,200.0,1141,171,-186.97097039,306,0.0003,0.2,-0.45474412450566887,9.67446605078876,0.05322265625,1.7194933891296387,0.9928786233067513,0.38037779927253723,1700,0.005780897,-0.0034211994301585947
352256,200.0,1141,172,-186.67195276,308,0.0003,0.2,-0.44840353820472956,6.505164917884395,0.11474609375,4.228765964508057,0.9948325017467141,0.37853163480758667,1710,0.021534676,0.0012368484054604777
354304,200.0,1140,173,-185.98435851,310,0.0003,0.2,-0.4474437954835594,6.387341373693198,0.109814453125,4.7641987800598145,0.9961476703174412,0.38040822744369507,1720,0.008541485,-0.002343585241032997
356352,200.0,1140,174,-192.20622819999997,312,0.0003,0.2,-0.44857814786955713,8.250736750429496,0.094482421875,3.4809634685516357,0.9886423544958234,0.3776467740535736,1730,0.011262994,-4.1661302384454756e-05
358400,200.0,1139,175,-190.58207810999997,314,0.0003,0.2,-0.44587082946673035,7.208424908109009,0.070166015625,0.5479040145874023,0.9957449301145971,0.3780025541782379,1740,0.0049713925,-0.0030492208097712137
360448,200.0,1138,176,-196.02868242,316,0.0003,0.2,-0.4457076383754611,23.745440242812037,0.05361328125,15.92657470703125,0.98445790912956,0.37731435894966125,1750,0.0065402947,-0.0007247437606565654
362496,200.0,1137,177,-209.55976586,318,0.0003,0.2,-0.43434465397149324,7.898045551870018,0.103173828125,1.176547884941101,0.9924018052406609,0.37044522166252136,1760,0.009521035,0.004202116400119848
364544,200.0,1136,178,-213.18184609000002,320,0.0003,0.2,-0.42056436333805325,12.624813696183264,0.101220703125,8.506099700927734,0.9905759505927563,0.3684857189655304,1770,0.016197413,-0.0004673999552323949
366592,200.0,1136,179,-219.48572636999998,322,0.0003,0.2,-0.4226745465770364,9.979650431871415,0.0650390625,1.0305625200271606,0.9953687926754355,0.3698420524597168,1780,0.009565426,0.0013836804151651449
368640,200.0,1135,180,-211.06827983,324,0.0003,0.2,-0.42473129555583,4.845786023791879,0.131298828125,1.212242841720581,0.9891037754714489,0.3712611198425293,1790,0.011309071,0.001362290617362305
370688,200.0,1135,181,-214.23693986999996,326,0.0003,0.2,-0.4179957374930382,8.035557220131158,0.136376953125,1.2377429008483887,0.9751284345984459,0.3626379668712616,1800,0.014780063,0.004213628815341508
372736,200.0,1134,182,-205.06202366000002,328,0.0003,0.2,-0.4083790862932801,6.088996790163219,0.100537109375,0.6182851195335388,0.9919594246894121,0.3666691482067108,1810,0.013982813,-0.0008871877107594628
374784,200.0,1134,183,-202.66866582000003,330,0.0003,0.2,-0.4135408543050289,7.335582913458348,0.127880859375,1.2904012203216553,0.9912570491433144,0.364273339509964,1820,0.010664495,-0.00120226232065761
376832,200.0,1133,184,-202.41581183999998,332,0.0003,0.2,-0.40721395090222356,20.94795192927122,0.067333984375,9.682243347167969,0.9865354262292385,0.3634580373764038,1830,0.004999306,-0.004333201451663627
378880,200.0,1133,185,-203.19582730000002,334,0.0003,0.2,-0.4032780881971121,10.390567998960615,0.1197265625,0.7057271003723145,0.9841308537870646,0.36159059405326843,1840,0.009120176,0.002746686552563915
380928,200.0,1132,186,-193.4358019,336,0.0003,0.2,-0.3923095539212227,6.299915211740881,0.0916015625,14.631796836853027,0.9959437954239547,0.3545854687690735,1850,0.008984143,0.005875722534256056
382976,200.0,1131,187,-193.16350606,338,0.0003,0.2,-0.37954285703599455,2.0448067782068393,0.219775390625,0.04445036128163338,0.9945145156234503,0.3560883700847626,1860,0.04655909,0.009752153298904886
385024,200.0,1130,188,-188.01036427,340,0.0003,0.2,-0.3890414644032717,12.302790511026979,0.085205078125,1.0108073949813843,0.9789125397801399,0.3589072823524475,1870,0.036640264,0.002497162506915629
387072,200.0,1130,189,-193.05446297000003,342,0.0003,0.2,-0.39713443741202353,22.655294459685685,0.0876953125,2.2540881633758545,0.9816723056137562,0.3604964315891266,1880,0.0027378686,-0.0005646188230457483
389120,200.0,1129,190,-203.73366184,344,0.0003,0.2,-0.39481888897717,8.537293118238448,0.088037109375,4.428284168243408,0.9935738313943148,0.35718247294425964,1890,0.00917761,-0.005488572291142191
391168,200.0,1129,191,-202.43419470000003,346,0.0003,0.2,-0.3844626236706972,15.685897105559707,0.044580078125,12.11186408996582,0.9893120424821973,0.3527945578098297,1900,0.004109895,-0.0005707714335585479
393216,200.0,1129,192,-200.7367367,348,0.0003,0.2,-0.37660253047943115,8.967068947153166,0.130224609375,4.71497917175293,0.9850928168743849,0.3531767427921295,1910,0.012875599,0.0028845820561400615
395264,200.0,1128,193,-198.97465214999997,350,0.0003,0.2,-0.3681035652756691,4.163174501666799,0.0984375,0.4850396513938904,0.9895826959982514,0.3445378541946411,1920,0.013570333,0.002881155864452012
397312,200.0,1128,194,-198.16223577000005,352,0.0003,0.2,-0.3420859411358833,4.727019266271964,0.10234375,2.661936044692993,0.9867501882836223,0.3378984332084656,1930,0.0057583973,-0.0009393066400662064
399360,200.0,1127,195,-201.24875353,354,0.0003,0.2,-0.3351754330098629,10.120829387940466,0.115087890625,0.9123047590255737,0.9856467852368951,0.3386063873767853,1940,0.011371942,-0.0007467482490028487
401408,200.0,1127,196,-209.20112383999995,356,0.0003,0.2,-0.3341788791120052,5.633460165653378,0.085791015625,0.8345664143562317,0.9956223899498582,0.33799272775650024,1950,0.005371242,0.002320113113091793
403456,200.0,1126,197,-199.39836587000002,358,0.0003,0.2,-0.3358631063252687,2.468745237030089,0.102001953125,0.7030563354492188,0.9976831264793873,0.3387454152107239,1960,0.0076799216,0.00541443238616921
405504,200.0,1126,198,-193.25166047,359,0.0003,0.2,-0.3150881163775921,1.8414259766926988,0.23515625,0.7597232460975647,0.9986988684395328,0.32737991213798523,1970,0.015371714,0.012758354346442503
407552,200.0,1126,199,-190.52501581,361,0.0003,0.2,-0.3032494679093361,4.941980781359598,0.17919921875,0.9545357823371887,0.9932310474105179,0.326885849237442,1980,0.013558874,0.004659097245166777
409600,200.0,1125,200,-184.59133427000003,363,0.0003,0.2,-0.2995771985501051,3.5107643539318816,0.148779296875,3.449584484100342,0.9963359474204481,0.3260631263256073,1990,0.015563587,0.0004611032025422901
411648,200.0,1124,201,-194.31985549999993,365,0.0003,0.2,-0.3017539896070957,3.7604966286802664,0.139501953125,2.6242458820343018,0.9908829610794783,0.3287075459957123,2000,0.014948771,-9.591397574695292e-05
413696,200.0,1124,202,-201.01433702999995,367,0.0003,0.2,-0.3136742927134037,3.4796495152637363,0.081787109375,1.4203685522079468,0.9941346514970064,0.3334801197052002,2010,0.005118655,0.0013781538626062683
415744,200.0,1124,203,-190.00998676,369,0.0003,0.2,-0.31648626662790774,7.107284459704533,0.091943359375,2.414141893386841,0.9902635077014565,0.3299954831600189,2020,0.00837733,-0.0001438070245058043
417792,200.0,1122,204,-193.14705573999998,372,0.0003,0.2,-0.3069096550345421,5.098293297202327,0.14296875,3.5895678997039795,0.9894280899316072,0.32786184549331665,2030,0.0059061083,0.002309094261727296
419840,200.0,1121,205,-189.30235142000004,374,0.0003,0.2,-0.3051692396402359,8.713052464090287,0.10732421875,4.4734392166137695,0.9946104818955064,0.32950258255004883,2040,0.0110164145,-0.002090160089574056
421888,200.0,1120,206,-188.90542687999996,376,0.0003,0.2,-0.31433933302760125,2.1496935376431794,0.133935546875,1.9123165607452393,0.9982454737182707,0.3311573266983032,2050,0.009113532,0.006689928963896819
423936,200.0,1120,207,-189.40497136000002,378,0.0003,0.2,-0.3258904192596674,1.3508789779385553,0.13740234375,0.523492693901062,0.9983506335411221,0.33762454986572266,2060,0.016155891,0.0029985232540639117
425984,200.0,1120,208,-196.46870471000003,380,0.0003,0.2,-0.3360392484813929,3.228717529727146,0.096728515625,0.8042312264442444,0.9928941712714732,0.34002628922462463,2070,0.020111948,0.0008095046548987738
428032,200.0,1119,209,-203.57061773,382,0.0003,0.2,-0.33943735919892787,17.067957481741907,0.057861328125,2.096942663192749,0.988455792888999,0.3394825756549835,2080,0.0011831615,-0.0017925928870681674
430080,200.0,1119,210,-201.83425915,384,0.0003,0.2,-0.333693427965045,9.309771757852285,0.14296875,2.130354881286621,0.994378843344748,0.3360227942466736,2090,0.016698478,0.0007592273563204799
432128,200.0,1117,211,-193.16421573999997,386,0.0003,0.2,-0.33563956134021283,7.043929860554636,0.103662109375,3.4158267974853516,0.9942511906847358,0.3413524627685547,2100,0.0063036038,0.0021571684919763356
434176,200.0,1116,212,-193.71146028000004,388,0.0003,0.2,-0.34139520563185216,3.475596115994267,0.155615234375,0.49943017959594727,0.9887896180152893,0.3398571014404297,2110,0.038424443,0.0013463101378874854
436224,200.0,1116,213,-193.68186505999998,390,0.0003,0.2,-0.3407955925911665,14.175519129913301,0.070556640625,0.24718859791755676,0.9815151542425156,0.3406793475151062,2120,0.01542922,0.003542020245731692
438272,200.0,1115,214,-199.47987621999997,393,0.0003,0.2,-0.3423846408724785,6.933352331584319,0.116162109375,1.1352450847625732,0.9872182058170438,0.3407887816429138,2130,0.005356446,-0.0015092937581357546
440320,200.0,1114,215,-205.37908018000002,395,0.0003,0.2,-0.34767034500837324,8.57552278661169,0.111279296875,7.801577091217041,0.9942632671445608,0.3440513014793396,2140,0.007107084,-0.0028892020309285726
442368,200.0,1114,216,-205.56582143,397,0.0003,0.2,-0.3534284833818674,17.342504624277353,0.04482421875,4.273193836212158,0.9916067197918892,0.3453602194786072,2150,0.005935047,-0.0020154313675448065
444416,200.0,1113,217,-197.63322879000003,399,0.0003,0.2,-0.35368064753711226,4.608521790057421,0.178955078125,0.6671606302261353,0.9935459932312369,0.34446918964385986,2160,0.026674233,0.0028252182688447646
446464,200.0,1113,218,-194.30941030999998,401,0.0003,0.2,-0.34444725401699544,6.562039041984827,0.144775390625,1.9167251586914062,0.9842609670013189,0.3372480273246765,2170,0.012856977,0.003282634902279824
448512,200.0,1112,219,-192.20276426,403,0.0003,0.2,-0.3279801167547703,18.939877025038005,0.050439453125,16.401058197021484,0.990804323926568,0.33459702134132385,2180,0.007125845,-0.00215110844001174
450560,200.0,1112,220,-187.47800399,405,0.0003,0.2,-0.31956271901726724,3.7734079443616793,0.10693359375,2.175426959991455,0.9953523664735258,0.3317532539367676,2190,0.009768878,0.0004417608612129698
452608,200.0,1111,221,-186.10187777,407,0.0003,0.2,-0.3186621632426977,4.203310850728303,0.124267578125,1.560573935508728,0.9871476525440812,0.33462637662887573,2200,0.010542272,0.0035224430379457773
454656,200.0,1111,222,-197.57785234999994,409,0.0003,0.2,-0.3162677023559809,6.120521163288504,0.0908203125,0.31162333488464355,0.9853060254827142,0.3298041820526123,2210,0.013343455,-0.00013071874855086207
456704,200.0,1110,223,-194.77245157,411,0.0003,0.2,-0.3095885943621397,18.6156880851835,0.072998046875,2.4528555870056152,0.9783366750925779,0.32998183369636536,2220,0.012723187,-0.0032159890441107565
458752,200.0,1110,224,-186.91640653000002,413,0.0003,0.2,-0.3233047559857368,1.682862862374168,0.140576171875,0.09565722197294235,0.9968713738489896,0.3377184569835663,2230,0.03681742,-0.00499814977774804
460800,200.0,1108,225,-182.76861993,415,0.0003,0.2,-0.33712982535362246,2.957715783081949,0.14169921875,0.8991893529891968,0.9930307646282017,0.3382534980773926,2240,0.016473267,0.0014092480218096171
462848,200.0,1104,226,-180.53642880999996,418,0.0003,0.2,-0.3331775840371847,1.6409693795489146,0.1140625,1.0428780317306519,0.9968627041671425,0.3374234437942505,2250,0.025048414,0.003949565201764926
464896,200.0,1103,227,-180.98049644000005,421,0.0003,0.2,-0.33928901366889475,3.3664545175153764,0.09267578125,0.4113903343677521,0.9903557067736983,0.34323349595069885,2260,0.012056295,-0.003564980050578015
466944,200.0,1102,228,-169.04700128000002,423,0.0003,0.2,-0.3643429405987263,0.6762162359344075,0.17373046875,0.47671306133270264,0.9981515106046572,0.35271334648132324,2270,0.021990996,0.001582277158013312
468992,200.0,1101,229,-176.22314638000003,425,0.0003,0.2,-0.3672469459474087,2.594728646473959,0.075048828125,0.30295008420944214,0.9831018391996622,0.344348281621933,2280,0.0063469997,0.0005030658074247185
471040,200.0,1101,230,-180.19515894,427,0.0003,0.2,-0.3575273621827364,6.651843492314219,0.06279296875,0.7854003310203552,0.991769633255899,0.3477258086204529,2290,0.0072326236,-0.0022077518180594778
473088,200.0,1100,231,-174.298378,429,0.0003,0.2,-0.36200067549943926,6.2579259716207165,0.054541015625,4.399218559265137,0.9878097642213106,0.3463588356971741,2300,0.008827899,0.0011780417939007749
475136,200.0,1100,232,-172.63029960000003,431,0.0003,0.2,-0.36465926840901375,0.7881307601113804,0.124609375,0.08813128620386124,0.993291512131691,0.3519584536552429,2310,0.029708525,0.012436539065674879
477184,200.0,1099,233,-181.26423480000003,434,0.0003,0.2,-0.3786229286342859,11.19905684236437,0.05634765625,1.6002565622329712,0.9860057374462485,0.354135662317276,2320,0.002078723,-0.0009622192916140193
479232,200.0,1098,234,-179.82733639999998,436,0.0003,0.2,-0.37947539873421193,13.77285741972737,0.120361328125,1.2761796712875366,0.9920931784436107,0.3536549210548401,2330,0.005644991,-0.0006258224722841988
481280,200.0,1098,235,-180.62417620000005,438,0.0003,0.2,-0.3802113961428404,1.6344215651741252,0.09609375,0.3418467044830322,0.998382086516358,0.3544309139251709,2340,0.0073904516,-0.0034042055885947775
483328,200.0,1097,236,-176.82236799000003,440,0.0003,0.2,-0.37621582485735416,4.300339678814635,0.102197265625,0.9117940068244934,0.9937319164164364,0.3500177562236786,2350,0.008612811,-0.0009217987419106067
485376,200.0,1097,237,-171.83994106000003,442,0.0003,0.2,-0.37026392854750156,20.02736657317728,0.07529296875,18.914196014404297,0.9712409917265177,0.3510429263114929,2360,0.009009912,-0.0048599036399537
487424,200.0,1096,238,-177.79709287000003,444,0.0003,0.2,-0.3623319912701845,1.6007026514271274,0.186767578125,0.2346937358379364,0.9823695439845324,0.3441583514213562,2370,0.006833456,0.004306001761869993
489472,200.0,1096,239,-174.57966800000003,446,0.0003,0.2,-0.3545390073210001,6.381183212902397,0.073876953125,1.0312501192092896,0.9927076529711485,0.34773731231689453,2380,0.011482597,0.0022844856779556722
491520,200.0,1096,240,-172.12214882999996,448,0.0003,0.2,-0.36268807873129844,0.4947884223074652,0.11142578125,0.12997488677501678,0.9993168079527095,0.3457775115966797,2390,0.011792323,0.001054783425934147
493568,200.0,1096,241,-171.19929981,450,0.0003,0.2,-0.35879806615412235,0.672975682024844,0.115625,0.20941102504730225,0.9974751994013786,0.34566232562065125,2400,0.023794381,0.0017085990504710935
495616,200.0,1096,242,-171.99709572,452,0.0003,0.2,-0.3547334250062704,14.94575123861432,0.055615234375,10.434759140014648,0.9749050717800856,0.34521061182022095,2410,0.006072089,-0.002147792241885327
497664,200.0,1095,243,-169.57750395000002,454,0.0003,0.2,-0.36099623031914235,1.827720529283397,0.114208984375,0.2836165428161621,0.994820692576468,0.3496955335140228,2420,0.009953039,0.0012490708497352899
499712,200.0,1095,244,-169.21591747000002,456,0.0003,0.2,-0.36255143098533155,5.917748614843004,0.076171875,2.334373950958252,0.9816413931548595,0.34541627764701843,2430,0.005522303,-0.002923229109728709
501760,200.0,1095,245,-166.47949984000002,457,0.0003,0.2,-0.35568673238158227,25.651894265785813,0.0384765625,20.750621795654297,0.975544661283493,0.34527724981307983,2440,0.002070133,-0.004828172030829592
503808,200.0,1095,246,-168.98914999999997,459,0.0003,0.2,-0.3524220995604992,4.625356384646148,0.07265625,5.135611057281494,0.9943455751053989,0.34313809871673584,2450,0.00671559,0.0024139544348145137
505856,200.0,1095,247,-176.12295851999997,461,0.0003,0.2,-0.3543044779449701,4.008498691761633,0.1068359375,0.2510395050048828,0.9940038779750466,0.3469104766845703,2460,0.023348186,-0.0005677444663888309
507904,200.0,1095,248,-174.05505408000002,463,0.0003,0.2,-0.3514313708990812,5.0700597907183695,0.10185546875,0.11817927658557892,0.9920959724113345,0.3403613865375519,2470,0.010534013,0.0020020437601488083
509952,200.0,1095,249,-171.06926013000003,465,0.0003,0.2,-0.33488969057798385,0.9076142140780575,0.171533203125,0.08437568694353104,0.996877137105912,0.3340044617652893,2480,0.014403432,0.005246621924743522
512000,200.0,1095,250,-181.97581173999998,467,0.0003,0.2,-0.3202125921845436,0.8069975882506697,0.14189453125,0.10611138492822647,0.9985787916230038,0.33093708753585815,2490,0.01655892,-0.0006595895647478756
514048,200.0,1095,251,-176.58586996999995,469,0.0003,0.2,-0.3121496640145779,21.490339478850366,0.04052734375,1.0112789869308472,0.9878639904782176,0.33028095960617065,2500,0.0023946075,-0.001972582394228084
516096,200.0,1095,252,-173.13657674,471,0.0003,0.2,-0.3035741776227951,1.1132153189566452,0.166552734375,0.14365655183792114,0.995403547771275,0.32609042525291443,2510,0.0075548002,0.0039735921760438945
518144,200.0,1095,253,-178.65879966000003,472,0.0003,0.2,-0.30125319100916387,4.148064839211292,0.0931640625,3.3155882358551025,0.9804214779287577,0.32791441679000854,2520,0.0065232487,-0.0005109130168420961
520192,200.0,1095,254,-173.18893443000002,474,0.0003,0.2,-0.3019950445741415,8.097736586350948,0.067236328125,4.905250072479248,0.9947244683280587,0.3274621069431305,2530,0.0051563713,-0.005090952162572648
522240,200.0,1095,255,-173.22944871000004,476,0.0003,0.2,-0.3063693858683109,3.5480212732916696,0.1658203125,0.08700403571128845,0.9792716912925243,0.32956233620643616,2540,0.014555313,-0.0025548572884872556
524288,200.0,1095,256,-177.02001045999998,478,0.0003,0.2,-0.30939094722270966,6.176306783105247,0.1166015625,2.783520460128784,0.9962473697960377,0.32996293902397156,2550,0.00911728,-0.001630396823020419
526336,200.0,1095,257,-172.02271055,480,0.0003,0.2,-0.3078147526830435,3.232369093829766,0.06875,0.16576768457889557,0.9861649619415402,0.3280124366283417,2560,0.007409141,-0.0009044430407811888
528384,200.0,1095,258,-169.06140383000002,482,0.0003,0.2,-0.31252486519515515,2.6982965569128283,0.113134765625,0.2241515815258026,0.9788656644523144,0.33400553464889526,2570,0.017551634,0.01078944133623736
530432,200.0,1095,259,-175.30407367999996,484,0.0003,0.2,-0.3155880827456713,1.029663799831178,0.0958984375,1.008396029472351,0.9972769832238555,0.3286290764808655,2580,0.012761193,-0.0004200497885904042
532480,200.0,1095,260,-165.45023097000004,486,0.0003,0.2,-0.30483728013932704,1.4366832493105903,0.1197265625,0.6643775701522827,0.9983900764491409,0.3276199698448181,2590,0.00789226,-0.0007775165940984152
534528,200.0,1095,261,-169.05002051,487,0.0003,0.2,-0.3023850079625845,2.056599942280445,0.162646484375,0.35865768790245056,0.9982004660414532,0.3275023102760315,2600,0.017360516,0.0014463641851762076
536576,200.0,1095,262,-169.27077569000002,489,0.0003,0.2,-0.3009879786521196,0.44348449174431154,0.101611328125,0.19225221872329712,0.9994694308843464,0.32685360312461853,2610,0.009618936,-0.0027717431814380687
538624,200.0,1095,263,-172.34928476999997,491,0.0003,0.2,-0.299773508682847,12.323374113847967,0.066552734375,10.75509262084961,0.9853787897154689,0.32575422525405884,2620,0.00749393,-0.003905632521309599
540672,200.0,1096,264,-174.87804317,493,0.0003,0.2,-0.2956383377313614,18.402856097742916,0.045849609375,2.3735363483428955,0.9893700014799833,0.3247133791446686,2630,0.0025067204,-0.0018113001158781116
542720,200.0,1096,265,-171.94744791000002,494,0.0003,0.2,-0.29340606555342674,18.262929060216994,0.070361328125,7.691407203674316,0.9845231408253312,0.3227543532848358,2640,0.009511322,0.0008657291415147484
544768,200.0,1097,266,-172.97763998,496,0.0003,0.2,-0.2920505736023188,3.401550526707433,0.11953125,0.8939860463142395,0.9951306628063321,0.3254832923412323,2650,0.011464588,0.0011131604085676372
546816,200.0,1098,267,-170.35998220999997,497,0.0003,0.2,-0.30667911283671856,1.0879157248069533,0.1171875,0.5286871790885925,0.9983474583132192,0.3317824602127075,2660,0.012036297,-0.00020448040013434365
548864,200.0,1098,268,-171.69936553,499,0.0003,0.2,-0.30876049734652045,4.00551171360421,0.06923828125,0.18244904279708862,0.9739271998405457,0.3266814351081848,2670,0.0065850606,0.0011347050603944808
550912,200.0,1099,269,-163.15703965,501,0.0003,0.2,-0.294896512106061,4.942374081059825,0.09462890625,2.028785467147827,0.9919588835909963,0.3247525990009308,2680,0.02011776,0.008533946079842281
552960,200.0,1100,270,-167.54864735000004,502,0.0003,0.2,-0.29469980373978616,1.580468781827949,0.130517578125,0.09518516063690186,0.9906126260757446,0.32522672414779663,2690,0.019593537,-0.0009051610391907161
555008,200.0,1100,271,-189.45826030999996,504,0.0003,0.2,-0.2960136365145445,104.05234239697457,0.087451171875,16.069496154785156,0.8894873932003975,0.32564324140548706,2700,0.002959847,0.0007230354811326833
557056,200.0,1101,272,-200.34411314000005,505,0.0003,0.2,-0.29767541736364367,208.88381130099296,0.0166015625,197.8810272216797,0.9179694205522537,0.32621291279792786,2710,0.0023567365,-0.0025948126276489347
559104,200.0,1102,273,-212.25571831999994,507,0.0003,0.2,-0.3006871424615383,69.75375595837832,0.034619140625,19.615087509155273,0.9596429355442524,0.3277490735054016,2720,0.0049466146,-0.0032855362762347793
561152,200.0,1102,274,-217.30817387999997,508,0.0003,0.2,-0.3039353992789984,237.9202956676483,0.023974609375,118.91602325439453,0.9654798954725266,0.3280804753303528,2730,0.0037679065,-0.003400966517801862
563200,200.0,1103,275,-236.44602762,510,0.0003,0.2,-0.30518763884902,203.3062138736248,0.022802734375,138.94715881347656,0.967218741774559,0.3286294937133789,2740,0.0029669574,-0.005783100034022937
565248,200.0,1104,276,-235.28461777,511,0.0003,0.2,-0.30515893176198006,354.32325315475464,0.02646484375,191.74986267089844,0.9671210683882236,0.3279722034931183,2750,0.004416459,-0.003330611610363121
567296,200.0,1104,277,-243.78512693000002,513,0.0003,0.2,-0.29911127798259257,60.261279047653076,0.082421875,4.529458522796631,0.8887462541460991,0.3231853246688843,2760,0.009686656,-0.0026665539349778554
569344,200.0,1105,278,-248.76984467999998,515,0.0003,0.2,-0.2853619307279587,12.94644364323467,0.106494140625,0.22641216218471527,0.9670829474925995,0.32070431113243103,2770,0.010931596,0.0023149034634116104
571392,200.0,1105,279,-254.94623593,516,0.0003,0.2,-0.2832451034337282,131.01459455993026,0.075537109375,59.84584045410156,0.8990247845649719,0.32247933745384216,2780,0.0028629354,0.006657448894111439
573440,200.0,1106,280,-256.09623749,518,0.0003,0.2,-0.28491872176527977,147.77833912968634,0.031494140625,42.30788040161133,0.9523780196905136,0.3210165798664093,2790,0.0023058364,-0.007130970637626887
575488,200.0,1107,281,-241.32758496999998,519,0.0003,0.2,-0.28541973382234576,19.739511387236416,0.146875,3.9935109615325928,0.9599686600267887,0.32424330711364746,2800,0.01228494,0.0033647795266006143
577536,200.0,1107,282,-219.51312686,521,0.0003,0.2,-0.29774322398006914,106.62126266360283,0.05146484375,67.38899993896484,0.9208335354924202,0.3275110125541687,2810,0.004843469,-0.0005509253620402888
579584,200.0,1108,283,-211.86932459999997,522,0.0003,0.2,-0.31121548525989057,2.9340520303230733,0.209423828125,0.18839628994464874,0.9903982663527131,0.3333815634250641,2820,0.060651485,0.006582300597801805
581632,200.0,1108,284,-196.57817707,524,0.0003,0.2,-0.3107214517891407,7.488427929626778,0.1267578125,3.8058528900146484,0.9841692093759775,0.3254888355731964,2830,0.006575917,0.0006423436207114719
583680,200.0,1109,285,-176.95120995000002,526,0.0003,0.2,-0.2942827396094799,4.768409588420764,0.13876953125,2.403275728225708,0.9920585034415126,0.32183191180229187,2840,0.05423433,0.005420517607126385
585728,200.0,1109,286,-183.27777020000002,527,0.0003,0.2,-0.2802582271397114,3.1901547620538624,0.138671875,0.14484453201293945,0.9865172291174531,0.3195754289627075,2850,0.015136907,0.0025517378759104758
587776,200.0,1110,287,-191.61671257,529,0.0003,0.2,-0.27822124771773815,179.86761251091957,0.049462890625,11.448613166809082,0.8974300473928452,0.31964635848999023,2860,0.003494361,0.0013856237870641052
589824,200.0,1110,288,-180.28933239000003,530,0.0003,0.2,-0.2782615844160318,205.837976872921,0.011279296875,52.33623123168945,0.9488449655473232,0.31958380341529846,2870,0.0024794918,-0.0011519688778207637
591872,200.0,1111,289,-181.33556939000002,532,0.0003,0.2,-0.2777816910296679,8.917547937994822,0.193115234375,1.690738320350647,0.9762849286198616,0.31971919536590576,2880,0.04351526,0.013644656216638396
593920,200.0,1112,290,-171.39828858,534,0.0003,0.2,-0.2738237131386995,10.661965077091008,0.068212890625,0.8389222621917725,0.9718767292797565,0.31669941544532776,2890,0.009518035,0.0014909087578416802
595968,200.0,1112,291,-172.77600185,535,0.0003,0.2,-0.26686130538582803,1.0096140900801402,0.22734375,0.3301670551300049,0.9912312552332878,0.3165886402130127,2900,0.01674305,0.007367506030277582
598016,200.0,1113,292,-172.05807749,537,0.0003,0.2,-0.269145879521966,135.41967718452216,0.235302734375,71.1861572265625,0.8662831634283066,0.3169977068901062,2910,0.004214836,0.0052075425199291205
600064,200.0,1113,293,-179.98917444,538,0.0003,0.2,-0.2695451803505421,146.8045830309391,0.027880859375,47.19102478027344,0.9395563080906868,0.3167179524898529,2920,0.0032866406,-0.0030852086772938494
602112,200.0,1114,294,-188.47173063000005,540,0.0003,0.2,-0.26881068721413615,153.8001254439354,0.01943359375,109.22089385986328,0.9595531225204468,0.3165064752101898,2930,0.0037617972,-0.003529023205919657
604160,200.0,1114,295,-188.17343300999997,541,0.0003,0.2,-0.26808733195066453,181.76501555740833,0.0125,81.31478881835938,0.9111901223659515,0.31635358929634094,2940,0.003716952,-0.0038746942538637084
606208,200.0,1115,296,-183.73722101999996,543,0.0003,0.2,-0.2649844981729984,19.017152804415673,0.0884765625,9.194374084472656,0.9726380072534084,0.3153657019138336,2950,0.009884842,0.002168300995253958
608256,200.0,1115,297,-184.55697484999996,545,0.0003,0.2,-0.25963690169155595,1.1008541886112653,0.236279296875,0.20518553256988525,0.9972404057625681,0.3120412528514862,2960,0.022937022,0.002299884635431226
610304,200.0,1116,298,-199.96461690000004,546,0.0003,0.2,-0.253649440780282,88.4551058717072,0.014697265625,34.52090072631836,0.9664332866668701,0.31142953038215637,2970,0.0045009516,-0.0017394547727235476
612352,200.0,1116,299,-235.78325076000002,548,0.0003,0.2,-0.2522274740040302,60.55943448357284,0.03857421875,4.972309589385986,0.9447762779891491,0.31140902638435364,2980,0.007581201,-0.00019185272758477369
614400,200.0,1117,300,-235.79429894,549,0.0003,0.2,-0.2537200693041086,335.98276219367983,0.083837890625,106.39649963378906,0.9646975994110107,0.3123629689216614,2990,0.0074489783,-0.008628893388959114
616448,200.0,1117,301,-236.46283169000003,551,0.0003,0.2,-0.24920641891658307,22.94189213598147,0.060693359375,4.852069854736328,0.9271163791418076,0.3084873557090759,3000,0.0060456935,0.0007163902628235519
618496,200.0,1118,302,-240.53505629,553,0.0003,0.2,-0.24213354140520096,139.47039601653813,0.084423828125,100.9357681274414,0.9339980259537697,0.3079870641231537,3010,0.0037674191,-0.00674609871202847
620544,200.0,1118,303,-232.68005609000008,554,0.0003,0.2,-0.23918559066951275,132.0889823630452,0.029443359375,204.44419860839844,0.8994968086481094,0.306217223405838,3020,0.0091164615,-0.0015093352165422402
622592,200.0,1119,304,-226.07659635999997,556,0.0003,0.2,-0.22632493637502193,10.496851225930731,0.07099609375,1.4098197221755981,0.9558892585337162,0.2978937029838562,3030,0.0077757505,-0.0008836769709887448
624640,200.0,1119,305,-222.21187817999996,557,0.0003,0.2,-0.20413087345659733,1.3794941082946024,0.1966796875,0.2875732481479645,0.9948185756802559,0.2962648868560791,3040,0.041933835,0.007840395331004401
626688,200.0,1120,306,-230.20926272999998,559,0.0003,0.2,-0.20119415745139121,0.7405779617722146,0.2044921875,0.19463442265987396,0.9984028068138286,0.2942240536212921,3050,0.024251092,0.010512374695463223
628736,200.0,1121,307,-214.68841735,560,0.0003,0.2,-0.19530321136116982,180.02179460525514,0.068359375,31.941171646118164,0.8383057117462158,0.29431968927383423,3060,0.0061779628,-0.0036701171862659975
630784,200.0,1121,308,-204.06679455999998,562,0.0003,0.2,-0.19560559764504432,56.37030078098178,0.027001953125,20.296823501586914,0.9556311070919037,0.2942543923854828,3070,0.0018879017,-0.002105277787632076
632832,200.0,1121,309,-180.55300635,564,0.0003,0.2,-0.19132256098091602,2.6096224701497706,0.100830078125,0.7617901563644409,0.9888013647869229,0.29116928577423096,3080,0.024315026,0.002904088560899254
634880,200.0,1122,310,-181.02886147999993,565,0.0003,0.2,-0.1852044951170683,188.93272979855539,0.042529296875,127.82170867919922,0.9091391712427139,0.29137688875198364,3090,0.0035636604,-0.003658921302849194
636928,200.0,1122,311,-174.73740751000003,567,0.0003,0.2,-0.18624008558690547,123.56793841421604,0.02783203125,53.4589958190918,0.9622613117098808,0.2916089594364166,3100,0.004294907,-0.005575288083491614
638976,200.0,1122,312,-182.50832750999996,568,0.0003,0.2,-0.18027372919023038,14.687004243698903,0.073681640625,1.484242558479309,0.9185470417141914,0.2863929867744446,3110,0.0034493809,0.003227080333454069
641024,200.0,1123,313,-184.37936201000005,570,0.0003,0.2,-0.16633603759109974,58.082630012743174,0.037109375,39.44255065917969,0.9718314204365015,0.28562816977500916,3120,0.0021620537,-0.0014981921231083106
643072,200.0,1123,314,-191.39337101,572,0.0003,0.2,-0.18121737539768218,2.0330636222846805,0.21357421875,0.7059399485588074,0.9960855566896498,0.29432085156440735,3130,0.03432187,0.0012148375164542813
645120,200.0,1124,315,-195.26717489000006,573,0.0003,0.2,-0.19724591374397277,5.732952942792326,0.07998046875,1.6630620956420898,0.9919270919635892,0.2951674461364746,3140,0.009253703,-0.0006798740374506451
647168,200.0,1124,316,-191.98292885999996,575,0.0003,0.2,-0.20638195015490055,2.5166646820027383,0.192822265625,0.3825239837169647,0.9934993842616677,0.3003428280353546,3150,0.021648824,-0.0014866568337311037
649216,200.0,1125,317,-182.87676889,577,0.0003,0.2,-0.22014457322657108,2.4619166280026548,0.14521484375,3.3590798377990723,0.9965968315955251,0.3012903332710266,3160,0.01393087,0.0025238349633582404
651264,200.0,1125,318,-186.56586697,578,0.0003,0.2,-0.22467247471213342,8.909617342456476,0.307666015625,1.0752060413360596,0.9803892783820629,0.3032070994377136,3170,0.009705638,0.0066708676360576645
653312,200.0,1125,319,-185.84615091999996,580,0.0003,0.2,-0.2226402435451746,2.5818999506067484,0.10283203125,0.6010276675224304,0.9958381960168481,0.3021478056907654,3180,0.015812445,0.002179988727584714
655360,200.0,1126,320,-180.54965091999998,581,0.0003,0.2,-0.22619221732020378,1.1008988152490928,0.1490234375,0.04899318143725395,0.9978253596927971,0.306488960981369,3190,0.015965125,0.0023054353427141906
657408,200.0,1126,321,-183.34267232000002,583,0.0003,0.2,-0.2386019892990589,2.009275065688416,0.108154296875,0.10272951424121857,0.9976161664817482,0.307494580745697,3200,0.014731891,-0.0026934071029245388
659456,200.0,1127,322,-174.33258519999998,584,0.0003,0.2,-0.2399941071867943,5.759869619272649,0.053857421875,0.30331480503082275,0.9832617621868849,0.30786052346229553,3210,0.003689895,-0.0004645317961148976
661504,200.0,1127,323,-191.05316331999998,586,0.0003,0.2,-0.23310385793447494,0.6474256061133928,0.147607421875,0.12323683500289917,0.9952949276193976,0.30243226885795593,3220,0.014641199,0.0005370764578401577
663552,200.0,1128,324,-190.65189669999995,588,0.0003,0.2,-0.22272904999554158,149.20469737052917,0.0501953125,31.5439453125,0.8595632910728455,0.30244866013526917,3230,0.0019199359,0.002108158776536584
665600,200.0,1128,325,-191.07127647,589,0.0003,0.2,-0.22385730296373368,84.61542187929153,0.011767578125,15.317789077758789,0.9561357945203781,0.30295079946517944,3240,0.0012716842,-0.0027706817418220453
667648,200.0,1129,326,-196.34018415999998,591,0.0003,0.2,-0.21693604327738286,13.123017604649068,0.052294921875,3.857455253601074,0.9443112127482891,0.29708385467529297,3250,0.00982153,-0.0022276311028690543
669696,200.0,1129,327,-196.20253060000002,592,0.0003,0.2,-0.21024983935058117,5.217053013434634,0.08212890625,1.279195785522461,0.9866149919107556,0.30177438259124756,3260,0.00983363,0.003291416990396101
671744,200.0,1130,328,-192.82954347999998,594,0.0003,0.2,-0.21230182461440564,2.918461721437052,0.1841796875,0.18841984868049622,0.9725233409553766,0.2962500751018524,3270,0.012325898,0.006363978467561537
673792,200.0,1130,329,-190.99040624999998,595,0.0003,0.2,-0.20020032301545143,10.609888936020434,0.0869140625,7.0781989097595215,0.9854198880493641,0.29574280977249146,3280,0.009238084,-0.0021045504516223447
675840,200.0,1131,330,-199.46474003,597,0.0003,0.2,-0.1960198026150465,1.595530711649917,0.13505859375,0.1343267261981964,0.9949876959435642,0.2927895784378052,3290,0.026524097,-0.0012634632897970733
677888,200.0,1131,331,-195.99863572,599,0.0003,0.2,-0.18934401236474513,144.57296002209188,0.10517578125,99.9565200805664,0.8222507387399673,0.29244858026504517,3300,0.0013582836,0.004576204033219256
679936,200.0,1131,332,-204.71493558000003,600,0.0003,0.2,-0.19386879429221154,1.5446685319649986,0.105126953125,0.4199211895465851,0.9876357419416308,0.29346993565559387,3310,0.016960248,0.005400836860644631
681984,200.0,1132,333,-205.5549839,602,0.0003,0.2,-0.19264555871486663,68.15535044074059,0.026123046875,53.87831497192383,0.9312049150466919,0.29334181547164917,3320,0.0024459858,-0.0013805305992718787
684032,200.0,1132,334,-201.92340247000004,603,0.0003,0.2,-0.19163637533783912,170.8795131981373,0.014794921875,56.49163818359375,0.9516805075109005,0.29277363419532776,3330,0.0032961029,-0.0024407513192272745
686080,200.0,1133,335,-234.12427959999997,605,0.0003,0.2,-0.19068361818790436,220.20375379621981,0.007958984375,101.94384002685547,0.9564606063067913,0.2927636206150055,3340,0.0029047364,-0.0036575099104084073
688128,200.0,1133,336,-235.31867802,607,0.0003,0.2,-0.1914405982941389,226.3608257174492,0.029638671875,103.5643081665039,0.9625444486737251,0.29341110587120056,3350,0.004465041,-0.0069092329707928
690176,200.0,1133,337,-246.41674290999998,608,0.0003,0.2,-0.19304075203835963,368.7597850203514,0.01943359375,91.13746643066406,0.9551989361643791,0.2935490012168884,3360,0.0034269462,-0.003332421026425436
692224,200.0,1134,338,-246.89084331,610,0.0003,0.2,-0.19387237653136252,194.00647569298744,0.0115234375,86.7421646118164,0.9749566502869129,0.29396650195121765,3370,0.0030643332,-0.0018616830348037183
694272,200.0,1134,339,-250.7738655,611,0.0003,0.2,-0.19394214525818826,348.4889096975327,0.0025390625,99.3242416381836,0.9480170980095863,0.29358506202697754,3380,0.00065093965,-0.0010891119491134305
696320,200.0,1134,340,-238.61607363999997,613,0.0003,0.2,-0.19366040267050266,180.59433666616678,0.102490234375,188.72793579101562,0.9384677335619926,0.293464720249176,3390,0.0061258944,-0.005002300220075995
698368,200.0,1135,341,-247.63330913000001,615,0.0003,0.2,-0.19280065707862376,70.07876580506563,0.051318359375,17.88410186767578,0.969385614618659,0.29331716895103455,3400,0.0035674802,-0.002818450146878604
700416,200.0,1135,342,-235.23436049000003,616,0.0003,0.2,-0.19199037477374076,312.22441403865815,0.021533203125,136.42578125,0.9579549469053745,0.29304805397987366,3410,0.003372221,-0.003509157546068309
702464,200.0,1135,343,-227.35256740999998,618,0.0003,0.2,-0.18346979916095735,28.3259228550829,0.098046875,1.0502458810806274,0.8640528619289398,0.2864481508731842,3420,0.012240876,0.0046490429020195735
704512,200.0,1136,344,-220.32040196999998,620,0.0003,0.2,-0.17453322410583497,8.074828677158802,0.197216796875,0.7186955809593201,0.982612045481801,0.2924404740333557,3430,0.016571768,0.012721596639312337
706560,200.0,1136,345,-191.79458957999998,621,0.0003,0.2,-0.19852206856012344,5.97344218227081,0.208837890625,0.22187481820583344,0.9857154609635472,0.2979128658771515,3440,0.015965644,0.012374641387214069
708608,200.0,1136,346,-188.59925754,623,0.0003,0.2,-0.2019058309495449,12.218869305332191,0.08759765625,7.758094787597656,0.9805550649762154,0.2942689061164856,3450,0.018197693,-0.002063645604357589
710656,200.0,1137,347,-188.12290280999997,624,0.0003,0.2,-0.19879173077642917,35.75658249668777,0.049951171875,69.50260162353516,0.9769989997148514,0.2964083254337311,3460,0.0055307,-0.00517392458714312
712704,200.0,1137,348,-185.05095675,626,0.0003,0.2,-0.20187030509114265,19.498754995223134,0.071630859375,17.854337692260742,0.9918344477191567,0.29524528980255127,3470,0.010519334,0.0002632893389090896
714752,200.0,1137,349,-189.31330408000005,628,0.0003,0.2,-0.20346272215247155,1.3096824873238802,0.15458984375,0.3067990243434906,0.9968847269192338,0.297526091337204,3480,0.015893348,-0.0006841071881353855
716800,200.0,1137,350,-176.29329141000002,629,0.0003,0.2,-0.21041712500154972,2.101787795173004,0.13173828125,0.7198663353919983,0.9973862650804222,0.29842594265937805,3490,0.020123903,0.0023569050776131918
718848,200.0,1138,351,-181.29998504000002,631,0.0003,0.2,-0.21187769025564193,0.7200462118489668,0.18203125,0.16892381012439728,0.9992338902084157,0.29998305439949036,3500,0.016353115,0.001147833202048787
720896,200.0,1138,352,-183.45413427,633,0.0003,0.2,-0.21326423585414886,4.669425311125815,0.116455078125,0.6007168292999268,0.9845216972753406,0.29811736941337585,3510,0.013046724,-0.0024574431488872507
722944,200.0,1139,353,-184.265762,634,0.0003,0.2,-0.21634425669908525,1.2134890892950352,0.1048828125,0.24525214731693268,0.9951988738030195,0.30328184366226196,3520,0.026906855,-0.0016801970894448459
724992,200.0,1139,354,-180.36511482999998,636,0.0003,0.2,-0.22269058153033255,1.4199890342308208,0.142919921875,0.292100727558136,0.9940192769281566,0.30065208673477173,3530,0.021020852,-0.0014820373991824454
727040,200.0,1139,355,-182.54496807999996,637,0.0003,0.2,-0.21610006131231785,0.5457325203111395,0.13505859375,-0.007824331521987915,0.9975866582244635,0.29960396885871887,3540,0.017364737,0.0037693863152526317
729088,200.0,1139,356,-184.84432360000002,639,0.0003,0.2,-0.21370289660990238,2.9351799205876885,0.068359375,0.9167518615722656,0.9946916596964002,0.30020758509635925,3550,0.0066595995,0.003166065786354011
731136,200.0,1140,357,-178.433697,641,0.0003,0.2,-0.21252574771642685,5.167223414347973,0.0900390625,0.19560614228248596,0.9854914750903845,0.2979243993759155,3560,0.013101149,-0.002676953391346615
733184,200.0,1140,358,-180.44598355000002,642,0.0003,0.2,-0.20765357837080956,2.7480808578198777,0.09736328125,0.4574475586414337,0.9958885214291513,0.2974106967449188,3570,0.008939717,-0.0021608802358969114
735232,200.0,1140,359,-176.59456768999996,644,0.0003,0.2,-0.20773496180772782,3.904671130829956,0.13125,1.603018045425415,0.9847318399697542,0.29792580008506775,3580,0.018506225,-0.0016479194840940182
737280,200.0,1141,360,-182.12922665000002,646,0.0003,0.2,-0.20285784304142,0.9336006935918704,0.118603515625,0.48594218492507935,0.9989760834723711,0.29551902413368225,3590,0.0074665854,-0.0019158184848492965
739328,200.0,1141,361,-174.65932955000005,647,0.0003,0.2,-0.19942790307104588,1.4658059671521186,0.12666015625,0.2779262065887451,0.9982514277799055,0.2948134243488312,3600,0.008751474,-0.00030495055580104236
741376,200.0,1141,362,-179.8140833,649,0.0003,0.2,-0.18934900984168052,2.1696548224310392,0.173828125,0.19212573766708374,0.9901388762518764,0.2905418872833252,3610,0.01343127,0.0017465439981606324
743424,200.0,1142,363,-179.43243194000001,650,0.0003,0.2,-0.1780136287212372,7.4968006510753185,0.098486328125,0.6452675461769104,0.9840890262275934,0.2878543436527252,3620,0.0068939896,-0.003920309115710552
745472,200.0,1142,364,-178.73063296,652,0.0003,0.2,-0.16024990230798722,3.20513809195254,0.10166015625,0.06916894763708115,0.990402540192008,0.279232382774353,3630,0.013728417,-0.0025005242438055574
747520,200.0,1142,365,-171.91418526,654,0.0003,0.2,-0.1491377130150795,0.5944109907839448,0.19873046875,0.15028531849384308,0.998747092555277,0.2824985980987549,3640,0.029825948,0.008026056392554892
749568,200.0,1142,366,-170.92823898999998,655,0.0003,0.2,-0.1542613685131073,6.48591433771071,0.200830078125,1.6037496328353882,0.9774522334337234,0.28210142254829407,3650,0.023965828,0.00684088976267958
751616,200.0,1143,367,-171.14973608000003,657,0.0003,0.2,-0.1534651257097721,0.636079442454502,0.13037109375,0.14951181411743164,0.9991232826723717,0.2817794382572174,3660,0.014015643,0.001505647572048474
753664,200.0,1143,368,-178.83536422999998,659,0.0003,0.2,-0.15369513668119908,8.505956278322264,0.084716796875,4.196635723114014,0.9842681214213371,0.28221067786216736,3670,0.0072346316,-2.084939478663728e-06
755712,200.0,1143,369,-171.22859372,660,0.0003,0.2,-0.15501069873571396,1.885278717149049,0.07734375,0.11205489188432693,0.9963336235377938,0.28402313590049744,3680,0.00634721,0.0007340288517298177
757760,200.0,1143,370,-175.01905059,662,0.0003,0.2,-0.15665519312024118,0.368858507371624,0.155908203125,0.049736201763153076,0.9968101205304265,0.2812636196613312,3690,0.023770288,0.004760021057882114
759808,200.0,1144,371,-180.80849046,664,0.0003,0.2,-0.15143961869180203,4.3894477081252266,0.04716796875,0.2577025890350342,0.988012220710516,0.28064942359924316,3700,0.0037577553,-0.0010026972769992426
761856,200.0,1144,372,-179.11762225,665,0.0003,0.2,-0.14928132556378843,1.721605239971541,0.12236328125,0.1826632171869278,0.995910715777427,0.2807667553424835,3710,0.0076349415,-0.000558179750078125
763904,200.0,1144,373,-187.14492160999998,667,0.0003,0.2,-0.14791078716516495,10.52526211310178,0.0693359375,1.7379993200302124,0.9916396737098694,0.28071966767311096,3720,0.0075032683,-0.002094401563590509
765952,200.0,1145,374,-185.27743643999995,668,0.0003,0.2,-0.14566355310380458,2.4963414107216524,0.0865234375,0.5839613080024719,0.9941554176621139,0.2783315181732178,3730,0.0072452486,-0.001499985237387591
768000,200.0,1145,375,-185.50122457999998,670,0.0003,0.2,-0.13946116715669632,5.3142722201300785,0.087841796875,0.502383828163147,0.992868535220623,0.2770434021949768,3740,0.006776111,0.001888775832776446
770048,200.0,1145,376,-181.90079609000003,671,0.0003,0.2,-0.13377444595098495,2.329428187943995,0.164697265625,2.1595137119293213,0.987803895957768,0.2763277292251587,3750,0.036490873,0.00742603675898863
772096,200.0,1146,377,-177.70075268,673,0.0003,0.2,-0.13390057310461997,1.2520290006650612,0.157373046875,0.10394124686717987,0.9976951426360756,0.27797842025756836,3760,0.016521927,0.003730733130214503
774144,200.0,1146,378,-174.05331921999996,675,0.0003,0.2,-0.13183569498360156,0.3902706149441656,0.137744140625,0.1907685250043869,0.9984185738721862,0.2734268009662628,3770,0.026589084,-0.003146911748444836
776192,200.0,1146,379,-172.99543028000005,676,0.0003,0.2,-0.12314403057098389,8.816599095845595,0.074853515625,0.2622924745082855,0.9819267950952053,0.2744762897491455,3780,0.0052252132,-0.0023501738985942213
778240,200.0,1147,380,-162.25582799999998,678,0.0003,0.2,-0.12735693641006945,8.524809095438105,0.237255859375,2.633430004119873,0.9742947444319725,0.274324893951416,3790,0.025056962,0.004667779159626661
780288,200.0,1147,381,-162.67875526999998,679,0.0003,0.2,-0.1327206615358591,0.2558712173558888,0.18564453125,0.11343912780284882,0.9974892395548522,0.27890458703041077,3800,0.046379242,0.001655734246742213
782336,200.0,1147,382,-158.68682689,681,0.0003,0.2,-0.1445069272071123,6.52162534352392,0.05703125,0.5875903367996216,0.9940169677138329,0.2813054919242859,3810,0.007867349,-0.0033134119235910474
784384,200.0,1148,383,-161.53809048000002,683,0.0003,0.2,-0.15309317037463188,10.709809366072296,0.052783203125,14.52662181854248,0.9909001067280769,0.2828995883464813,3820,0.004338797,0.001415024185553193
786432,200.0,1148,384,-165.99409572999997,684,0.0003,0.2,-0.15631334036588668,12.511346380785108,0.0349609375,4.478920936584473,0.9884697571396828,0.2826523184776306,3830,0.0044545317,-0.0020190779550830484
788480,200.0,1148,385,-168.26135060000001,686,0.0003,0.2,-0.15077932737767696,6.594722257228568,0.133251953125,0.40450456738471985,0.9888287046924233,0.28027334809303284,3840,0.00930928,0.0005612357694189995
790528,200.0,1149,386,-160.44059441,687,0.0003,0.2,-0.14402737580239772,12.739260818250477,0.17958984375,5.64095401763916,0.9885810213163495,0.27822625637054443,3850,0.0054623443,-0.002222844664356671
792576,200.0,1149,387,-162.82248742,689,0.0003,0.2,-0.13507162630558014,2.1657865441578905,0.122998046875,0.07926248013973236,0.9719026573002338,0.2756623923778534,3860,0.005844501,0.003940996443270705
794624,200.0,1149,388,-162.44359445999999,691,0.0003,0.2,-0.1343412607908249,1.8950616191141307,0.1310546875,1.3151333332061768,0.9959781323559582,0.27877628803253174,3870,0.014390105,0.0024733039588682006
796672,200.0,1149,389,-172.25619697999994,692,0.0003,0.2,-0.14015778824687003,1.294650758942589,0.151318359375,0.22997675836086273,0.9959860243834555,0.2778472304344177,3880,0.023133166,-0.00018276030968991108
798720,200.0,1150,390,-171.74882245999999,694,0.0003,0.2,-0.13832686357200147,4.128955338476226,0.076123046875,0.9791723489761353,0.9881771579384804,0.27690407633781433,3890,0.010595413,0.00011814350364147685
800768,200.0,1149,391,-163.98275604000003,696,0.0003,0.2,-0.158830738440156,0.5956373079854529,0.1470703125,0.09990342706441879,0.9978968412615359,0.2911435663700104,3900,0.015664855,-0.005351266999787186
802816,200.0,1149,392,-172.34853532,698,0.0003,0.2,-0.18112216293811798,1.8935767728311474,0.093896484375,0.3441152572631836,0.9873721646144986,0.28634026646614075,3910,0.004554623,0.004991912300465628
804864,200.0,1149,393,-172.64323318000004,700,0.0003,0.2,-0.16892790533602237,5.814771507238038,0.075439453125,0.11745695769786835,0.9916542395949364,0.28668877482414246,3920,0.009174403,0.00040664949337951837
806912,200.0,1149,394,-174.49081848000003,702,0.0003,0.2,-0.17037667334079742,0.617519681819249,0.0951171875,0.092530257999897,0.9988886307692155,0.2883417308330536,3930,0.021345973,-0.00015477931665373035
808960,200.0,1148,395,-169.40882550999999,704,0.0003,0.2,-0.18463139198720455,2.1345691645052285,0.088427734375,0.24992677569389343,0.9982302765129134,0.29281261563301086,3940,0.0075597707,0.0005632143562252168
811008,200.0,1148,396,-175.22576612999998,706,0.0003,0.2,-0.18846143297851087,1.1314505346061197,0.130322265625,0.13808229565620422,0.989405021071434,0.2914547324180603,3950,0.008144831,0.000984237282682443
813056,200.0,1148,397,-175.17275983000002,708,0.0003,0.2,-0.18415112495422364,0.4729895891767228,0.121630859375,0.1703399419784546,0.9993072177749127,0.2895313799381256,3960,0.0123504475,-0.0006186427341162926
815104,200.0,1147,398,-170.52614117000005,710,0.0003,0.2,-0.18258464485406875,4.583969187783078,0.076416015625,0.07898624241352081,0.988731911405921,0.2911941707134247,3970,0.01315555,-0.003461941800196655
817152,200.0,1147,399,-174.20988359999998,712,0.0003,0.2,-0.1955833572894335,0.7658020805247361,0.17724609375,0.09096638113260269,0.9983410944696516,0.29679760336875916,3980,0.027277496,0.0006621218592044898
819200,200.0,1147,400,-176.97576839999994,713,0.0003,0.2,-0.2117013555020094,0.5472859550733119,0.169873046875,0.067125603556633,0.9986577384406701,0.3007819652557373,3990,0.019249719,-0.0026098021320649424
821248,200.0,1146,401,-178.61937304,715,0.0003,0.2,-0.21824446581304074,3.649250649358146,0.05654296875,0.09641136974096298,0.9875084329396486,0.30180609226226807,4000,0.00790532,-0.0014247718485421502
823296,200.0,1146,402,-168.95417006,718,0.0003,0.2,-0.22028597295284272,3.151286319619976,0.086865234375,0.28531163930892944,0.9962362335063517,0.3007020056247711,4010,0.013283216,-0.0034592101470479974
825344,200.0,1146,403,-175.65526963999997,719,0.0003,0.2,-0.21665404066443444,4.213774065952748,0.103173828125,0.31847652792930603,0.9836614169180393,0.3006493151187897,4020,0.006775439,0.0018319546376005746
827392,200.0,1146,404,-174.62269973,721,0.0003,0.2,-0.2265513226389885,0.9086541329161264,0.090625,0.07827942073345184,0.9972915889229625,0.3073321580886841,4030,0.019515665,0.0025815259970840996
829440,200.0,1145,405,-179.65343663,723,0.0003,0.2,-0.23465874046087265,2.143104757135734,0.0787109375,1.6142338514328003,0.9969914304092526,0.3040468096733093,4040,0.006958018,-0.0027239092905801954
831488,200.0,1145,406,-176.92018756999997,725,0.0003,0.2,-0.22666793689131737,3.137550053023733,0.03779296875,1.0827300548553467,0.9919871678575873,0.3027883470058441,4050,0.0041541746,-0.002085614328098018
833536,200.0,1144,407,-180.16757951,728,0.0003,0.2,-0.2269987899810076,11.073950894514564,0.0859375,6.0519232749938965,0.9813953917473555,0.30481767654418945,4060,0.0091806585,-0.0004438851596205495
835584,200.0,1144,408,-178.70720248000006,730,0.0003,0.2,-0.23291059471666814,1.2051033243071287,0.075830078125,0.140666663646698,0.9980649143690243,0.3063887655735016,4070,0.0061774673,-0.0007494225395930698
837632,200.0,1141,409,-180.83749360000002,733,0.0003,0.2,-0.23623641915619373,1.911474037100561,0.12666015625,0.15037088096141815,0.9946547169238329,0.3052021563053131,4080,0.00804772,-2.836477906384971e-05
839680,200.0,1140,410,-184.78783564000003,736,0.0003,0.2,-0.2352049358189106,1.62476909464458,0.06689453125,0.1624230593442917,0.9979801375884563,0.3071134090423584,4090,0.008294153,-0.002791616426111432
841728,200.0,1140,411,-184.11581933000002,738,0.0003,0.2,-0.23853052146732806,6.266682822536677,0.085205078125,0.6570016145706177,0.991061594337225,0.30696210265159607,4100,0.011697017,-0.001124139667081181
843776,200.0,1139,412,-186.42181748000002,740,0.0003,0.2,-0.24138679020106793,2.424036743317265,0.087646484375,0.45984533429145813,0.997037848457694,0.310190886259079,4110,0.010313353,0.0010577335800917354
845824,200.0,1138,413,-183.75226572,743,0.0003,0.2,-0.24220171198248863,0.6927549156651367,0.160107421875,0.005413899198174477,0.9983038768405095,0.30670905113220215,4120,0.010777196,-0.0004884607391431927
847872,200.0,1137,414,-179.057972,745,0.0003,0.2,-0.2342893272638321,2.6295525351772087,0.057666015625,0.14177824556827545,0.9921891302801669,0.30540063977241516,4130,0.0067876214,0.0004466089958441444
849920,200.0,1137,415,-180.47069750999998,747,0.0003,0.2,-0.22941634878516198,6.489739816240035,0.08203125,5.530098915100098,0.988876374438405,0.30302515625953674,4140,0.006411517,0.002439749859331641
851968,200.0,1136,416,-182.76666452999999,749,0.0003,0.2,-0.2242984004318714,1.3435391544364392,0.12109375,0.1817079335451126,0.9838962107896805,0.30222460627555847,4150,0.013229299,0.002563889378507156
854016,200.0,1135,417,-180.34159383,752,0.0003,0.2,-0.22901773527264596,0.7403886815416627,0.087744140625,0.04724576696753502,0.9980171727947891,0.30515268445014954,4160,0.017172165,0.004685391955717932
856064,200.0,1134,418,-180.43553677999998,754,0.0003,0.2,-0.22706407979130744,0.8675093846162781,0.103759765625,0.041186582297086716,0.9979052334092557,0.30127233266830444,4170,0.008588821,-0.0030214703176170586
858112,200.0,1134,419,-169.66448540999997,756,0.0003,0.2,-0.21218276619911194,4.283745083771646,0.183203125,0.35779276490211487,0.9919383795931935,0.29673025012016296,4180,0.007465063,0.00232681680136011
860160,200.0,1134,420,-163.45273024000002,758,0.0003,0.2,-0.2081232950091362,1.0562886264990083,0.120703125,0.0758063942193985,0.9899362456053495,0.29852166771888733,4190,0.011726307,0.0003416821029532002
862208,200.0,1134,421,-156.51333101999998,760,0.0003,0.2,-0.20261330381035805,0.6945763477124274,0.092431640625,0.15298226475715637,0.9961922219954431,0.29419273138046265,4200,0.011922553,0.00047154499625321475
864256,200.0,1133,422,-160.94573297,762,0.0003,0.2,-0.18885899744927884,0.4467354069813155,0.12265625,0.012569582089781761,0.9984641212504357,0.28987976908683777,4210,0.008217191,-0.0017767496890883194
866304,200.0,1133,423,-158.66302097,764,0.0003,0.2,-0.1775575876235962,1.4380639250855893,0.099755859375,0.339179128408432,0.9989953385666013,0.2878282964229584,4220,0.008825955,-0.005923644474205503
868352,200.0,1132,424,-156.38907971,766,0.0003,0.2,-0.16903187446296214,1.0829217305756174,0.123779296875,0.11521787941455841,0.9987107408232987,0.2852240800857544,4230,0.008977361,-0.004058409122080775
870400,200.0,1132,425,-153.71752439000002,768,0.0003,0.2,-0.16119703464210033,3.130452278989833,0.091650390625,0.09394694864749908,0.9909909954294562,0.28327852487564087,4240,0.015216626,-0.0011565888322365935
872448,200.0,1132,426,-154.14379620000003,770,0.0003,0.2,-0.15423364378511906,0.3803073318980751,0.152978515625,0.013193318620324135,0.9976157722994685,0.2809268534183502,4250,0.014739434,-0.0014352486588904867
874496,200.0,1131,427,-155.79508687999999,772,0.0003,0.2,-0.14724401272833348,5.1421141537604855,0.04990234375,2.7538397312164307,0.9926689104177058,0.27943357825279236,4260,0.008734448,0.0002616738664073637
876544,200.0,1131,428,-150.83044973999998,774,0.0003,0.2,-0.13390368036925793,0.5099814416025765,0.11728515625,0.26855766773223877,0.9970223428681493,0.27296385169029236,4270,0.018280193,0.006359027130383765
878592,200.0,1131,429,-163.63351352,776,0.0003,0.2,-0.12107505947351456,0.6887995632947422,0.109765625,0.12336838245391846,0.9963402859866619,0.27328628301620483,4280,0.009614274,-0.0006214207802258898
880640,200.0,1131,430,-165.59846656,778,0.0003,0.2,-0.12152350135147572,13.960995354410262,0.065869140625,3.600454330444336,0.9905189285054803,0.2728942334651947,4290,0.005771704,-0.004648587235351442
882688,200.0,1131,431,-166.75164735,780,0.0003,0.2,-0.11840149872004986,0.39892017071833835,0.08662109375,0.1647965908050537,0.9992330602835864,0.2714567184448242,4300,0.013314914,-0.0015309676287870388
884736,200.0,1131,432,-155.18268182,782,0.0003,0.2,-0.1167582780122757,8.378899492823985,0.072314453125,6.033568859100342,0.9833555463701487,0.27265530824661255,4310,0.010956781,-0.0002519808898796327
886784,200.0,1130,433,-157.90562581999998,784,0.0003,0.2,-0.13499808236956595,0.24910157954873285,0.176953125,0.0033736461773514748,0.9987106181215495,0.2797864079475403,4320,0.008779993,0.008953948353519082
888832,200.0,1130,434,-159.36046771999997,785,0.0003,0.2,-0.14179705493152142,5.615933840651996,0.07314453125,2.1028387546539307,0.9906085291877389,0.27827188372612,4330,0.0075823762,-0.0019481047442241107
890880,200.0,1130,435,-161.74255459,787,0.0003,0.2,-0.13894705064594745,0.8860384448023979,0.098828125,0.25288963317871094,0.997221760218963,0.2788337767124176,4340,0.011187956,0.0015849308216274948
892928,200.0,1130,436,-157.71027548,789,0.0003,0.2,-0.13660362027585507,1.9449468106438872,0.071484375,1.0714470148086548,0.9941794401966035,0.27588412165641785,4350,0.012634477,-0.0036938752982678125
894976,200.0,1130,437,-156.50202319,791,0.0003,0.2,-0.1317763678729534,1.235693853846169,0.13896484375,0.5480285286903381,0.9944986663758755,0.27575621008872986,4360,0.026344918,-0.0003437185936491005
897024,200.0,1130,438,-152.44216298,793,0.0003,0.2,-0.12770820707082747,2.6601955416845158,0.1009765625,0.027864152565598488,0.9715323410928249,0.2738526165485382,4370,0.0064111403,0.0022638927592197435
899072,200.0,1130,439,-153.7689228,795,0.0003,0.2,-0.1190780907869339,2.618480788078159,0.111962890625,0.14264650642871857,0.9886646717786789,0.27043893933296204,4380,0.009388203,0.002418834899435751
901120,200.0,1130,440,-158.9848269,797,0.0003,0.2,-0.10936679430305958,15.436105734389276,0.024853515625,2.9798154830932617,0.9848132599145174,0.26931631565093994,4390,0.0018211985,-0.0010462733371241484
903168,200.0,1129,441,-160.04790838,799,0.0003,0.2,-0.10328693054616452,1.5081262939609588,0.111181640625,0.5595012903213501,0.9963799740653485,0.26764532923698425,4400,0.017405208,0.0007577274242066778
905216,200.0,1129,442,-170.81374622000004,801,0.0003,0.2,-0.09677030071616173,3.811180593725294,0.05390625,1.1925814151763916,0.9901684131473303,0.26526522636413574,4410,0.0061371736,-0.0024558229932154065
907264,200.0,1129,443,-169.49360187,803,0.0003,0.2,-0.09047218859195709,14.111017375439406,0.05654296875,6.545626163482666,0.9930722522549331,0.26452386379241943,4420,0.0043873796,-0.005065773136448115
909312,200.0,1129,444,-168.84728444999996,804,0.0003,0.2,-0.08605718277394772,1.4410922419527197,0.13525390625,0.3380087614059448,0.9954555844888091,0.26267316937446594,4430,0.08660632,-0.0007806434980011546
911360,200.0,1129,445,-170.35525027,806,0.0003,0.2,-0.09146346300840377,0.9832453149370849,0.10009765625,0.3527226746082306,0.9959655781276524,0.26796236634254456,4440,0.0100126825,0.0023995481118618046
913408,200.0,1129,446,-169.42643985999996,808,0.0003,0.2,-0.09832512885332108,4.891147536598146,0.06162109375,0.5106108784675598,0.9931114250794053,0.26596933603286743,4450,0.008228641,-0.00246855137302191
915456,200.0,1129,447,-174.36400027,810,0.0003,0.2,-0.08938426934182644,7.942265625984874,0.111083984375,19.15525245666504,0.991594442166388,0.26274216175079346,4460,0.011669122,0.0036475915119808635
917504,200.0,1128,448,-171.58350023999995,812,0.0003,0.2,-0.08618859350681304,1.1921400235733017,0.09580078125,0.43676331639289856,0.9963309906888753,0.2659986913204193,4470,0.017481321,0.0021973586417516344
919552,200.0,1128,449,-162.52442216999998,814,0.0003,0.2,-0.09440680481493473,18.500106317002793,0.110205078125,11.782598495483398,0.9829472005367279,0.26526591181755066,4480,0.017646102,0.001235905495195766
921600,200.0,1128,450,-160.40566394,816,0.0003,0.2,-0.08263505175709725,2.481570169283077,0.10009765625,0.20898881554603577,0.9931170293129981,0.25965338945388794,4490,0.010838355,-0.001917633977427613
923648,200.0,1128,451,-153.69410764,818,0.0003,0.2,-0.06150946728885174,1.5851913103586412,0.132666015625,0.18196573853492737,0.982602909207344,0.2552025318145752,4500,0.013662984,-4.2278527689632026e-05
925696,200.0,1128,452,-151.75557214,820,0.0003,0.2,-0.050158698484301566,1.4666724942158909,0.133544921875,0.16740931570529938,0.9973815814591944,0.25302407145500183,4510,0.010380464,0.0031281659179512645
927744,200.0,1128,453,-148.05905270000002,822,0.0003,0.2,-0.04461248256266117,2.079913451819448,0.192724609375,0.041538722813129425,0.9883471094071865,0.25414174795150757,4520,0.015583976,-2.946589083876461e-05
929792,200.0,1127,454,-145.63124154000002,824,0.0003,0.2,-0.05109878219664097,11.885243653296493,0.155810546875,0.21752098202705383,0.9812062550336123,0.2538357973098755,4530,0.005982928,0.002937908412422985
931840,200.0,1127,455,-146.97926607000002,826,0.0003,0.2,-0.05634963698685169,1.719803283730289,0.1287109375,0.25476861000061035,0.9939827295020223,0.2593115270137787,4540,0.015662096,0.0019499117035593372
933888,200.0,1127,456,-140.23212103999998,828,0.0003,0.2,-0.07261112369596959,1.1521636706544087,0.152978515625,0.2202102243900299,0.9943821127526462,0.26176342368125916,4550,0.027511388,0.004993090198695427
935936,200.0,1127,457,-135.83583453,829,0.0003,0.2,-0.08414811193943024,0.2211154982484004,0.17578125,0.14842775464057922,0.9976286750752479,0.2640174925327301,4560,0.018323716,0.001974463748774724
937984,200.0,1127,458,-142.38133611000003,831,0.0003,0.2,-0.08099809139966965,0.8179884838464204,0.106640625,0.06461958587169647,0.9926372719928622,0.2628108561038971,4570,0.011525717,-0.00025714231596793977
940032,200.0,1127,459,-146.56131317999998,833,0.0003,0.2,-0.08449419662356376,1.1307200072915293,0.080224609375,0.19833362102508545,0.9963866043835878,0.2641441226005554,4580,0.010789749,0.003116337519895751
942080,200.0,1127,460,-150.05254887000004,835,0.0003,0.2,-0.07729056105017662,1.1129194042179733,0.055078125,0.24999313056468964,0.9918411029502749,0.25822824239730835,4590,0.0077971118,0.0007303241254703607
944128,200.0,1127,461,-148.75437321,837,0.0003,0.2,-0.05745201297104359,1.9830594861181452,0.06943359375,0.1822357475757599,0.9913234245032072,0.2536015808582306,4600,0.0039437143,-0.0014450509064772633
946176,200.0,1127,462,-159.07610362000003,839,0.0003,0.2,-0.04773176982998848,2.3492431895167103,0.1490234375,0.2803632915019989,0.9971901865210384,0.25376370549201965,4610,0.02339669,-0.0019921805371268418
948224,200.0,1126,463,-155.64662126000002,841,0.0003,0.2,-0.04254625216126442,3.8989314461592586,0.080859375,0.3170894384384155,0.9924324252642691,0.2507554590702057,4620,0.0058956044,-0.0037367373530287295
950272,200.0,1126,464,-161.66281217,843,0.0003,0.2,-0.03933831676840782,0.3582601372385398,0.15576171875,0.1108376681804657,0.9986334118293598,0.25303390622138977,4630,0.038989842,-0.005789017204369884
952320,200.0,1126,465,-166.76471525999997,845,0.0003,0.2,-0.04529720619320869,64.88671488463879,0.13671875,42.10389709472656,0.9345232844352722,0.25295290350914,4640,0.0020541418,0.00016261546988971531
954368,200.0,1126,466,-173.91306321,847,0.0003,0.2,-0.052938177809119226,1.2905847157759127,0.12490234375,0.25393790006637573,0.9971593432128429,0.2578299939632416,4650,0.017477069,0.0028484389556979297
956416,200.0,1126,467,-171.82529111,849,0.0003,0.2,-0.04568859785795212,0.5532686186692445,0.163623046875,0.1412927806377411,0.9967036386951804,0.24804505705833435,4660,0.011341222,0.002405282530526165
958464,200.0,1126,468,-165.32131454999998,851,0.0003,0.2,-0.021395644918084145,2.827895839774283,0.130859375,1.4661476612091064,0.9826910886913538,0.24724875390529633,4670,0.0073183607,0.0004219147616822738
960512,200.0,1126,469,-166.15977751999998,852,0.0003,0.2,-0.015872731059789657,0.8819396260834764,0.084130859375,0.15806661546230316,0.9919084096327424,0.24364320933818817,4680,0.011008549,-0.0009117487708863337
962560,200.0,1126,470,-169.52706543999997,854,0.0003,0.2,-0.006106933951377869,25.607633495423944,0.091064453125,7.8231987953186035,0.9741264823824167,0.24296307563781738,4690,0.0066241827,-0.004922304304272984
964608,200.0,1125,471,-165.51676937,856,0.0003,0.2,-0.008244587481021881,2.8908087092451753,0.090869140625,0.16945983469486237,0.984729035757482,0.244969442486763,4700,0.0137436045,-0.0010722073580836876
966656,200.0,1125,472,-158.08730760999998,858,0.0003,0.2,-0.0035925231873989104,1.3413670089212246,0.10126953125,0.544405460357666,0.9899719636887312,0.24043159186840057,4710,0.014806471,0.0015571039912174456
968704,200.0,1125,473,-160.60956927000004,860,0.0003,0.2,0.0066083412617444996,0.49488145276263823,0.146728515625,0.09776502847671509,0.998082013335079,0.23969966173171997,4720,0.015515279,0.0024561153375543656
970752,200.0,1125,474,-159.46298822999998,862,0.0003,0.2,0.00044325143098831175,1.0425112626282498,0.097900390625,0.5216229557991028,0.99705965584144,0.24370145797729492,4730,0.025367007,-0.006642602515057661
972800,200.0,1125,475,-148.48755441,864,0.0003,0.2,-0.0004451703280210495,1.0998397574177943,0.153466796875,0.09563995152711868,0.9948029699735343,0.24143095314502716,4740,0.0111803245,0.0045815920922905205
974848,200.0,1125,476,-150.04204071,866,0.0003,0.2,0.006683748587965966,0.33204288151464423,0.16708984375,0.04157821834087372,0.9993249668623321,0.23890608549118042,4750,0.012059102,0.0002361036506044911
976896,200.0,1125,477,-153.35534399000002,868,0.0003,0.2,0.01825001910328865,4.018327141157352,0.0912109375,1.7250896692276,0.9920311458408833,0.23674075305461884,4760,0.0113231,-0.0001254450653505046
978944,200.0,1125,478,-147.86924019,869,0.0003,0.2,0.02138116806745529,0.8275733811344252,0.160009765625,0.19479167461395264,0.9941061628051102,0.23665791749954224,4770,0.00944021,0.001357575599104166
980992,200.0,1125,479,-146.96601334,871,0.0003,0.2,0.020311781018972398,0.2024985418520373,0.14873046875,0.05654538795351982,0.998422707663849,0.23777054250240326,4780,0.027106594,0.0028216525628522505
983040,200.0,1125,480,-146.34249799,873,0.0003,0.2,0.01654042527079582,1.9265990687534214,0.073095703125,0.07320760190486908,0.9912288300693035,0.23840782046318054,4790,0.00898247,-0.0058568529559124725
985088,200.0,1125,481,-149.14593866000004,875,0.0003,0.2,0.019090991094708444,1.314364071819,0.058642578125,0.6991785764694214,0.9978060314897448,0.23649071156978607,4800,0.0066132555,-0.0031667222785472402
987136,200.0,1124,482,-146.4805563,877,0.0003,0.2,0.021982244774699213,32.800000542541966,0.049462890625,1.0017391443252563,0.9621279574930668,0.23700068891048431,4810,0.0023764612,-0.001034997576425667
989184,200.0,1124,483,-144.5033316,879,0.0003,0.2,0.025789578258991242,0.5658694237761666,0.137255859375,0.06133545562624931,0.9948145924136043,0.234135240316391,4820,0.014161762,0.003926168434554711
991232,200.0,1124,484,-145.83619266,881,0.0003,0.2,0.02579033114016056,1.8013019441044889,0.08828125,0.08970153331756592,0.9883178761228919,0.2392556518316269,4830,0.0079422295,-0.007191270856856136
993280,200.0,1124,485,-150.8987655,883,0.0003,0.2,0.014858810603618622,3.3550436643650756,0.093115234375,0.1027938574552536,0.9885531067848206,0.23713305592536926,4840,0.017883174,0.0013480151144904084
995328,200.0,1124,486,-155.2203905,885,0.0003,0.2,0.018521754071116447,22.30316759645939,0.03564453125,1.5985758304595947,0.9755838122218847,0.23810641467571259,4850,0.011254906,-0.0027575845873798245
997376,200.0,1124,487,-160.21488499999998,887,0.0003,0.2,0.014918318763375283,14.13457434438169,0.0333984375,3.1198878288269043,0.9870996112003922,0.23863878846168518,4860,0.0061453623,-0.0030178434088156793
999424,200.0,1123,488,-171.99278456000005,889,0.0003,0.2,0.011088502779603004,2.5490672495041506,0.118896484375,0.11056151986122131,0.9940583766438067,0.23962177336215973,4870,0.012552071,0.005648336794547504
1001472,200.0,1123,489,-166.39634695,891,0.0003,0.2,0.007353748381137848,4.1289192797150465,0.07236328125,0.4563851058483124,0.9937045564875007,0.2415274977684021,4880,0.005705157,-0.002995245292004256
